track,query,in_window,court_id,case_name,docket_number,petition_date,docket_id,recap_doc_id,entry_date,document_number,attachment_number,role_guess,filing_type_guess,retained_by_guess,firm_guess,description,short_description,is_available,page_count,filepath_local,doc_url,docket_url,snippet
A_universe,claims agent retention,True,deb,AGDP Holding Inc. and Hooman Yazhari,25-11446,2025-08-04,71012535,447925238,2025-08-04,4,,claims_agent,retention_application,unknown,,"Application to Appoint Claims/Noticing Agent KURTZMAN CARSON CONSULTANTS, LLC Filed By AGDP Holding Inc. (Saruk, Evan) (Entered: 08/04/2025)",Application to Appoint Claims/Noticing Agent (BF),False,,,https://www.courtlistener.com/docket/71012535/4/agdp-holding-inc/,https://www.courtlistener.com/docket/71012535/agdp-holding-inc-and-hooman-yazhari/,
A_universe,claims agent retention,True,deb,AGDP Holding Inc. and Hooman Yazhari,25-11446,2025-08-04,71012535,448133514,2025-08-05,35,,claims_agent,order,unknown,,"Order Appointing Kurtzman Carson Consultants, LLC dba Verita Global as Claims and Noticing Agent Effective as of the Petition Date (Related Doc # 4) Signed on 8/5/2025. (LMC) (Entered: 08/05/2025)",Application to Appoint Claims/Noticing Agent,False,,,https://www.courtlistener.com/docket/71012535/35/agdp-holding-inc/,https://www.courtlistener.com/docket/71012535/agdp-holding-inc-and-hooman-yazhari/,
A_universe,claims agent retention,True,deb,"Accelerate Diagnostics, Inc.",25-10837,2025-05-08,70209394,438878249,2025-05-08,9,,claims_agent,retention_application,unknown,,"Application to Appoint Claims/Noticing Agent STRETTO Filed By Accelerate Diagnostics, Inc. (Attachments: # 1 Exhibit A # 2 Exhibit B)(Sawyer, Casey) (Entered: 05/08/2025)",Application to Appoint Claims/Noticing Agent,False,,,https://www.courtlistener.com/docket/70209394/9/accelerate-diagnostics-inc/,https://www.courtlistener.com/docket/70209394/accelerate-diagnostics-inc/,
A_universe,claims agent retention,True,deb,"Accelerate Diagnostics, Inc.",25-10837,2025-05-08,70209394,439211375,2025-05-12,52,,claims_agent,order,unknown,"and Appointment of Stretto, Inc","Order Authorizing Retention and Appointment of Stretto, Inc. as Claims and Noticing Agent (Related Doc # 9) Order Signed on 5/12/2025. (Attachments: # 1 Exhibit 1: Engagement Agreement) (Mml) (Entered: 05/12/2025)",Application to Appoint Claims/Noticing Agent,False,,,https://www.courtlistener.com/docket/70209394/52/accelerate-diagnostics-inc/,https://www.courtlistener.com/docket/70209394/accelerate-diagnostics-inc/,
A_universe,claims agent retention,True,deb,"Accelerate Diagnostics, Inc.",25-10837,2025-05-08,70209394,439723046,2025-05-15,78,,claims_agent,order,debtor,"and Appointment of Stretto, Inc","Affidavit/Declaration of Service re: Debtors Motion for Entry of an Order Authorizing the Joint Administration of the Debtors Chapter 11 Cases (Docket No. 3), Debtors Motion for Entry of an Order (I) Waiving the Requirements to File a List of, and Provide Notice to, All Equity Holders, (II) Authorizing the Debtors to (A) File a Consolidated List of Creditors in Lieu of Submitting a Separate Mailing Matrix for Each Debtor, (B) File a Consolidated List of the Debtors Thirty Largest Unsecured Creditors, (C) File Under Seal Portions of the Creditor Matrix and Other Filings Containing Certain Personal Identification Information, and (III) Granting Related Relief (Docket No. 4), Debtors Motion for Entry of Order (I) Restating and Enforcing Protections of 11 U.S.C. §§ 362, 365, 525 and 541(c), (II) Approving Notice Related to Non-Debtor Affiliates, and (III) Granting Related Relief (Docket No. 5), Debtors Motion for Entry of Interim and Final Orders (I) Authorizing the Payment of Certain Taxes and Fees and (II) Granting Related Relief (Docket No. 6), Debtors Motion for Entry of Interim and Final Orders (I) Prohibiting Utility Providers from Discontinuing, Altering, or Refusing Service, (II) Deeming Utility Providers to Have Adequate Assurance of Future Payment, (III) Establishing Procedures for Resolving Requests for Additional Assurance and (IV) Granting Related Relief (Docket No. 7), Debtors Motion for Entry of Interim and Final Orders (I) Approving Notification and Hearing Procedures for Certain Transfers of and Declarations of Worthlessness with Respect to Common Stock and (II) Granting Related Relief (Docket No. 8), Debtors Application for Appointment of Stretto, Inc. as Claims and Noticing Agent (Docket No. 9), Debtors Motion for Entry of Interim and Final Orders (I) Authorizing Debtors to (A) Pay Prepetition Wages, Salaries, Other Compensation, and Reimbursable Expenses and (B) Continue Employee Benefits Programs, and (II) Granting Related Relief (Docket No. 10), Debtors Motion for Entry of Interim and Final Orders (I) Authorizing the Debtors to Pay Certain Prepetition Claims of Certain Critical Vendors and 503(b)(9) Claimants and (II) Granting Related Relief (Docket No. 11), Debtors Motion for Entry of Interim and Final Orders (I) Authorizing (A) Continued Use of the Cash Management System, (B) Maintenance of Bank Accounts and Business Forms, (C) Performance of Intercompany Transactions, and (D) Certain Prepetition Obligations to Be Honored; (II) Granting Administrative Expense Priority Status to Postpetition Intercompany Claims; (III) Waiving Strict Compliance with 11 U.S.C. § 345(b) and Certain Operating Guidelines; and (IV) Granting Related Relief (Docket No. 12), Debtors Motion for Entry of Interim and Final Orders (I) Authorizing the Debtors to Obtain Postpetition Financing, Granting Senior Postpetition Security Interests and According Superpriority Administrative Expense Status Pursuant to Sections 364(c) and 364(d) of the Bankruptcy Code, (II) Authorizing the Use of Cash Collateral, (III) Granting Adequate Protection, (IV) Modifying the Automatic Stay, and (V) Granting Related Relief (Docket No. 13), Declaration of John Cesarz in Support of Debtors Motion for Entry of Interim and Final Orders (I) Authorizing the Debtors to Obtain Postpetition Financing, Granting Senior Postpetition Security Interests and According Superpriority Administrative Expense Status Pursuant to Sections 364(c) and 364(d) of the Bankruptcy Code, (II) Authorizing the Use of Cash Collateral, (III) Granting Adequate Protection, (IV) Modifying the Automatic Stay, and (V) Granting Related Relief (Docket No. 14), Declaration of Jack Phillips in Support of Chapter 11 Petitions and First Day Motions (Docket No. 15), Order Authorizing the Joint Administration of the Debtors Chapter 11 Cases (Docket No. 18), Order Authorizing Retention and Appointment of Stretto, Inc. as Claims and Noticing Agent (Docket No. 52), Interim Order (I) Authorizing the Payment of Certain Taxes and Fees and (II) Granting Related Relief (Docket No. 53), Order (I) Restating and Enforcing Protections of 11 U.S.C. §§ 362, 365, 525, and 541(c), (II) Approving Notice Related to Non-Debtor Affiliates, and (III) Granting Related Relief (Docket No. 55), Interim Order (I) Prohibiting Utility Providers from Discontinuing, Altering, or Refusing Service, (II) Deeming Utility Providers to Have Adequate Assurance of Future Payment, (III) Establishing Procedures for Resolving Requests for Additional Assurance, and (IV) Granting Related Relief (Docket No. 57), Interim Order (I) Authorizing Debtors to (A) Pay Prepetition Wages, Salaries, Other Compensation, and Reimbursable Expenses and (B) Continue Employee Benefits Programs, and (II) Granting Related Relief (Docket No. 59), Interim Order (I) Authorizing the Debtors to Pay Certain Prepetition Claims of Certain Critical Vendors and 503(b)(9) Claimants and (II) Granting Related Relief (Docket No. 60), Interim Order (I) Authorizing (A) Continued Use of the Cash Management System, (B) Maintenance of Bank Accounts and Business Forms, (C) Performance of Intercompany Transactions, and (D) Certain Prepetition Obligations to Be Honored; (II) Granting Administrative Expense Priority Status to Postpetition Intercompany Claims; (III) Waiving Strict Compliance with 11 U.S.C. § 345(b) and Certain Operating Guidelines, as Applicable; and (IV) Granting Related Relief (Docket No. 61), Interim Order (I) Approving Notification and Hearing Procedures for Certain Transfers of and Declarations of Worthlessness with Respect to Common Stock and (II) Granting Related Relief (Docket No. 67), Notice of Interim Order (I) Approving Notification and Hearing Procedures for Certain Transfers of and Declarations of Worthlessness with Respect to Common Stock and (II) Granting Related Relief (substantially in the form of Exhibit 1F to Docket No. 67), Order (I) Waiving the Requirements to File a List of, and Provide Notice to, All Equity Holders, (II) Authorizing the Debtors to (A) File a Consolidated List of Creditors in Lieu of Submitting a Separate Mailing Matrix for Each Debtor, (B) File a Consolidated List of the Debtors Thirty Largest Unsecured Creditors, (C) File Under Seal Portions of the Creditor Matrix and Other Filings Containing Certain Personal Identification Information, and (III) Granting Related Relief (Docket No. 68), Interim Order (I) Authorizing the Debtors to Obtain Postpetition Financing, Granting Senior Postpetition Security Interests and According Superpriority Administrative Expense Status Pursuant to Sections 364(c) and 364(d) of the Bankruptcy Code, (II) Authorizing the Use of Cash Collateral, (III) Granting Adequate Protection, (IV) Modifying the Automatic Stay, and (V) Granting Related Relief (Docket No. 72), Notice of Debtors Motion for Entry of Orders (I)(A) Approving Bidding Procedures for the Sale of All or Substantially All of the Debtors Assets, (B) Authorizing the Debtors Entry Into the Stalking Horse APA, (C) Scheduling an Auction and a Sale Hearing and Approving the Form and Manner of Notice Thereof, (D) Approving Assumption and Assignment Procedures and (E) Granting Related Relief; and (II)(A) Approving the Sale of the Debtors Assets Free and Clear of Liens, Claims, Interests and Encumbrances, (B) Approving the Assumption and Assignment of Executory Contracts and Unexpired Leases and (C) Granting Related Relief (Docket No. 73), Omnibus Notice of First Day Motions and Final Hearing Thereon (Docket No. 74), Second Omnibus Notice of First Day Motions and Final Hearing Thereon (Docket No. 75), Instructional Cover Letter to Nominees, Banks, and Brokers (attached hereto as Exhibit J). Filed by Stretto, Inc.. (related document(s)3, 4, 5, 6, 7, 8, 9, 10, 11, 12, 13, 14, 15, 18, 52, 53, 55, 57, 59, 61, 67, 68, 72, 73, 74, 75) (Betance, Sheryl) (Entered: 05/15/2025)",Affidavit/Declaration of Service,False,,,https://www.courtlistener.com/docket/70209394/78/accelerate-diagnostics-inc/,https://www.courtlistener.com/docket/70209394/accelerate-diagnostics-inc/,
A_universe,claims agent retention,True,deb,"Alachua Government Services, Inc.",25-11289,2025-07-06,70718134,444826167,2025-07-06,4,,claims_agent,retention_application,unknown,,"Application to Appoint Claims/Noticing Agent EPIQ CORPORATE RESTRUCTURING, LLC Filed By Alachua Government Services, Inc. (Merchant, Michael) (Entered: 07/06/2025)",Application to Appoint Claims/Noticing Agent,False,,,https://www.courtlistener.com/docket/70718134/4/alachua-government-services-inc/,https://www.courtlistener.com/docket/70718134/alachua-government-services-inc/,
A_universe,claims agent retention,True,deb,"Alachua Government Services, Inc.",25-11289,2025-07-06,70718134,486555653,2026-07-07,730,,claims_agent,other,unknown,,"Receipt of filing fee for Transfer/Assignment of Claim - Ch 11 with Claims Agent Assigned( 25-11289-JKS) [claims,trclm11] ( 28.00). Receipt Number A12733758, amount $ 28.00. (U.S. Treasury) (Entered: 07/07/2026)",,False,,,https://www.courtlistener.com/docket/70718134/730/alachua-government-services-inc-debtor/,https://www.courtlistener.com/docket/70718134/alachua-government-services-inc/,
A_universe,claims agent retention,True,deb,"Alachua Government Services, Inc.",25-11289,2025-07-06,70718134,486223149,2026-07-14,742,,claims_agent,order,unknown,,"Certificate of Mailing by Claims Agent re: Certification of Counsel with Respect to Stipulation (I) Granting the United States of America an Extension of Time to File (A) a Motion Pursuant to Fed. R. Bankr. P. 3018(a), (B) a Response to the DoD Claim Objection [Docket No. 702], and (C) an Objection to Confirmation of the Combined Disclosure Statement and Plan and (II) Extending the Voting Deadline; Order Approving Stipulation (I) Granting the United States of America an Extension of Time to File (A) a Motion Pursuant to Fed. R. Bankr. P. 3018(a), (B) a Response to the DoD Claim Objection [Docket No. 702], and (C) an Objection to Confirmation of the Combined Disclosure Statement and Plan and (II) Extending the Voting Deadline and Notice of Extension of Voting Deadline. Filed by Epiq Corporate Restructuring, LLC. (related document(s)732, 737, 741) (Mailloux, Kathryn) (Entered: 07/14/2026)",Certificate of Mailing,False,,,https://www.courtlistener.com/docket/70718134/742/alachua-government-services-inc/,https://www.courtlistener.com/docket/70718134/alachua-government-services-inc/,
A_universe,claims agent retention,True,deb,"Ambience Parent, Inc.",25-11148,2025-06-16,70550277,469283227,2026-02-19,161,,claims_agent,other,unknown,,"Withdrawal of Claim(s): Claim #338 with claims agent in the amount of $111,628.21. Filed by Tarrant County. (Turner, John) (Entered: 02/19/2026)",Withdrawal of Claim,True,1,recap/gov.uscourts.deb.197430/gov.uscourts.deb.197430.161.0.pdf,https://www.courtlistener.com/docket/70550277/161/ambience-parent-inc/,https://www.courtlistener.com/docket/70550277/ambience-parent-inc/,"Case 25-11148-JKS Doc 161 Filed 02/19/26 Page 1 of 1 IN THE UNITED STATES BANKRUPTCY COURT FOR THE DISTRICT OF DELAWARE In re: § Chapter 11 § At Home Group, Inc. , § Case No. 25-11157 § Debtor §"
A_universe,claims agent retention,True,deb,"Ambience Parent, Inc.",25-11148,2025-06-16,70550277,469322232,2026-02-19,164,,claims_agent,other,unknown,,"Withdrawal of Claim Nos. 24 and 318 with the claims agent. Filed by City of El Paso. (Stecker, Don) (Entered: 02/19/2026)",Withdrawal of Claim-Chapter 11,True,1,recap/gov.uscourts.deb.197430/gov.uscourts.deb.197430.164.0.pdf,https://www.courtlistener.com/docket/70550277/164/ambience-parent-inc/,https://www.courtlistener.com/docket/70550277/ambience-parent-inc/,"Case 25-11148-JKS Doc 164 Filed 02/19/26 Page 1 of 1 IN THE UNITED STATES BANKRUPTCY COURT FOR THE DISRICT OF DELAWARE IN RE: § CHAPTER 11 § AMBIENCE PARENT, INC. § § CASE NO. 25-11148 DEBTOR §"
A_universe,claims agent retention,True,deb,"Ambience Parent, Inc.",25-11148,2025-06-16,70550277,469328000,2026-02-19,166,,claims_agent,other,unknown,,"Withdrawal of Claim Nos. 25 and 340 with the claims agent. Filed by Bexar County. (Stecker, Don) (Entered: 02/19/2026)",Withdrawal of Claim-Chapter 11,True,1,recap/gov.uscourts.deb.197430/gov.uscourts.deb.197430.166.0.pdf,https://www.courtlistener.com/docket/70550277/166/ambience-parent-inc/,https://www.courtlistener.com/docket/70550277/ambience-parent-inc/,"Case 25-11148-JKS Doc 166 Filed 02/19/26 Page 1 of 1 IN THE UNITED STATES BANKRUPTCY COURT FOR THE DISRICT OF DELAWARE IN RE: § CHAPTER 11 § AMBIENCE PARENT, INC. § § CASE NO. 25-11148 DEBTOR §"
A_universe,claims agent retention,True,deb,"America's Gardening Resource, Inc.",25-11180,2025-06-20,70592590,445492290,2025-07-11,75,,claims_agent,retention_application,debtor,,"Certification of Counsel Regarding Debtors' Application for Entry of an Order Appointing Stretto, Inc. as Claims and Noticing Agent (related document(s)45) Filed by America's Gardening Resource, Inc.. (Attachments: # 1 Exhibit A - Revised Proposed Order # 2 Exhibit B - Blackline Version of Revised Proposed Order) (Dougherty, Jack) (Entered: 07/11/2025)",Certification of Counsel(Aty),False,,,https://www.courtlistener.com/docket/70592590/75/americas-gardening-resource-inc/,https://www.courtlistener.com/docket/70592590/americas-gardening-resource-inc/,
A_universe,claims agent retention,True,deb,"America's Gardening Resource, Inc.",25-11180,2025-06-20,70592590,445629525,2025-07-14,83,,claims_agent,order,debtor,,"Order Approving Application Appointing STRETTO as Claims and Noticing Agent for the Debtors Pursuant to 28 U.S.C. 156(c) (Related Doc # 45, 75) Order Signed on 7/14/2025. (Attachments: # 1 Exhibit 1 - Engagement Agreement) (JMW) (Entered: 07/14/2025)",Application to Appoint Claims/Noticing Agent,False,,,https://www.courtlistener.com/docket/70592590/83/americas-gardening-resource-inc/,https://www.courtlistener.com/docket/70592590/americas-gardening-resource-inc/,
A_universe,claims agent retention,True,deb,"America's Gardening Resource, Inc.",25-11180,2025-06-20,70592590,446101104,2025-07-17,98,,claims_agent,order,debtor,"and Appointment of Stretto, Inc","Affidavit/Declaration of Service re: Notice of Agenda of Matters Scheduled for Hearing on July 16, 2025 at 11:00 A.M. (Eastern Time) Before the Honorable Brendan L. Shannon (Docket No. 78), Final Order (I) Authorizing the Debtors To (A) Pay Prepetition Wages, Salaries, Other Compensation, and Reimbursable Expenses and (B) Continue Employee Benefits Programs, and (II) Granting Related Relief (Docket No. 79), Final Order (I) Authorizing Continued (A) Use of Existing Cash Management System, Bank Accounts and Business Forms and Payment of Related Prepetition Obligations and (B) Performance of Intercompany Transactions in the Ordinary Course of Business (II) Granting a Limited Waiver of Section 345(B) Deposit and Investment Requirements, and (III) Granting Related Relief (Docket No. 80), Final Order (I) Approving Debtors Proposed Form of Adequate Assurance of Payment, (II) Establishing Procedures for Resolving Objections by Utility Companies, (III) Prohibiting Utility Companies from Altering, Refusing or Discontinuing Service, and (Iv) Granting Related Relief (Docket No. 81), Final Order (I) Authorizing Debtors to Pay Certain Prepetition Shipping Charges, (II) Authorizing Banks to Honor and Process Checks and Electronic Transfer Requests Related Thereto, and (III) Granting Related Relief (Docket No. 82), Order Authorizing Retention and Appointment of Stretto, Inc. As Claims and Noticing Agent (Docket No. 83), Order (I) Establishing Procedures for Interim Compensation and Reimbursement of Expenses for Retained Professionals and (II) Granting Related Relief (Docket No. 84), Amended Notice of Sale, Bidding Procedures, Auction, and Sale Hearing (Docket No. 85), and Amended Notice of Potential Assumption of Executory Contracts or Unexpired Leases and Cure Amounts (Docket No. 86). Filed by Stretto. (related document(s)78, 79, 80, 81, 82, 83, 84, 85, 86) (Betance, Sheryl) (Entered: 07/17/2025)",Affidavit/Declaration of Service,False,,,https://www.courtlistener.com/docket/70592590/98/americas-gardening-resource-inc/,https://www.courtlistener.com/docket/70592590/americas-gardening-resource-inc/,
A_universe,claims agent retention,True,deb,"American Signature, Inc.",25-12105,2025-11-22,71950617,459820403,2025-11-23,4,,claims_agent,retention_application,unknown,"Kurtzman Carson Consultants, LLC dba Verita Global","Application/Motion to Employ/Retain Kurtzman Carson Consultants, LLC dba Verita Global as Claims and Noticing Agent Effective as of the Petition Date Filed By American Signature, Inc. (Attachments: # 1 Exhibit A - Proposed Order # 2 Exhibit B - Gershbein Declaration)(Jones, Laura Davis) (Entered: 11/23/2025)",Employ/Retain - Application/Motion,False,,,https://www.courtlistener.com/docket/71950617/4/american-signature-inc/,https://www.courtlistener.com/docket/71950617/american-signature-inc/,
A_universe,claims agent retention,True,deb,"American Signature, Inc.",25-12105,2025-11-22,71950617,459850170,2025-11-23,4,1,claims_agent,retention_application,unknown,"Kurtzman Carson Consultants, LLC dba Verita Global","Application/Motion to Employ/Retain Kurtzman Carson Consultants, LLC dba Verita Global as Claims and Noticing Agent Effective as of the Petition Date Filed By American Signature, Inc. (Attachments: # 1 Exhibit A - Proposed Order # 2 Exhibit B - Gershbein Declaration)(Jones, Laura Davis) (Entered: 11/23/2025)",Exhibit A - Proposed Order,False,15,,https://www.courtlistener.com/docket/71950617/4/1/american-signature-inc/,https://www.courtlistener.com/docket/71950617/american-signature-inc/,
A_universe,claims agent retention,True,deb,"American Signature, Inc.",25-12105,2025-11-22,71950617,460192586,2025-11-26,88,,claims_agent,order,debtor,"and Retain Kurtzman Carson Consultants, LLC DBA Verita Global","Notice of Service Notice of Entry of Order Authorizing the Debtors to Employ and Retain Kurtzman Carson Consultants, LLC DBA Verita Global as Claims and Noticing Agent Effective as of the Petition Date (related document(s)4, 80) Filed by American Signature, Inc.. (Attachments: # 1 Exhibit 1 - Motion # 2 Exhibit 2 - Entered Order) (Jones, Laura Davis) (Entered: 11/26/2025)",Notice of Service,False,,,https://www.courtlistener.com/docket/71950617/88/american-signature-inc/,https://www.courtlistener.com/docket/71950617/american-signature-inc/,
A_universe,claims agent retention,True,deb,"Apple Tree Life Sciences, Inc. and ATP Life Science Ventures, L.P.",25-12177,2025-12-09,72012078,461957669,2025-12-15,22,,claims_agent,retention_application,unknown,,"Application to Appoint Claims/Noticing Agent KURTZMAN CARSON CONSULTANTS, LLC Filed By Apple Tree Life Sciences, Inc. (Sulik, Ethan) (Entered: 12/15/2025)",Application to Appoint Claims/Noticing Agent,False,,,https://www.courtlistener.com/docket/72012078/22/apple-tree-life-sciences-inc/,https://www.courtlistener.com/docket/72012078/apple-tree-life-sciences-inc-and-atp-life-science-ventures-lp/,
A_universe,claims agent retention,True,deb,"Apple Tree Life Sciences, Inc. and ATP Life Science Ventures, L.P.",25-12177,2025-12-09,72012078,462189034,2025-12-16,52,,claims_agent,notice,debtor,"Kurtzman Caron Consultants, LLC dba Verita Global","Exhibit(s) //Notice of Filing of Revised Proposed Order (I) Approving the Retention and Employment of Kurtzman Caron Consultants, LLC dba Verita Global as the Claims and Noticing Agent to the Debtors and (II) Granting Related Relief (related document(s)22) Filed by Apple Tree Life Sciences, Inc.. (Attachments: # 1 Exhibit A # 2 Exhibit B) (Sulik, Ethan) (Entered: 12/16/2025)",Exhibit,False,,,https://www.courtlistener.com/docket/72012078/52/apple-tree-life-sciences-inc/,https://www.courtlistener.com/docket/72012078/apple-tree-life-sciences-inc-and-atp-life-science-ventures-lp/,
A_universe,claims agent retention,True,deb,"Apple Tree Life Sciences, Inc. and ATP Life Science Ventures, L.P.",25-12177,2025-12-09,72012078,462304474,2025-12-17,71,,claims_agent,order,debtor,"Kurtzman Carson Consultants, LLC Dba Verita Global","Order (I) Approving The Retention And Employment Of Kurtzman Carson Consultants, LLC Dba Verita Global As The Claims And Noticing Agent To The Debtors And (II) Granting Related Relief (Related Doc # 22) Order Signed on 12/17/2025. (Attachments: # 1 Exhibit 1) (CMB) (Entered: 12/17/2025)",Application to Appoint Claims/Noticing Agent,False,,,https://www.courtlistener.com/docket/72012078/71/apple-tree-life-sciences-inc/,https://www.courtlistener.com/docket/72012078/apple-tree-life-sciences-inc-and-atp-life-science-ventures-lp/,
A_universe,claims agent retention,True,deb,Archblock LLC,26-10152,2026-02-06,72246411,468342604,2026-02-10,9,,claims_agent,retention_application,unknown,,"Application to Appoint Claims/Noticing Agent STRETTO Filed By Archblock LLC (Bach, Aaron) (Entered: 02/10/2026)",Application to Appoint Claims/Noticing Agent,False,,,https://www.courtlistener.com/docket/72246411/9/archblock-llc/,https://www.courtlistener.com/docket/72246411/archblock-llc/,
A_universe,claims agent retention,True,deb,Archblock LLC,26-10152,2026-02-06,72246411,468592698,2026-02-12,28,,claims_agent,order,unknown,"and Appointment of Stretto, Inc","Order Authorizing Retention and Appointment of Stretto, Inc. as Claims and Noticing Agent (Related Doc # 9). Signed on 2/12/2026. (Attachments: # 1 Exhibit 1) (DCY) (Entered: 02/12/2026)",Application to Appoint Claims/Noticing Agent,False,,,https://www.courtlistener.com/docket/72246411/28/archblock-llc/,https://www.courtlistener.com/docket/72246411/archblock-llc/,
A_universe,claims agent retention,True,deb,Archblock LLC,26-10152,2026-02-06,72246411,469233564,2026-02-18,39,,claims_agent,order,debtor,"and Appointment of Stretto, Inc","Affidavit/Declaration of Service re: Notice of Zoom-Based Section 341 Meeting (Docket No. 4), Declaration of Michael Bland in Support of Debtors Chapter 11 Petitions and First Day Motions (Docket No. 6), Debtors Motion for Entry of an Order (I) Directing Joint Administration of Cases and (II) Waiving Requirements of Bankruptcy Code Section 342(C)(1) and Bankruptcy Rules 1005 and 2002(N) (Docket No. 7)Motion of Debtors for Entry of an Order (I) Authorizing Debtors to (A) File a Consolidated List of Creditors in Lieu of Submitting a Separate Mailing Matrix for Each Debtor; (B) File a Consolidated List of Top Thirty (30) Largest Unsecured Creditors; and (C) Redact Certain Personally Identifiable Information of Natural Persons; and (II) Granting Related Relief (Docket No. 8), Debtors Application for Appointment of Stretto, Inc. As Claims and Noticing Agent (Docket No. 9),Motion of the Debtors for Entry of an Order Limiting Service (Docket No. 10), Motion of the Debtors for Entry of Interim and Final Orders (I) Authorizing the Debtors to (A) Operate Their Cash Management System, (B) Honor Prepetition Obligations Related Thereto, and (C) Perform Intercompany Transactions, (II) Waiving Strict Application of Section 345(B) of the Bankruptcy Code and the U.S. Trustee Guidelines to the Extent Necessary, And (III) Granting Related Relief (Docket No. 11), Debtors Motion for Entry of Interim and Final Orders (I) Authorizing the Debtors to Pay Certain Prepetition Claims of Critical Vendors And (II) Granting Related Relief (Docket No. 12), Notice of Chapter 11 Bankruptcy Cases (Docket No. 17), Order (I) Directing Joint Administration of Cases and (II) Waiving Requirements of Bankruptcy Code Section 342(C)(1) and Bankruptcy Rules 1005 and 2002(N) (Docket No. 25), Order (I) Authorizing Debtors to (A) File a Consolidated List of Creditors in Lieu of Submitting a Separate Mailing Matrix for Each Debtor; (B) File a Consolidated List of Top Thirty (30) Largest Unsecured Creditors; and (C) Redact Certain Personally Identifiable Information of Natural Persons; and (II) Granting Related Relief (Docket No. 27), Order Authorizing Retention and Appointment of Stretto, Inc. As Claims and Noticing Agent (Docket No. 28), Interim Order (I) Authorizing the Debtors to (A) Operate Their Cash Management System, (B) Honor Prepetition Obligations Related Thereto, and (C) Perform Intercompany Transactions; (II) Waiving Strict Application of Section 345(B) of the Bankruptcy Code and the U.S. Trustee Guidelines to the Extent Necessary; and (III) Granting Related Relief (Docket No. 30), and Order Authorizing the Debtors to Limit Service (Docket No. 31). Filed by Stretto. (related document(s)4, 6, 7, 8, 9, 10, 11, 12, 17, 27, 28, 30, 31) (Betance, Sheryl) (Entered: 02/18/2026)",Affidavit/Declaration of Service,False,,,https://www.courtlistener.com/docket/72246411/39/archblock-llc/,https://www.courtlistener.com/docket/72246411/archblock-llc/,
A_universe,claims agent retention,True,deb,At Home Group Inc.,25-11120,2025-06-16,70549975,442788730,2025-06-16,3,,claims_agent,retention_application,unknown,,"Application to Appoint Claims/Noticing Agent OMNI AGENT SOLUTIONS Filed By At Home Group Inc. (Mulvihill, Joseph) (Entered: 06/16/2025)",Application to Appoint Claims/Noticing Agent,True,44,recap/gov.uscourts.deb.197402/gov.uscourts.deb.197402.3.0.pdf,https://www.courtlistener.com/docket/70549975/3/at-home-group-inc/,https://www.courtlistener.com/docket/70549975/at-home-group-inc/,"Case 25-11120-JKS Doc 3 Filed 06/16/25 Page 1 of 44 IN THE UNITED STATES BANKRUPTCY COURT FOR THE DISTRICT OF DELAWARE ) In re: ) Chapter 11 ) AT HOME GROUP INC., et al.,1"
B,artificial intelligence,True,deb,At Home Group Inc.,25-11120,2025-06-16,70549975,451709474,2025-09-09,604,,other,notice,unknown,Ernst & Young LLP,"Exhibit(s) - Notice of Additional Engagement Letter Related to the Retention and Employment of Ernst & Young LLP as Tax Advisory Services Provider (related document(s)348) Filed by At Home Group Inc.. (Powell, Timothy) (Entered: 09/09/2025)",Exhibit,True,19,recap/gov.uscourts.deb.197402/gov.uscourts.deb.197402.604.0_1.pdf,https://www.courtlistener.com/docket/70549975/604/at-home-group-inc/,https://www.courtlistener.com/docket/70549975/at-home-group-inc/,"information (e.g., the use of generative artificial intelligence), and additional details we may require"
A_universe,claims agent retention,True,deb,At Home Group Inc.,25-11120,2025-06-16,70549975,456405224,2025-10-22,795,,claims_agent,other,unknown,,"Receipt of filing fee for Transfer/Assignment of Claim - Ch 11 with Claims Agent Assigned( 25-11120-JKS) [claims,trclm11] ( 28.00). Receipt Number B12420611, amount $ 28.00. (U.S. Treasury) (Entered: 10/22/2025)",,False,,,https://www.courtlistener.com/docket/70549975/795/at-home-group-inc/,https://www.courtlistener.com/docket/70549975/at-home-group-inc/,
A_universe,claims agent retention,True,deb,At Home Group Inc.,25-11120,2025-06-16,70549975,456405226,2025-10-22,796,,claims_agent,other,unknown,,"Receipt of filing fee for Transfer/Assignment of Claim - Ch 11 with Claims Agent Assigned( 25-11120-JKS) [claims,trclm11] ( 28.00). Receipt Number B12420611, amount $ 28.00. (U.S. Treasury) (Entered: 10/22/2025)",,False,,,https://www.courtlistener.com/docket/70549975/796/at-home-group-inc/,https://www.courtlistener.com/docket/70549975/at-home-group-inc/,
A_universe,claims agent retention,True,deb,Azzur Group Holdings LLC,25-10342,2025-03-02,69696692,431801391,2025-03-02,3,,claims_agent,retention_application,debtor,"Stretto, Inc","Application/Motion to Employ/Retain Stretto, Inc. as as the Claims and Noticing Agent to the Debtors, Effective to the Petition Date Filed by Azzur Group Holdings LLC. (Attachments: # 1 Exhibit A # 2 Exhibit B) (Brown, Stuart) (Entered: 03/02/2025)",Employ/Retain - Application/Motion,False,,,https://www.courtlistener.com/docket/69696692/3/azzur-group-holdings-llc/,https://www.courtlistener.com/docket/69696692/azzur-group-holdings-llc/,
A_universe,claims agent retention,True,deb,Azzur Group Holdings LLC,25-10342,2025-03-02,69696692,431988036,2025-03-04,50,,claims_agent,order,debtor,"and Appointment of Stretto, Inc","Order (I) Approving the Retention and Appointment of Stretto, Inc. as the Claims and Noticing Agent to the Debtors, Effective to the Petition Date, and (II) Granting Related Relief (Related Doc # 3) Order Signed on 3/4/2025. (Attachments: # 1 Exhibit 1) (Mml) (Entered: 03/04/2025)",Employ (Application),False,,,https://www.courtlistener.com/docket/69696692/50/azzur-group-holdings-llc/,https://www.courtlistener.com/docket/69696692/azzur-group-holdings-llc/,
A_universe,claims agent retention,True,deb,Azzur Group Holdings LLC,25-10342,2025-03-02,69696692,432506621,2025-03-08,88,,claims_agent,ust_objection,debtor,"and Appointment of Stretto, Inc","Affidavit/Declaration of Service re: Motion of the Debtors for Entry of an Order (I) Granting Joint Administration of Their Chapter 11 Cases, and (II) Granting Related Relief (Docket No. 2), Application of the Debtors for Entry of an Order (I) Approving the Retention and Appointment of Stretto, Inc. as the Claims and Noticing Agent to the Debtors, Effective to the Petition Date, and (II) Granting Related Relief (Docket No. 3), Motion of the Debtors for Entry of an Order (I) Authorizing the Debtors to (A) File a Consolidated List of Creditors in Lieu of Submitting a Separate Mailing Matrix for Each Debtor, (B) File a Consolidated List of the Debtors Thirty Largest Unsecured Creditors in Lieu of Filing Lists for Each Debtor, and (C) Redact Certain Personally Identifiable Information of Natural Persons and Proprietary Creditor Information; and (II) Granting Related Relief (Docket No. 4), Motion of the Debtors for Entry of Interim and Final Orders (I) Authorizing the Debtors to (A) Operate Their Cash Management System, (B) Honor Prepetition Obligations Related Thereto, and (C) Perform Intercompany Transactions, (II) Waiving Strict Application of Section 345(b) of the Bankruptcy Code and the U.S. Trustee Guidelines to the Extent Necessary, and (III) Granting Related Relief (Docket No. 5), Motion of the Debtors for Entry of Interim and Final Orders (I) Determining Adequate Assurance of Payment for Future Utility Services, (II) Prohibiting Utility Companies from Altering, Refusing, or Discontinuing Service, (III) Approving the Debtors Proposed Form of Adequate Assurance of Payment to Utility Companies, (IV) Establishing Procedures for Resolving Objections by Utility Companies, and (V) Granting Related Relief (Docket No. 6), Motion of the Debtors for Entry of Interim and Final Orders (I) Authorizing the Debtors to (A) Maintain Insurance Coverage Entered Into Prepetition and Pay Related Prepetition Obligations, and (B) Renew, Supplement, Modify, or Purchase Insurance Coverage, (II) Authorizing Banks to Honor Related Checks and Transfers, and (III) Granting Related Relief (Docket No. 7), Motion of the Debtors for Entry of Interim and Final Orders (I) Authorizing the Debtors to Pay Certain Prepetition Taxes and Fees, and (II) Granting Related Relief (Docket No. 8), Motion of the Debtors for Entry of Interim and Final Orders (I) (A) Authorizing the Debtors to Pay Certain Prepetition Wages, Salaries, Other Compensation, and Reimbursable Expenses, and (B) Continue Compensation and Benefits Programs, and (II) Granting Related Relief (Docket No. 9), Motion of the Debtors for Entry of an Order (I) Extending the Time to File Schedules of Assets and Liabilities and Statements of Financial Affairs, and (II) Granting Related Relief (Docket No. 10), Motion of Debtors and Debtors in Possession for Entry of Interim and Final Orders (I) Authorizing Debtors to (A) Obtain Postpetition Financing, (B) Grant Liens and Superpriority Claims, and (C) Grant Adequate Protection, (II) Modifying the Automatic Stay, (III) Scheduling a Final Hearing, and (IV) Granting Related Relief (Docket No. 11), Declaration of M. Benjamin Jones, Chief Restructuring Officer of the Debtors, in Support of the Debtors Chapter 11 Petitions and First Day Pleadings (Docket No. 12), Notice of Filing of Amended Proposed Debtor in Possession Financing Budget (Docket No. 19), Order (I) Granting Joint Administration of the Debtors' Chapter 11 Cases and (II) Granting Related Relief (Docket No. 38), Order (I) Approving the Retention and Appointment of Stretto, Inc. as the Claims and Noticing Agent to the Debtors, Effective to the Petition Date, and (II) Granting Related Relief (Docket No. 50), Interim Order (I) Authorizing the Debtors to (A) Operate Their Cash Management System, (B) Honor Prepetition Obligations Related Thereto, and (C) Perform Intercompany Transactions; (II) Waiving Strict Application of Section 345(b) of the Bankruptcy Code and the U.S. Trustee Guidelines to the Extent Necessary; and (III) Granting Related Relief (Docket No. 59), Interim Order (I) Authorizing the Debtors to (A) Maintain Insurance Coverage Entered into Prepetition and Pay Related Prepetition Obligations, and (B) Renew, Supplement, Modify, or Purchase Insurance Coverage, (II) Authorizing Banks to Honor Related Checks and Transfers, and (III) Granting Related Relief (Docket No. 60), Order (I) Authorizing the Debtors to (A) File a Consolidated List of Creditors in Lieu of Submitting a Separate Mailing Matrix for Each Debtor, (B) File a Consolidated List of the Debtors Thirty Largest Unsecured Creditors in Lieu of Filing Lists for Each Debtor, and (C) Redact Certain Personally Identifiable Information of Natural Persons and Proprietary Creditor Information; and (II) Granting Related Relief (Docket No. 62), Interim Order (I) Authorizing Debtors and Debtors in Possession to (A) Obtain Postpetition Financing, (B) Grant Liens and Super-Priority Claims, and (C) Grant Adequate Protection; (II) Modifying the Automatic Stay; (III) Scheduling a Final Hearing; and (IV) Granting Related Relief (Docket No. 63), Interim Order (I) (A) Authorizing the Debtors to Pay Certain Prepetition Wages, Salaries, Other Compensation, and Reimbursable Expenses, and (B) Continue Compensation and Benefits Programs, and (II) Granting Related Relief (Docket No. 66), Interim Order (I) Authorizing Debtors' Adequate Assurance of Payment for Future Utility Services, (II) Prohibiting Utility Companies from Altering, Refusing, or Discontinuing Service, (III) Approving the Debtors' Proposed Form of Adequate Assurance of Payment to Utility Companies, (IV) Establishing Procedures for Resolving Objections by Utility Companies, and (V) Granting Related Relief (Docket No. 67), Interim Order (I) Authorizing the Debtors to Pay Certain Prepetition Taxes and Fees, and (II) Granting Related Relief (Docket No. 70), Notice of Entry of Interim Orders and Second Day Hearing (Docket No. 71), Notice of Chapter 11 Bankruptcy Case (Docket No. 72). Filed by Stretto. (related document(s)2, 3, 4, 5, 6, 7, 8, 9, 10, 11, 12, 19, 38, 50, 59, 60, 62, 63, 66, 67, 70, 71, 72) (Betance, Sheryl) (Entered: 03/08/2025)",Affidavit/Declaration of Service,False,,,https://www.courtlistener.com/docket/69696692/88/azzur-group-holdings-llc/,https://www.courtlistener.com/docket/69696692/azzur-group-holdings-llc/,
A_universe,claims agent retention,True,deb,"BFG Supply Co., LLC",26-11284,2026-08-18,74666757,490493385,2026-08-18,6,,claims_agent,retention_application,unknown,,"Application to Appoint Claims/Noticing Agent EPIQ CORPORATE RESTRUCTURING, LLC Filed By BFG Supply Co., LLC (Attachments: # 1 Exhibit A # 2 Exhibit B # 3 Exhibit C)(Alberto, Justin) (Entered: 08/18/2026)",Application to Appoint Claims/Noticing Agent (BF),False,,,https://www.courtlistener.com/docket/74666757/6/bfg-supply-co-llc/,https://www.courtlistener.com/docket/74666757/bfg-supply-co-llc/,
A_universe,claims agent retention,True,deb,"BFG Supply Co., LLC",26-11284,2026-08-18,74666757,490700581,2026-08-20,45,,claims_agent,retention_application,unknown,,"Certificate of Mailing of Claims Agent re Notice of Agenda of Matters Scheduled for Hearing Filed by BFG Supply Co., LLC. Hearing scheduled for 8/20/2026 at 01:00 PM at US Bankruptcy Court, 824 Market St., 3rd Fl., Courtroom #7, Wilmington, Delaware; Notice of Bankruptcy Filing, First Day Motions, and Related Pleadings. Filed by Epiq Corporate Restructuring LLC. (related document(s)32, 33) (Mailloux, Kathryn) (Entered: 08/20/2026)",Certificate of Mailing,False,,,https://www.courtlistener.com/docket/74666757/45/bfg-supply-co-llc/,https://www.courtlistener.com/docket/74666757/bfg-supply-co-llc/,
A_universe,claims agent retention,True,deb,"BFG Supply Co., LLC",26-11284,2026-08-18,74666757,490770294,2026-08-20,58,,claims_agent,order,debtor,,"Order Approving Application Appointing EPIQ CORPORATE RESTRUCTURING, LLC as Claims and Noticing Agent for the Debtors Pursuant to 28 U.S.C. 156(c) (Related Doc # 6) Signed on 8/20/2026. (NWW) (Entered: 08/20/2026)",Application to Appoint Claims/Noticing Agent,False,,,https://www.courtlistener.com/docket/74666757/58/bfg-supply-co-llc/,https://www.courtlistener.com/docket/74666757/bfg-supply-co-llc/,
A_universe,claims agent retention,True,deb,BLH TopCo LLC,25-10576,2025-03-26,69797398,434600824,2025-03-27,17,,claims_agent,retention_application,unknown,,"Application to Appoint Claims/Noticing Agent STRETTO Filed By BLH TopCo LLC (Attachments: # 1 Proposed Form of Order # 2 Declaration of Sheryl Betance)(Eckard, Mark) (Entered: 03/27/2025)",Application to Appoint Claims/Noticing Agent,False,,,https://www.courtlistener.com/docket/69797398/17/blh-topco-llc/,https://www.courtlistener.com/docket/69797398/blh-topco-llc/,
A_universe,claims agent retention,True,deb,BLH TopCo LLC,25-10576,2025-03-26,69797398,434723751,2025-03-28,24,,claims_agent,retention_application,debtor,,"Certification of Counsel Submitting Revised Proposed Form of Order Regarding Debtors Application for Appointment of Stretto, Inc. as Claims and Noticing Agent (related document(s)17) Filed by BLH TopCo LLC. (Attachments: # 1 Proposed Form of Order # 2 Proposed Form of Order - comparison version) (Eckard, Mark) (Entered: 03/28/2025)",Certification of Counsel(Aty),False,,,https://www.courtlistener.com/docket/69797398/24/blh-topco-llc/,https://www.courtlistener.com/docket/69797398/blh-topco-llc/,
A_universe,claims agent retention,True,deb,BLH TopCo LLC,25-10576,2025-03-26,69797398,434782721,2025-03-29,41,,claims_agent,order,unknown,"and Appointment of STRETTO, Inc","Order Authorizing Retention and Appointment of STRETTO, Inc. as Claims and Noticing Agent (related document(s)17) Signed on 3/29/2025. (Attachments: # 1 Exhibit 1) (NAB) (Entered: 03/29/2025)",Application to Appoint Claims/Noticing Agent,False,,,https://www.courtlistener.com/docket/69797398/41/blh-topco-llc/,https://www.courtlistener.com/docket/69797398/blh-topco-llc/,
A_universe,claims agent retention,True,deb,BY Hotel SPE-3 LLC,26-10324,2026-03-08,72378623,471224148,2026-03-08,12,,claims_agent,retention_application,unknown,,"Application to Appoint Claims/Noticing Agent STRETTO Filed By BY Hotel SPE-3 LLC (Attachments: # 1 Exhibit A - Proposed form of Order # 2 Exhibit B)(Zahralddin-Aravena, Rafael) (Entered: 03/08/2026)",Application to Appoint Claims/Noticing Agent,False,,,https://www.courtlistener.com/docket/72378623/12/by-hotel-spe-3-llc/,https://www.courtlistener.com/docket/72378623/by-hotel-spe-3-llc/,
A_universe,claims agent retention,True,deb,BY Hotel SPE-3 LLC,26-10324,2026-03-08,72378623,472331805,2026-03-16,48,,claims_agent,order,unknown,"and Appointment of Stretto, Inc","Certification of Counsel Regarding an Order Authorizing Retention and Appointment of Stretto, Inc. as Claims and Noticing Agent (related document(s)12) Filed by BY Hotel SPE-3 LLC. (Attachments: # 1 Exhibit 1 - Revised Proposed Order # 2 Exhibit 2 - Blackline of Proposed Revised Order) (Zahralddin-Aravena, Rafael) (Entered: 03/16/2026)",Certification of Counsel(Aty),False,,,https://www.courtlistener.com/docket/72378623/48/by-hotel-spe-3-llc/,https://www.courtlistener.com/docket/72378623/by-hotel-spe-3-llc/,
A_universe,claims agent retention,True,deb,BY Hotel SPE-3 LLC,26-10324,2026-03-08,72378623,472495460,2026-03-17,54,,claims_agent,order,unknown,"and Appointment of Stretto, Inc","Order Authorizing Retention and Appointment of Stretto, Inc. as Claims and Noticing Agent (Related Doc # 12)(related document(s)12) Order Signed on 3/17/2026. (AJL) (Entered: 03/17/2026)",Application to Appoint Claims/Noticing Agent,False,,,https://www.courtlistener.com/docket/72378623/54/by-hotel-spe-3-llc/,https://www.courtlistener.com/docket/72378623/by-hotel-spe-3-llc/,
A_universe,claims agent retention,True,deb,"Bedmar, LLC",25-11027,2025-06-09,70495280,442166711,2025-06-09,3,,claims_agent,retention_application,unknown,,"Application to Appoint Claims/Noticing Agent EPIQ CORPORATE RESTRUCTURING, LLC Filed By Bedmar, LLC (Steele, Amanda) (Entered: 06/09/2025)",Application to Appoint Claims/Noticing Agent,False,,,https://www.courtlistener.com/docket/70495280/3/bedmar-llc/,https://www.courtlistener.com/docket/70495280/bedmar-llc/,
A_universe,claims agent retention,True,deb,"Bedmar, LLC",25-11027,2025-06-09,70495280,442427190,2025-06-11,28,,claims_agent,order,debtor,"Epiq Corporate Restructuring, LLC","Order (I) Approving The Retention Of Epiq Corporate Restructuring, LLC As the Claims And Noticing Agent To The Debtor, Effective As Of The Petition Date, And (II) Granting Related Relief(c) (Related Doc # 3)(related document(s)3) Order Signed on 6/11/2025. (AJL) (Entered: 06/11/2025)",Application to Appoint Claims/Noticing Agent,False,,,https://www.courtlistener.com/docket/70495280/28/bedmar-llc/,https://www.courtlistener.com/docket/70495280/bedmar-llc/,
A_universe,claims agent retention,True,deb,"Bedmar, LLC",25-11027,2025-06-09,70495280,442494848,2025-06-12,32,,claims_agent,supplemental_declaration,debtor,"and Appointment of Epiq Corporate Restructuring, LLC","Supplemental Declaration of Sophie Frodsham in Support of Application of Debtor for Entry of an Order (I) Approving the Retention and Appointment of Epiq Corporate Restructuring, LLC as the Claims and Noticing Agent to the Debtor, Effective as of the Petition Date, and (II) Granting Related Relief (related document(s)3) Filed by Bedmar, LLC. (McCauley, James) (Entered: 06/12/2025)",Declaration,False,,,https://www.courtlistener.com/docket/70495280/32/bedmar-llc/,https://www.courtlistener.com/docket/70495280/bedmar-llc/,
A_universe,claims agent retention,True,deb,"BioXcel Therapeutics, Inc.",26-11360,2026-08-27,74713914,491659288,2026-08-27,4,,claims_agent,retention_application,unknown,,"Application to Appoint Claims/Noticing Agent STRETTO Filed By BioXcel Therapeutics, Inc. (Kochenash, Jared) (Entered: 08/27/2026)",Application to Appoint Claims/Noticing Agent,False,,,https://www.courtlistener.com/docket/74713914/4/bioxcel-therapeutics-inc/,https://www.courtlistener.com/docket/74713914/bioxcel-therapeutics-inc/,
A_universe,claims agent retention,True,deb,"BioXcel Therapeutics, Inc.",26-11360,2026-08-27,74713914,491909821,2026-08-31,53,,claims_agent,order,unknown,,"Order Appointing Stretto, Inc. as Claims and Noticing Agent, Effective as of the Petition Date (related document(s)4) Order Signed on 8/31/2026. (Attachments: # 1 Exhibit) (AMH) (Entered: 08/31/2026)",Application to Appoint Claims/Noticing Agent,False,,,https://www.courtlistener.com/docket/74713914/53/bioxcel-therapeutics-inc/,https://www.courtlistener.com/docket/74713914/bioxcel-therapeutics-inc/,
A_universe,claims agent retention,True,deb,"BioXcel Therapeutics, Inc.",26-11360,2026-08-27,74713914,494066654,2026-09-17,119,,claims_agent,order,debtor,Obligations and Compensation Obligations and (B) Maintain Employee Benefits Prog,"Affidavit/Declaration of Service re: Declaration of Samir Saleem in Support of the Chapter 11 Petitions and First Day Motions (Docket No. 2), Debtors Motion for Order Authorizing Joint Administration of the Debtors Chapter 11 Cases (Docket No. 3), Debtors Application for Entry of an Order Appointing Stretto, Inc. as Claims and Noticing Agent, Effective as of the Petition Date (Docket No. 4), Debtors Motion for Interim and Final Orders (I) Authorizing Payment of Prepetition Obligations Incurred in the Ordinary Course of Business in Connection with the Debtors Insurance Program; (II) Authorizing the Debtors to Continue Their Insurance Premium Financing Program; (III) Authorizing Banks to Honor and Process Check and Electronic Transfer Requests Related Thereto and (IV) Granting Related Relief (Docket No. 5), Debtors Motion for Interim and Final Orders (I) Prohibiting Utility Companies from Altering, Refusing, or Discontinuing Utility Services; (II) Deeming Utility Companies Adequately Assured of Future Payment; (III) Establishing Procedures for Resolving Objections by Utility Companies and Determining Additional Adequate Assurance of Payment; and (IV) Granting Related Relief (Docket No. 6), Debtors Motion for Entry of Interim and Final Orders (I) Authorizing Debtors to (A) Pay Certain Prepetition Employment Obligations and Compensation Obligations and (B) Maintain Employee Benefits Programs and Compensation Obligations; and (II) Granting Related Relief (Docket No. 7), Debtors Motion for Entry of Interim and Final Orders (I) Authorizing the Debtors to Maintain and Administer Their Existing Customer Programs and Honor Certain Prepetition Obligations Related Thereto; (II) Authorizing the Banks to Honor and Process Check and Electronic Transfer Requests Related Thereto; and (III) Granting Related Relief (Docket No. 8), Debtors Motion for Entry of Interim and Final Orders (I) Authorizing the Debtors to Redact Certain Personally Identifiable Information of Individuals; (II) Modifying the Requirement to File A List of All Equity Security Holders and Modifying Notice Thereto; and (III) Granting Related Relief (Docket No. 9), Debtors Motion for Interim and Final Orders (I) Authorizing Debtors to Pay Certain Prepetition Taxes and Fees and Related Obligations; (II) Authorizing the Banks to Honor and Process Check and Electronic Transfer Requests Related Thereto; and (III) Granting Related Relief (Docket No. 10), Debtors Motion for Interim and Final Orders (I) Authorizing the Debtors to (A) Continue to Maintain Their Cash Management System, and (B) Honor Certain Prepetition Obligations Related Thereto; (II) Waiving Certain Operating Guidelines; (III) Suspending Time to Comply with Section 345(b) of the Bankruptcy Code; and (IV) Granting Related Relief (Docket No. 11), Motion of the Debtors for Entry of Interim and Final Orders (I) Establishing Notice and Objection Procedures for Transfers of and Declarations of Worthlessness with Respect to the Equity Securities; (II) Establishing A Record Date for Notice and Sell-Down Procedures for Trading in Claims Against the Debtors Estates; and (III) Granting Related Relief (Docket No. 12), Motion of the Debtors for an Order (I) Approving Bidding Procedures for the Sale of the Debtors Assets, (II) Approving the Debtors Entry into the Stalking Horse APA and Granting Bid Protections, (III) Approving Assumption and Assignment Procedures, (IV) Scheduling an Auction and Sale Hearing and Approving Forms and Manner of Notice Thereof, and (V) Granting Certain Related Relief (Docket No. 13), Declaration of Daun Chung in Support of the Debtors Motion for an Order (I) Approving Bidding Procedures for the Sale of the Debtors Assets, (II) Approving the Debtors Entry Into the Stalking Horse APA and Granting Bid Protections, (III) Approving Assumption and Assignment Procedures, (IV) Scheduling an Auction and Sale Hearing and Approving Forms and Manner of Notice Thereof, and (V) Granting Certain Related Relief (Docket No. 14), Debtors Motion for Interim and Final Orders (I) Authorizing the Debtors to Obtain Postpetition Financing, Granting Senior Postpetition Security Interests and According Superpriority Administrative Expense Status Pursuant to Sections 364(c) and 364(d) of the Bankruptcy Code, (II) Authorizing the Use of Cash Collateral, (III) Granting Adequate Protection, (IV) Modifying the Automatic Stay, and (V) Granting Related Relief (Docket No. 24), Declaration of Daun Chung in Support of Debtors Motion for Interim and Final Orders (I) Authorizing the Debtors to Obtain Postpetition Financing, Granting Senior Postpetition Security Interests and According Superpriority Administrative Expense Status Pursuant to Sections 364(c) and 364(d) of the Bankruptcy Code, (II) Authorizing the Use of Cash Collateral, (III) Granting Adequate Protection, (IV) Modifying the Automatic Stay, and (V) Granting Related Relief (Docket No. 25), Debtors Motion for Entry of an Order (I) Authorizing the Implementation of A Key Employee Retention Program; (II) Authorizing the Implementation of A Key Employee Incentive Program; (III) Approving the Terms of the Debtors Employee Programs; and (IV) Granting Related Relief (Docket No. 37), Declaration of Samir Saleem in Support of the Debtors Motion for Entry of an Order (I) Authorizing the Implementation of A Key Employee Retention Program; (II) Authorizing the Implementation of A Key Employee Incentive Program; (III) Approving the Terms of the Debtors Employee Programs; and (IV) Granting Related Relief (Docket No. 38), Motion for Entry of an Order Authorizing the Debtors to Redact and Seal the Confidential Information in (A) the Debtors Motion for Entry of an Order (I) Authorizing the Implementation of A Key Employee Retention Program; (II) Authorizing the Implementation of A Key Employee Incentive Program, (III) Approving the Terms of the Debtors Employee Programs; and (IV) Granting Related Relief (Docket No. 39), Notice of Filing of Revised Proposed Interim Order (I) Authorizing the Debtors to Obtain Postpetition Financing, Granting Senior Postpetition Security Interests and According Superpriority Administrative Expense Status Pursuant to Sections 364(c) and 364(d) of the Bankruptcy Code, (II) Authorizing the Use of Cash Collateral, (III) Granting Adequate Protection, (IV) Modifying the Automatic Stay, and (V) Granting Related Relief (Docket No. 44), Order Authorizing Joint Administration of the Debtors Chapter 11 Cases (Docket No. 52), Order Appointing Stretto, Inc. as Claims and Noticing Agent, Effective as of the Petition Date (Docket No. 53), Interim Order (I) Authorizing Payment of Prepetition Obligations Incurred in the Ordinary Course of Business in Connection with the Debtors Insurance Program; (II) Authorizing the Debtors to Continue Their Insurance Premium Financing Program; (III) Authorizing Banks to Honor and Process Check and Electronic Transfer Requests Related Thereto; and (IV) Granting Related Relief (Docket No. 56), Interim Order (I) Prohibiting Utility Companies from Altering, Refusing, or Discontinuing Utility Services; (II) Deeming Utility Companies Adequately Assured of Future Payment; (III) Establishing Procedures for Resolving Objections by Utility Companies and Determining Additional Adequate Assurance of Payment; and (IV) Granting Related Relief (Docket No. 57), Interim Order (I) Authorizing Debtors to (A) Pay Certain Prepetition Employment Obligations and Compensation Obligations (B) Maintain the Compensation Obligations the Employee Benefits Programs; and (II) Granting Related Relief (Docket No. 58), Interim Order (I) Authorizing the Debtors to Maintain and Administer Their Existing Customer Programs and Honor Certain Prepetition Obligations Related Thereto; (II) Authorizing the Banks to Honor and Process Check and Electronic Transfer Requests Related Thereto; and (III) Granting Related Relief (Docket No. 59), Interim Order (I) Authorizing the Debtors to Redact Certain Personally Identifiable Information of Individuals; (II) Modifying the Requirement to File A List of All Equity Security Holders and Modifying Notice Thereo; and (III) Granting Related Relief (Docket No. 60), Interim Order (I) Authorizing Debtors to Pay Certain Prepetition Taxes and Fees and Related Obligations; (II) Authorizing the Banks to Honor and Process Check and Electronic Transfer Requests Related Thereto; and (III) Granting Related Relief (Docket No. 61), Interim Order (I) Authorizing the Debtors to (A) Continue to Maintain Their Cash Management System, and (B) Honor Certain Prepetition Obligations Related Thereto; (II) Waiving Certain Operating Guidelines; (III) Suspending Time to Comply with Section 345(b) of the Bankruptcy Code; and (IV) Granting Related Relief (Docket No. 62), Interim Order (I) Establishing Notice and Objection Procedures for Transfers of and Declarations of Worthlessness with Respect to Equity Securities; (II) Establishing A Record Date for Notice and Sell-Down Procedures for Trading in Claims Against the Debtors Estates; and (III) Granting Related Relief (Docket No. 63), Interim Order (I) Authorizing the Debtors to Obtain Postpetition Financing, Granting Senior Postpetition Security Interests and According Superpriority Administrative Expense Status Pursuant to Sections 364(c) and 364(d) of the Bankruptcy Code, (II) Authorizing the Use of Cash Collateral, (III) Granting Adequate Protection; (IV) Modifying the Automatic Stay, and (V) Granting Related Relief (Docket No. 64), Omnibus Notice of First Day Motions, and Final Hearing Thereon (Docket No. 65), Notice of Motion (Docket No. 66), Notice of Motion (Docket No. 67), Notice of Motion (Docket No. 68), Notice of Filing of List of Equity Security Holders (Docket No. 70). Filed by Stretto. (related document(s)2, 3, 4, 5, 6, 7, 8, 9, 10, 11, 12, 13, 14, 24, 25, 37, 38, 39, 44, 52, 53, 56, 57, 58, 59, 60, 61, 62, 63, 64, 65, 66, 67, 68, 70) (Betance, Sheryl) (Entered: 09/17/2026)",Affidavit/Declaration of Service,False,,,https://www.courtlistener.com/docket/74713914/119/bioxcel-therapeutics-inc/,https://www.courtlistener.com/docket/74713914/bioxcel-therapeutics-inc/,
A_universe,claims agent retention,True,deb,"Boundless Broadband, LLC",25-10948,2025-05-29,70398120,440996258,2025-05-29,3,,claims_agent,retention_application,unknown,,"Application to Appoint Claims/Noticing Agent OMNI AGENT SOLUTIONS Filed By Boundless Broadband, LLC (Attachments: # 1 Exhibit A- Proposed Order # 2 Exhibit B- Osborne Declaration # 3 Exhibit C- Service Agreement)(Miller, Evan) (Entered: 05/29/2025)",Application to Appoint Claims/Noticing Agent,False,,,https://www.courtlistener.com/docket/70398120/3/boundless-broadband-llc/,https://www.courtlistener.com/docket/70398120/boundless-broadband-llc/,
A_universe,claims agent retention,True,deb,"Boundless Broadband, LLC",25-10948,2025-05-29,70398120,441144323,2025-05-30,25,,claims_agent,order,debtor,,Order Approving Application Appointing OMNI AGENT SOLUTIONS as Claims and Noticing Agent for the Debtors Pursuant to 28 U.S.C. 156(c) (Related Doc # 3) Order Signed on 5/30/2025. (JMW) (Entered: 05/30/2025),Application to Appoint Claims/Noticing Agent,False,,,https://www.courtlistener.com/docket/70398120/25/boundless-broadband-llc/,https://www.courtlistener.com/docket/70398120/boundless-broadband-llc/,
A_universe,claims agent retention,True,deb,"Boundless Broadband, LLC",25-10948,2025-05-29,70398120,441934202,2025-06-06,53,,claims_agent,order,debtor,"Omni Agent Solutions, Inc","Affidavit/Declaration of Service re: Motion of Debtors for Entry of an Order Directing Joint Administration of Chapter 11 Cases for Procedural Purposes Only and Related Relief [Docket No. 2], Application of Debtors for Order Authorizing Retention and Employment of Omni Agent Solutions, Inc., as Claims and Noticing Agent to the Debtors, Nunc Pro Tunc to the Petition Date, Pursuant to 28 U.S.C. § 156(c) and Local Rule 2002-1(f) [Docket No. 3], Declaration of Richard Arrowsmith, Chief Restructuring Officer of the Debtors in Support of Chapter 11 Petitions and First Day Pleadings [Docket No. 4], Debtors Motion for Entry of an Order Authorizing the Debtors to (I) File (A) a Consolidated Creditor Matrix and (B) a Consolidated List of the Debtors Top Thirty Creditors; and (II) Redact Certain Personally Identifiable Information for Individuals [Docket No. 5], Debtors Motion for Entry of Interim and Final Orders (I) Approving Debtors Proposed Form of Adequate Assurance of Payment, (II) Establishing Procedures for Resolving Objections by Utility Providers, (III) Prohibiting Utility Providers From Altering, Refusing, or Discontinuing Services, and (IV) Granting Related Relief [Docket No. 6], Debtors Motion for Entry of Interim and Final Orders (I) Authorizing, But Not Directing, Debtors to Pay Prepetition Claims of Certain Critical Vendors and Lienholders, and (II) Granting Related Relief [Docket No. 7], Debtors Motion for Entry of an Order: (A) Authorizing (I) Payment of Employee Wages, Salaries, and Accrued Prepetition Benefits, (II) Contributions to Employee Benefit Plans, (III) Payment of Funds Deducted From Payroll, (IV) Payment to Individual Independent Contractors and (V) Reimbursement of Employee Expenses; and (B) Directing All Banks to Honor Related Checks [Docket No. 8], Debtors Motion for Entry of Interim and Final Orders (I) Authorizing the Debtors to (A) Maintain Their Cash Management System and Existing Bank Accounts, (B) Honor Certain Prepetition Obligations Related Thereto, (C) Maintain Existing Business Forms; and (D) Maintain Existing Credit Cards; and (II) Granting Related Relief [Docket No. 9], Motion of the Debtors for Entry of Interim and Final Orders (I) Authorizing Debtors to Obtain Postpetition Financing Pursuant to § 364 of the Bankruptcy Code; (II) Authorizing Use of Cash Collateral Pursuant to § 363 of the Bankruptcy Code; (III) Granting Liens and Super-Priority Claims; (IV) Granting Adequate Protection; and (V) Scheduling a Final Hearing [Docket No. 15], Order Directing Joint Administration of the Debtors Chapter 11 Cases for Procedural Purposes Only and Granting Related Relief [Docket No. 24], Order Authorizing Retention and Employment of Omni Agent Solutions, Inc., as Claims and Noticing Agent to the Debtors, Nunc Pro Tunc to the Petition Date Pursuant to 28 U.S.C. § 156(c) and Local Rule 2002-1(f) [Docket No. 25], Order Authorizing the Debtors to (I) File (A) a Consolidated Creditor Matrix and (B) a Consolidated List of the Debtors Top Thirty Creditors; and (II) Redact Certain Personally Identifiable Information for Individuals [Docket No. 26], Interim Order (I) Authorizing the Debtors to Pay Prepetition Claims of Certain Critical Vendors and Lienholders, and (II) Granting Related Relief [Docket No. 27], Interim Order (I) Authorizing the Debtors to (A) Maintain Their Cash Management System and Existing Bank Accounts, (B) Honor Certain Prepetition Obligations Related Thereto, (C) Maintain Existing Business Forms; and (D) Maintain Existing Credit Cards; and (II) Granting Related Relief [Docket No. 28], Interim Order Granting Debtors Motion for Entry of an Order: (A) Authorizing (I) Payment of Employee Wages, Salaries, and Accrued Prepetition Benefits, (II) Contributions to Employee Benefit Plans, (III) Payment of Funds Deducted From Payroll, (IV) Payment to Individual Independent Contractors, and (V) Reimbursement of Employee Expenses; and (B) Directing All Banks to Honor Related Checks [Docket No. 29], Interim Order (I) Approving Debtors Proposed Form of Adequate Assurance of Payment, (II) Establishing Procedures for Resolving Objections by Utility Providers, (III) Prohibiting Utility Providers From Altering, Refusing, or Discontinuing Services, and (IV) Granting Related Relief [Docket No. 30], Interim Order (A) Authorizing the Debtors to (I) Obtain Postpetition Financing, (II) Grant Senior Secured Liens and Superpriority Administrative Expense Claims, (III) Grant Adequate Protection to the Prepetition Secured Parties, and (IV) Utilize Cash Collateral; (B) Modifying the Automatic Stay; (C) Scheduling Final Hearing; and (D) Granting Related Relief [Docket No. 35], and Omnibus Notice of Entry of First Day Orders and Final Hearing Thereon [Docket No. 38]. Filed by Omni Agent Solutions, Inc.. (related document(s)2, 3, 4, 5, 6, 7, 8, 9, 15, 24, 25, 26, 27, 28, 29, 30, 35, 38) (Lowry, Randy) (Entered: 06/06/2025)",Affidavit/Declaration of Service,False,,,https://www.courtlistener.com/docket/70398120/53/boundless-broadband-llc/,https://www.courtlistener.com/docket/70398120/boundless-broadband-llc/,
A_universe,claims agent retention,True,deb,Claire's Holdings LLC,25-11454,2025-08-06,71035961,494372361,2026-09-21,1079,,claims_agent,other,unknown,,"Withdrawal of Claim(s): Claim #43 with claims agent in the amount of $788.26. Filed by Allen ISD. (Turner, John) (Entered: 09/21/2026)",Withdrawal of Claim,False,,,https://www.courtlistener.com/docket/71035961/1079/claires-holdings-llc/,https://www.courtlistener.com/docket/71035961/claires-holdings-llc/,
A_universe,claims agent retention,True,deb,Claire's Holdings LLC,25-11454,2025-08-06,71035961,494372284,2026-09-21,1080,,claims_agent,other,unknown,,"Withdrawal of Claim(s): Claim #44 with claims agent in the amount of $292.32. Filed by City of Allen. (Turner, John) (Entered: 09/21/2026)",Withdrawal of Claim,False,,,https://www.courtlistener.com/docket/71035961/1080/claires-holdings-llc/,https://www.courtlistener.com/docket/71035961/claires-holdings-llc/,
A_universe,claims agent retention,True,deb,Claire's Holdings LLC,25-11454,2025-08-06,71035961,494372263,2026-09-21,1081,,claims_agent,other,unknown,,"Withdrawal of Claim(s): Claim #76 with claims agent in the amount of $835.56. Filed by City of Frisco. (Turner, John) (Entered: 09/21/2026)",Withdrawal of Claim,False,,,https://www.courtlistener.com/docket/71035961/1081/claires-holdings-llc/,https://www.courtlistener.com/docket/71035961/claires-holdings-llc/,
A_universe,claims agent retention,True,deb,"Clearside Biomedical, Inc.",25-12109,2025-11-23,71951025,466406459,2026-01-26,189,,claims_agent,notice,unknown,,"Certificate of Mailing of Claims Agent re Notice of Adjournment of Auction; Notice of Agenda of Matters Scheduled for Hearing Filed by Clearside Biomedical, Inc.. Hearing scheduled for 1/26/2026 at 10:00 AM at US Bankruptcy Court, 824 Market St., 3rd Fl., Courtroom #7, Wilmington, Delaware; Amended Notice of Agenda of Matters Scheduled for Hearing Filed by Clearside Biomedical, Inc.. Hearing scheduled for 1/26/2026 at 10:00 AM at Virtual Hearing. Filed by Epiq Corporate Restructuring, LLC. (related document(s)182, 183, 184) (Mailloux, Kathryn) (Entered: 01/26/2026)",Certificate of Mailing,False,,,https://www.courtlistener.com/docket/71951025/189/clearside-biomedical-inc/,https://www.courtlistener.com/docket/71951025/clearside-biomedical-inc/,
A_universe,claims agent retention,True,deb,"Clearside Biomedical, Inc.",25-12109,2025-11-23,71951025,466843868,2026-01-29,196,,claims_agent,notice,unknown,,"Certificate of Mailing of Claims Agent re Notice of Agenda of Matters not going forward. The following hearing has been cancelled. Filed by Clearside Biomedical, Inc.. Hearing scheduled for 1/26/2026 at 10:00 AM at US Bankruptcy Court, 824 Market St., 3rd Fl., Courtroom #7, Wilmington, Delaware. Filed by Epiq Corporate Restructuring, LLC. (related document(s)188) (Mailloux, Kathryn) (Entered: 01/29/2026)",Certificate of Mailing,False,,,https://www.courtlistener.com/docket/71951025/196/clearside-biomedical-inc/,https://www.courtlistener.com/docket/71951025/clearside-biomedical-inc/,
A_universe,claims agent retention,True,deb,"Clearside Biomedical, Inc.",25-12109,2025-11-23,71951025,467052710,2026-01-30,199,,claims_agent,notice,unknown,,"Certificate of Mailing of Claims Agent re Notice of Agenda of Matters Scheduled for Hearing Filed by Clearside Biomedical, Inc.. Hearing scheduled for 1/30/2026 at 11:00 AM at US Bankruptcy Court, 824 Market St., 3rd Fl., Courtroom #7, Wilmington, Delaware; Amended Notice of Agenda of Matters Scheduled for Hearing Filed by Clearside Biomedical, Inc.. Hearing scheduled for 1/30/2026 at 11:00 AM at Virtual Hearing: Refer to Notice of Zoom Hearing. Filed by Epiq Corporate Restructuring, LLC. (related document(s)191, 192) (Mailloux, Kathryn) (Entered: 01/30/2026)",Certificate of Mailing,False,,,https://www.courtlistener.com/docket/71951025/199/clearside-biomedical-inc/,https://www.courtlistener.com/docket/71951025/clearside-biomedical-inc/,
A_universe,claims agent retention,True,deb,"Conscious Content Media, Inc.",25-12231,2025-12-17,72050338,462319190,2025-12-17,5,,claims_agent,retention_application,unknown,"Stretto, Inc","Application/Motion to Employ/Retain Stretto, Inc. as Claims and Noticing Agent Filed By Conscious Content Media, Inc. (Attachments: # 1 Exhibit A # 2 Exhibit B)(Brogan, Daniel) (Entered: 12/17/2025)",Employ/Retain - Application/Motion,False,,,https://www.courtlistener.com/docket/72050338/5/conscious-content-media-inc/,https://www.courtlistener.com/docket/72050338/conscious-content-media-inc/,
A_universe,claims agent retention,True,deb,"Conscious Content Media, Inc.",25-12231,2025-12-17,72050338,462485952,2025-12-18,19,,claims_agent,rule_2014_declaration,debtor,,"Affidavit/Declaration of Service re: Debtors Motion for Entry of Order (I) Directing Joint Administration of Related Chapter 11 Cases and (II) Granting Related Relief (Docket No. 3), Debtors Motion for Entry of an Order (I) Authorizing Debtors to File a Consolidated (A) Creditor Matrix and (B) Top 30 Creditors List, (II) Authorizing Redaction of Certain Personal Identification Information, and (III) Granting Related Relief (Docket No. 4), Debtors Application for Appointment of Stretto, Inc. as Claims and Noticing Agent (Docket No. 5), Debtors Motion for Entry of Interim and Final Orders (I) Authorizing the Debtors to (A) Continue Their Existing Cash Management Systems, Including Continued Use of Existing Bank Accounts and Business Forms, (B) Continue Intercompany Transactions, and (C) Honor All Obligations Related Thereto; and (II) Granting Related Relief (Docket No. 6), Debtors Motion for Entry of Interim and Final Orders (I)(A) Approving the Debtors Proposed Adequate Assurance of Payment to Utility Companies, (B) Approving the Debtors Proposed Procedures for Resolving Additional Assurance Requests, and (C) Prohibiting Utility Providers from Altering, Refusing, or Discontinuing Services; and (II) Granting Related Relief (Docket No. 7), Debtors Motion for Entry of Interim and Final Orders (I) Authorizing the Debtors to (A) Maintain Existing Insurance Policies and Financing Agreements and Pay All Insurance Obligations Arising Thereunder, and (B) Renew, Supplement, Modify, or Enter into Insurance Policies and Financing Agreements; and (II) Granting Related Relief (Docket No. 8), Debtors Motion for Entry of Interim and Final Orders Authorizing, but Not Directing, Payment of Prepetition Claims of Critical Vendors (Docket No. 9), Debtors Motion for Entry of Interim and Final Orders (I) Authorizing Debtors to (A) Pay Prepetition Wages, Employee Benefits Obligations and Other Compensation, and (B) Continue Employee Benefits Programs and Pay Related Administrative Obligations; and (II) Granting Related Relief (Docket No. 10), Declaration of Neal Shenoy in Support of the Debtors Chapter 11 Petitions and First Day Motions (Docket No. 11), Declaration of Suraj Jain in Support of the Motion of the Debtor for Interim and Final Orders: (I) Authorizing the Debtor to Obtain Postpetition Financing; (II) Granting Security Interests and Superpriority Administrative Expense Status; (III) Modifying the Automatic Stay; (IV) Authorizing the Use of Cash Collateral; (V) Granting Adequate Protection; (VI) Scheduling a Final Hearing; and (VII) Granting Related Relief (Docket No. 14), and Notice of (I) Filing of Bankruptcy Petitions and Related Documents and (II) Agenda for Hearing on First Day Motions Scheduled for December 19, 2025 at 10:00 A.M. (ET) (Docket No. 15). Filed by Stretto. (related document(s)3, 4, 5, 6, 7, 8, 9, 10, 11, 14, 15) (Betance, Sheryl) (Entered: 12/18/2025)",Affidavit/Declaration of Service,False,,,https://www.courtlistener.com/docket/72050338/19/conscious-content-media-inc/,https://www.courtlistener.com/docket/72050338/conscious-content-media-inc/,
A_universe,claims agent retention,True,deb,"Conscious Content Media, Inc.",25-12231,2025-12-17,72050338,462551035,2025-12-19,26,,claims_agent,order,unknown,"Stretto, Inc","Order Approving Application to Employ Stretto, Inc. as Claims and Noticing Agent (Related Doc # 5) Order Signed on 12/19/2025. (Attachments: # 1 Exhibit 1) (JMW) (Entered: 12/19/2025)",Employ (Application),False,,,https://www.courtlistener.com/docket/72050338/26/conscious-content-media-inc/,https://www.courtlistener.com/docket/72050338/conscious-content-media-inc/,
A_universe,claims agent retention,True,deb,"Creativemass Holdings, Inc.",25-10695,2025-04-14,69887343,436439028,2025-04-15,18,,claims_agent,supplemental_declaration,debtor,,"Supplemental Declaration in Support /Supplemental Declaration of Sherly Betance in Support of Debtors' Application for Appointment of Stretto, Inc. as Claims and Noticing Agent (related document(s)6) Filed by Creativemass Holdings, Inc.. (Attachments: # 1 Exhibit 1) (Gambale, Alexis) (Entered: 04/15/2025)",Declaration in Support,False,,,https://www.courtlistener.com/docket/69887343/18/creativemass-holdings-inc/,https://www.courtlistener.com/docket/69887343/creativemass-holdings-inc/,
A_universe,claims agent retention,True,deb,"Creativemass Holdings, Inc.",25-10695,2025-04-14,69887343,436508579,2025-04-15,23,,claims_agent,retention_application,debtor,,"Certification of Counsel Regarding Debtors' Application for Appointment of Stretto, Inc. as Claims and Noticing Agent (related document(s)6) Filed by Creativemass Holdings, Inc.. (Attachments: # 1 Exhibit A # 2 Exhibit B) (Gambale, Alexis) (Entered: 04/15/2025)",Certification of Counsel(Aty),False,,,https://www.courtlistener.com/docket/69887343/23/creativemass-holdings-inc/,https://www.courtlistener.com/docket/69887343/creativemass-holdings-inc/,
A_universe,claims agent retention,True,deb,"Creativemass Holdings, Inc.",25-10695,2025-04-14,69887343,436632393,2025-04-16,29,,claims_agent,order,unknown,"and Appointment of STRETTO, INC","Order Authorizing Retention and Appointment of STRETTO, INC. as Claims and Noticing Agent (Related Doc # 6, 23) Signed on 4/16/2025. (Attachments: # 1 Exhibit 1) (LMC) (Entered: 04/16/2025)",Application to Appoint Claims/Noticing Agent,False,,,https://www.courtlistener.com/docket/69887343/29/creativemass-holdings-inc/,https://www.courtlistener.com/docket/69887343/creativemass-holdings-inc/,
A_universe,claims agent retention,True,deb,"DSI Winddown, Inc.",25-10518,2025-03-18,69749662,433534722,2025-03-18,4,,claims_agent,retention_application,unknown,,"Application to Appoint Claims/Noticing Agent STRETTO Filed By Danimer Scientific, Inc. (Steiger, Alexander) (Entered: 03/18/2025)",Application to Appoint Claims/Noticing Agent,False,,,https://www.courtlistener.com/docket/69749662/4/danimer-scientific-inc/,https://www.courtlistener.com/docket/69749662/dsi-winddown-inc/,
A_universe,claims agent retention,True,deb,"DSI Winddown, Inc.",25-10518,2025-03-18,69749662,433923666,2025-03-21,43,,claims_agent,supplemental_declaration,debtor,,"Supplemental Declaration of Sheryl Betance in Support of Debtors' Application for Appointment of Stretto, Inc. as Claims and Noticing Agent (related document(s)4) Filed by Danimer Scientific, Inc.. (Attachments: # 1 Exhibit 1) (Milana, Matthew) (Entered: 03/21/2025)",Declaration,False,,,https://www.courtlistener.com/docket/69749662/43/danimer-scientific-inc/,https://www.courtlistener.com/docket/69749662/dsi-winddown-inc/,
A_universe,claims agent retention,True,deb,"DSI Winddown, Inc.",25-10518,2025-03-18,69749662,433923657,2025-03-21,44,,claims_agent,order,unknown,"and Appointment of Stretto, Inc","Exhibit(s) (Notice of Filing of Revised Proposed Order Authorizing Retention and Appointment of Stretto, Inc. as Claims and Noticing Agent) (related document(s)4, 43) Filed by Danimer Scientific, Inc.. (Attachments: # 1 Exhibit A # 2 Exhibit B) (Milana, Matthew) (Entered: 03/21/2025)",Exhibit,False,,,https://www.courtlistener.com/docket/69749662/44/danimer-scientific-inc/,https://www.courtlistener.com/docket/69749662/dsi-winddown-inc/,
A_universe,claims agent retention,True,deb,Danskammer HoldCo LLC,26-10950,2026-06-10,73467417,483070196,2026-06-16,4,,claims_agent,retention_application,debtor,"Epiq Corporate Restructuring, LLC","Application/Motion to Employ/Retain Epiq Corporate Restructuring, LLC as Claims and Noticing Agent to the Debtors Filed By Danskammer HoldCo LLC (Attachments: # 1 Exhibit A # 2 Exhibit B # 3 Exhibit C)(Venkateswaran, Soumya) (Entered: 06/16/2026)",Employ/Retain - Application/Motion,False,,,https://www.courtlistener.com/docket/73467417/4/danskammer-holdco-llc/,https://www.courtlistener.com/docket/73467417/danskammer-holdco-llc/,
A_universe,claims agent retention,True,deb,Danskammer HoldCo LLC,26-10950,2026-06-10,73467417,483328629,2026-06-18,26,,claims_agent,order,debtor,"Epiq Corporate Restructuring, LLC","Order (I) Approving the Retention of Epiq Corporate Restructuring, LLC as the Claims and Noticing Agent to the Debtors, Effective as of the Petition Date, and (II) Granting Related Relief (Related Doc # 4) Order Signed on 6/18/2026. (Mml) (Entered: 06/18/2026)",Employ (Application),False,,,https://www.courtlistener.com/docket/73467417/26/danskammer-holdco-llc/,https://www.courtlistener.com/docket/73467417/danskammer-holdco-llc/,
A_universe,claims agent retention,True,deb,"F21 OpCo, LLC",25-10469,2025-03-16,69744198,433342614,2025-03-16,4,,claims_agent,retention_application,unknown,,"Application to Appoint Claims/Noticing Agent KURTZMAN CARSON CONSULTANTS, LLC Filed By F21 OpCo, LLC (Magaziner, Andrew) (Entered: 03/16/2025)",Application to Appoint Claims/Noticing Agent (BF),False,,,https://www.courtlistener.com/docket/69744198/4/f21-opco-llc/,https://www.courtlistener.com/docket/69744198/f21-opco-llc/,
A_universe,claims agent retention,True,deb,"F21 OpCo, LLC",25-10469,2025-03-16,69744198,433534808,2025-03-18,72,,claims_agent,order,unknown,,"Order Appointing Kurtzman Carson Consultants, LLC dba Verita Global as Claims and Noticing Agent Effective as of the Petition Date (Related Doc # 4) Signed on 3/18/2025. (LMC) (Entered: 03/18/2025)",Application to Appoint Claims/Noticing Agent,False,,,https://www.courtlistener.com/docket/69744198/72/f21-opco-llc/,https://www.courtlistener.com/docket/69744198/f21-opco-llc/,
A_universe,claims agent retention,True,deb,"F21 OpCo, LLC",25-10469,2025-03-16,69744198,443624545,2025-06-17,463,,claims_agent,other,unknown,,"Receipt of filing fee for Transfer/Assignment of Claim - Ch 11 with Claims Agent Assigned( 25-10469-MFW) [claims,trclm11] ( 84.00). Receipt Number A12231240, amount $ 84.00. (U.S. Treasury) (Entered: 06/17/2025)",,False,,,https://www.courtlistener.com/docket/69744198/463/f21-opco-llc/,https://www.courtlistener.com/docket/69744198/f21-opco-llc/,
A_universe,claims agent retention,True,deb,FLOAT Alaska LLC,26-10075,2026-01-26,72187012,466432458,2026-01-26,4,,claims_agent,retention_application,unknown,,"Application to Appoint Claims/Noticing Agent STRETTO Filed By FLOAT Alaska LLC (Attachments: # 1 Exhibit A - Proposed Order # 2 Exhibit B - Betance Declaration # 3 Exhibit C - Engagement Agreement)(Topper, Paige) (Entered: 01/26/2026)",Application to Appoint Claims/Noticing Agent,False,,,https://www.courtlistener.com/docket/72187012/4/float-alaska-llc/,https://www.courtlistener.com/docket/72187012/float-alaska-llc/,
A_universe,claims agent retention,True,deb,FLOAT Alaska LLC,26-10075,2026-01-26,72187012,466730965,2026-01-28,31,,claims_agent,order,debtor,,"Order Authorizing Debtors Application to Appoint Stretto, Inc. as Claims and Noticing Agent (related document(s)4) Signed on 1/28/2026. (NAB) (Entered: 01/28/2026)",Application to Appoint Claims/Noticing Agent,False,,,https://www.courtlistener.com/docket/72187012/31/float-alaska-llc/,https://www.courtlistener.com/docket/72187012/float-alaska-llc/,
A_universe,claims agent retention,True,deb,FLOAT Alaska LLC,26-10075,2026-01-26,72187012,467106340,2026-01-30,37,,claims_agent,order,debtor,,"Affidavit/Declaration of Service re: Debtors Motion for Entry of an Order Directing Joint Administration of Chapter 11 Cases for Procedural Purposes Only Granting and Related Relief (Docket No. 2), Debtors Motion for Entry of an Order Authorizing the Debtors to (I) File (A) a Consolidated Creditor Matrix and (B) a Consolidated List of the Debtors Top Thirty Creditors; and (II) Redact Certain Personally Identifiable Information for Individuals (Docket No. 3), Debtors Application to Appoint Stretto, Inc. as Claims and Noticing Agent (Docket No. 4), Debtors Motion for Entry of Interim and Final Orders (I) Authorizing the Debtors to (A) Continue Insurance Policies and Related Agreements, (B) Honor Certain Prepetition Obligations in Respect Thereof, and (C) Renew, Revise, or Enter Into New Insurance Coverage and Insurance Premium Financing as Needed in Their Business Judgment, and (II) Granting Related Relief (Docket No. 5), Debtors Motion for Entry of Interim and Final Orders (I) Authorizing the Debtors to (A) Pay Prepetition Employee Wages, Benefits, and Other Compensation Obligations and (B) Maintain Their Compensation and Benefits Programs, and (II) Granting Related Relief (Docket No. 6), Debtors Motion for Entry of Interim and Final Orders (I) Authorizing Continued Use of Existing Cash Management System, Bank Accounts, and Business Forms and Payment of Related Prepetition Obligations, (II) Authorizing Continuation of Intercompany Transactions, (III) Extending Time to Comply with 11 U.S.C. § 345(b), and (IV) Granting Related Relief (Docket No. 7), Debtors Motion for Interim and Final Orders (I) Authorizing the Debtors to Obtain Postpetition Financing, (II) Authorizing the Debtors to Use Cash Collateral, (III) Granting Liens and Providing Superpriority Administrative Expense Claims, (IV) Granting Adequate Protection, (V) Modifying the Automatic Stay, (Vi) Scheduling a Final Hearing, and (VII) Granting Related Relief (Docket No. 8), Declaration of Jarod Wada in Support of Debtors Motion for Entry of Interim and Final Orders (I) Authorizing the Debtors to Obtain Postpetition Financing, (II) Authorizing the Debtors to Use Cash Collateral, (III) Granting Liens and Providing Superpriority Administrative Expense Claims, (IV) Granting Adequate Protection, (V) Modifying the Automatic Stay, (VI) Scheduling a Final Hearing, and (VII) Granting Related Relief (Docket No. 10), Order Directing Joint Administration of the Debtors Chapter 11 Cases for Procedural Purposes Only and Granting Related Relief (Docket No. 26), Order Granting Debtors Motion for Entry of an Order Authorizing the Debtors to (I) File (A) a Consolidated Creditor Matrix and (B) a Consolidated List of the Debtors Top Thirty Creditors; and (II) Redact Certain Personally Identifiable Information for Individuals (Docket No. 27), Interim Order (I) Authorizing the Debtors to (A) Continue Insurance Policies and Related Agreements, (B) Honor Certain Prepetition Obligations in Respect Thereof, and (C) Renew, Revise, or Enter into New Insurance Coverage and Insurance Premium Financing as Needed in Their Business Judgment, and (II) Granting Related Relief (Docket No. 28), Interim Order (I) Authorizing Debtors Continued Use of Existing Cash Management System, Bank Accounts, and Business Forms and Payment of Related Prepetition Obligations, (II) Authorizing Continuation of Intercompany Transactions, (III) Extending Time to Comply with the Requirements of 11 U.S.C. § 345(b), and (IV) Granting Related Relief (Docket No. 29), Interim Order (I) Authorizing the Debtors to Obtain Postpetition Financing, (II) Authorizing the Debtors to Use Cash Collateral, (III) Granting Liens and Providing Superpriority Administrative Expense Claims, (IV) Granting Adequate Protection, (V) Modifying the Automatic Stay, (VI) Scheduling a Final Hearing, and (VII) Granting Related Relief (Docket No. 30), Order Authorizing Debtors Application to Appoint Stretto, Inc. as Claims and Noticing Agent (Docket No. 31), Order (I) Authorizing the Debtors to (A) Pay Prepetition Employee Wages, Benefits, and Other Compensation Obligations and (B) Maintain the Compensation and Benefits Programs, and (II) Granting Related Relief (Docket No. 32), Omnibus Notice of Entry of First Day Orders and Final Hearing Thereon (Docket No. 33). Filed by Stretto. (related document(s)2, 3, 4, 5, 6, 7, 8, 10, 26, 27, 28, 29, 30, 31, 32, 33) (Betance, Sheryl) (Entered: 01/30/2026)",Affidavit/Declaration of Service,False,,,https://www.courtlistener.com/docket/72187012/37/float-alaska-llc/,https://www.courtlistener.com/docket/72187012/float-alaska-llc/,
A_universe,claims agent retention,True,deb,"Finch Therapeutics Group, Inc.",26-10409,2026-03-22,72528371,473120148,2026-03-22,4,,claims_agent,retention_application,unknown,"Omni Agent Solutions, Inc","Application/Motion to Employ/Retain Omni Agent Solutions, Inc. as Claims and Noticing Agent Filed By Finch Therapeutics Group, Inc. (Bach, Aaron) (Entered: 03/22/2026)",Application/Motion to Employ (B),False,,,https://www.courtlistener.com/docket/72528371/4/finch-therapeutics-group-inc/,https://www.courtlistener.com/docket/72528371/finch-therapeutics-group-inc/,
A_universe,claims agent retention,True,deb,"Finch Therapeutics Group, Inc.",26-10409,2026-03-22,72528371,473640058,2026-03-26,28,,claims_agent,order,unknown,,"Order Authorizing And Approving The Appointment Of Omni Agent Solutions, Inc. As Claims And Noticing Agent And Granting Related Relief (Related Doc # 4) Order Signed on 3/26/2026. (Attachments: # 1 Exhibit 1) (CMB) (Entered: 03/26/2026)",Employ (Application),False,,,https://www.courtlistener.com/docket/72528371/28/finch-therapeutics-group-inc/,https://www.courtlistener.com/docket/72528371/finch-therapeutics-group-inc/,
A_universe,claims agent retention,True,deb,"Finch Therapeutics Group, Inc.",26-10409,2026-03-22,72528371,474279431,2026-03-31,54,,claims_agent,order,debtor,,"Affidavit/Declaration of Service re Debtors Motion for Entry of an Order (I) Directing Joint Administration of Related Chapter 11 Cases and (II) Granting Related Relief [Docket No. 3], Application of Debtors for Entry of an Order Authorizing and Approving the Appointment of Omni Agent Solutions, Inc. as Claims and Noticing Agent and Granting Related Relief [Docket No. 4], Motion of Debtors for Entry of an Order (I) Authorizing Debtors to (A) File a Consolidated List of Creditors in Lieu of Submitting a Separate Mailing Matrix for Each Debtor; (B) File a Consolidated List of Top Twenty (20) Largest Unsecured Creditors; and (C) Redact Certain Personally Identifiable Information of Natural Persons; (II) Modifying the Requirement to File a List of all Equity Holders; and (III) Granting Related Relief [Docket No. 5], Debtors Motion for Entry of Interim and Final Orders Authorizing the Debtors to Pay Certain Prepetition Taxes and Related Obligations [Docket No. 6], Debtors Motion for Entry of Interim and Final Orders (I) Authorizing Debtors to (A) Maintain Existing Insurance Policies and Pay All Insurance Obligations Arising Thereunder, and (B) Renew, Supplement, Modify, or Purchase Insurance Coverage, and (II) Granting Related Relief [Docket No. 7], Debtors Motion for Entry of Interim and Final Orders (I) Authorizing Debtors to (A) Continue to Operate Their Cash Management System, (B) Honor Certain Prepetition Obligations Related Thereto, and (C) Maintain Existing Business Forms and (II) Granting Related Relief [Docket No. 8], Declaration of Matthew P. Blischak, Chief Executive Officer, Secretary, and President of the Debtors, in Support of the Debtors Chapter 11 Petitions and First Day Pleadings [Docket No. 9], Debtors Motion Pursuant to Sections 105, 363, and 365 of the Bankruptcy Code for Entry of (A) an Order (I) Approving Bidding Procedures for the Sale of All or Substantially All of the Debtors Assets, (II) Scheduling Hearings and Objection Deadlines with Respect to the Sale, (III) Scheduling Bid Deadlines and an Auction, (IV) Approving the Form and Manner of Notice Thereof, (V) Approving Assumption and Assignment Procedures for Executory Contracts and Unexpired Leases, (VI) Authorizing the Debtors to Enter into One or More Stalking Horse Agreements, and (VII) Granting Related Relief and (B) an Order (I) Approving the Sale of Substantially All of the Debtors Assets Free and Clear of Liens, Claims, Interests, and Encumbrances, (II) Approving Assumption and Assignment of Executory Contracts and Unexpired Leases and (III) Granting Related Relief [Docket No. 17], Order (I) Directing Joint Administration of Related Chapter 11 Cases and (II) Granting Related Relief [Docket No. 27], Order Authorizing and Approving the Appointment of Omni Agent Solutions, Inc. as Claims and Noticing Agent and Granting Related Relief [Docket No. 28], Order (I) Authorizing Debtors to (A) File a Consolidated List of Creditors in Lieu of Submitting a Separate Mailing Matrix for Each Debtor; (B) File a Consolidated List of Top Twenty (20) Largest Unsecured Creditors; and (C) Redact Certain Personally Identifiable Information of Natural Persons; (II) Modifying the Requirement to File a List of All Equity Holders and (III) Granting Related Relief [Docket No. 29], Interim Order Authorizing Debtors to Pay Certain Prepetition Taxes and Related Obligations [Docket No. 30], Interim Order (I) Authorizing Debtors to (A) Maintain Existing Insurance Policies and Pay All Insurance Obligations Arising Thereunder, and (B) Renew, Supplement, Modify, or Purchase Insurance Coverage, and (II) Granting Related Relief [Docket No. 31], Interim Order (I) Authorizing Debtors to (A) Continue to Operate Their Cash Management System, (B) Honor Certain Prepetition Obligations Related Thereto, and (C) Maintain Existing Business Forms and (II) Granting Related Relief [Docket No. 32], Notice of Hearing Regarding Debtors Motion for Entry of an Order (I) Authorizing (A) the Rejection of an Unexpired Lease, and (B) Abandonment of Personal Property, If Any, Each Effective as of the Petition Date; and (II) Granting Related Relief [Docket No. 33], Notice of Hearing Regarding Debtors Motion Pursuant to Sections 105, 363, and 365 of the Bankruptcy Code for Entry of (A) an Order (I) Approving Bidding Procedures for the Sale of All or Substantially All of the Debtors Assets, (II) Scheduling Hearings and Objection Deadlines with Respect to the Sale, (III) Scheduling Bid Deadlines and an Auction, (IV) Approving the Form and Manner of Notice Thereof, (V) Approving Assumption and Assignment Procedures for Executory Contracts and Unexpired Leases, (VI) Authorizing the Debtors to Enter Into One or More Stalking Horse Agreements, and (VII) Granting Related Relief and (B) an Order (I) Approving the Sale of Substantially All of the Debtors Assets Free and Clear of Liens, Claims, Interests, and Encumbrances, (II) Approving Assumption and Assignment of Executory Contracts and Unexpired Leases and (III) Granting Related Relief [Docket No. 34] and Notice of Motions and Hearing [Docket No. 35]. Filed by Omni Management Group, Inc.. (related document(s)3, 4, 5, 6, 7, 8, 9, 17, 27, 28, 29, 30, 31, 32, 33, 34, 35) (Lowry, Randy) (Entered: 03/31/2026)",Affidavit/Declaration of Service,False,,,https://www.courtlistener.com/docket/72528371/54/finch-therapeutics-group-inc/,https://www.courtlistener.com/docket/72528371/finch-therapeutics-group-inc/,
A_universe,claims agent retention,True,deb,"FlexShopper, Inc.",25-12254,2025-12-22,72065968,462778969,2025-12-22,15,,claims_agent,retention_application,unknown,,"Application to Appoint Claims/Noticing Agent EPIQ CORPORATE RESTRUCTURING, LLC Filed By FlexShopper, Inc. (Attachments: # 1 Exhibit A: Proposed Order # 2 Exhibit B: Frodsham Declaration # 3 Exhibit C: Engagement Agreement)(Rogers Churchill, Sophie) (Entered: 12/22/2025)",Application to Appoint Claims/Noticing Agent,False,,,https://www.courtlistener.com/docket/72065968/15/flexshopper-inc/,https://www.courtlistener.com/docket/72065968/flexshopper-inc/,
A_universe,claims agent retention,True,deb,"GO Lab Madison, LLC",25-10558,2025-03-25,69785168,434266177,2025-03-25,5,,claims_agent,retention_application,unknown,,"Application to Appoint Claims/Noticing Agent OMNI AGENT SOLUTIONS Filed By GO Lab Madison, LLC (Attachments: # 1 Exhibit A - Proposed Order # 2 Exhibit B - Declaration of Claims and Noticing Agent # 3 Exhibit C - Proposed Services Agreement)(Felger Esq., Mark) (Entered: 03/25/2025)",Application to Appoint Claims/Noticing Agent,False,,,https://www.courtlistener.com/docket/69785168/5/go-lab-madison-llc/,https://www.courtlistener.com/docket/69785168/go-lab-madison-llc/,
A_universe,claims agent retention,True,deb,"GO Lab, Inc.",25-10557,2025-03-25,69785169,435076524,2025-04-01,59,,claims_agent,order,debtor,,"Affidavit/Declaration of Service re: Debtors Motion for Order Authorizing Joint Administration of the Debtors Chapter 11 Cases [Docket No. 4], Application for an Order Appointing Omni Agent Solutions, Inc. as Claims and Noticing Agent for the Debtors Pursuant to 28 U.S.C. § 105(a) and LBR 2002-1(e) [Docket No. 5], Motion of the Debtors for Order Authorizing the Debtors to File (I) a Consolidated Creditor Matrix, and (II) a Consolidated List of the 20 Largest Unsecured Creditors [Docket No. 7], Debtors Motion for Entry of Interim and Final Orders (A) Authorizing the Debtors to Pay and Perform All Employee Obligations, (B) Directing Banks to Honor All Related Transfers, and (C) Granting Related Relief [Docket No. 8], Debtors Motion for Entry of Interim and Final Orders (I) Prohibiting Utility Companies From Altering, Refusing or Discontinuing Services to, or Discriminating Against, the Debtors on Account of Prepetition Amounts Due; (II) Deeming Utility Providers Adequately Assured of Future Performance; (III) Authorizing the Debtors to Establish the Adequate Assurance Deposit Accounts and Pay the Adequate Assurance Deposits; (IV) Establishing Procedures for Objection to the Adequate Assurance Procedures; (V) Requiring Utility Providers to Return Deposits for Utility Services No Longer in Use; and (VI) Granting Certain Related Relief [Docket No. 9], Debtors Motion for Entry of Order (I) Authorizing Continued Use of Existing Cash Management System and Maintenance of Existing Bank Accounts, (II) Authorizing Continued Use of Existing Business Forms and Checks and (III) Granting Related Relief [Docket No. 10], Debtors Motion for Interim and Final Orders: (I) Authorizing the Debtors to (A) Maintain Existing Insurance Policies, (B) Continue Payments Pursuant to Premium Financing Agreement, and (C) Obtain New or Alternate Insurance Coverage in the Ordinary Course of Business; and (II) Scheduling a Final Hearing [Docket No. 11], Debtors Motion for Entry of Interim and Final Orders (I) Authorizing Debtors In Possession to Obtain Postpetition Secured Superpriority Financing, (II) Authorizing Use of Cash Collateral, (III) Granting Adequate Protection, (IV) Scheduling Final Hearing, and (V) Granting Certain Related Relief [Docket No. 12], Order Authorizing Joint Administration of the Debtors Chapter 11 Cases [Docket No. 19], Interim Order Granting Debtors Motion for Entry of Interim and Final Orders (A) Authorizing the Debtors to Pay and Perform All Employee Obligations, (B) Directing Banks to Honor All Related Transfers, and (C) Granting Related Relief [Docket No. 36], Interim Order Granting Debtors Motion for Entry of Order (I) Authorizing Continued Use of Existing Cash Management System and Maintenance of Existing Bank Accounts, (II) Authorizing Continued Use of Existing Business Forms and Checks, and (III) Granting Related Relief [Docket No. 37], Order Granting Application for an Order Appointing Omni Agent Solutions, Inc. as Claims and Noticing Agent for the Debtors Pursuant to 28 U.S.C. § 105(a) and LBR 2002-1(e) [Docket No. 39], Interim Order (I) Authorizing Debtors and Debtors In Possession to (A) Obtain Postpetition Financing, (B) Use Cash Collateral, (C) Grant Liens and Super-Priority Claims, and (D) Grant Adequate Protection; (II) Modifying the Automatic Stay; (III) Scheduling a Final Hearing; and (IV) Granting Related Relief [Docket No. 40], Interim Order (I) Authorizing the Debtors to (A) Maintain Existing Insurance Policies, (B) Continue Payments Pursuant to Premium Financing Agreements, and (C) Obtain New or Alternate Insurance Coverage in the Ordinary Course of Business; and (II) Scheduling a Final Hearing [Docket No. 41], Interim Order (I) Prohibiting Utility Companies from Altering, Refusing or Discontinuing Services to, or Discriminating Against, the Debtors on Account of Prepetition Amounts Due; (II) Deeming Utility Providers Adequately Assured of Future Performance; (III) Authorizing the Debtors to Establish the Adequate Assurance Deposit Accounts and Pay the Adequate Assurance Deposits; (IV) Establishing Procedures for Objection to the Adequate Assurance Procedures; (V) Requiring Utility Providers to Return Deposits for Utility Services No Longer in Use; and (VI) Granting Certain Related Relief [Docket No. 44], and Order Granting Motion of the Debtors for Order Authorizing the Debtors to File (I) a Consolidated Creditor Matrix, and (II) A Consolidated List of the 20 Largest Unsecured Creditors [Docket No. 45]. Filed by OMNI AGENT SOLUTIONS INC. (related document(s)4, 5, 7, 8, 9, 10, 11, 12, 19, 36, 37, 39, 40, 41, 44, 45) (Lowry, Randy) (Entered: 04/01/2025)",Affidavit/Declaration of Service,False,,,https://www.courtlistener.com/docket/69785169/59/go-lab-inc/,https://www.courtlistener.com/docket/69785169/go-lab-inc/,
A_universe,claims agent retention,True,deb,"GO Lab, Inc.",25-10557,2025-03-25,69785169,461449859,2025-05-20,126,,claims_agent,other,unknown,,"Receipt of filing fee for Transfer/Assignment of Claim - Ch 11 with Claims Agent Assigned( 25-10557-KBO) [claims,trclm11] ( 28.00). Receipt Number A12185110, amount $ 28.00. (U.S. Treasury) (Entered: 05/20/2025)",,False,,,https://www.courtlistener.com/docket/69785169/126/go-lab-inc/,https://www.courtlistener.com/docket/69785169/go-lab-inc/,
A_universe,claims agent retention,True,deb,"GO Lab, Inc.",25-10557,2025-03-25,69785169,461449860,2025-05-20,127,,claims_agent,other,unknown,,"Receipt of filing fee for Transfer/Assignment of Claim - Ch 11 with Claims Agent Assigned( 25-10557-KBO) [claims,trclm11] ( 28.00). Receipt Number A12185110, amount $ 28.00. (U.S. Treasury) (Entered: 05/20/2025)",,False,,,https://www.courtlistener.com/docket/69785169/127/go-lab-inc/,https://www.courtlistener.com/docket/69785169/go-lab-inc/,
A_universe,claims agent retention,True,deb,"GST, Inc.",25-12188,2025-12-11,72020852,462392180,2025-12-18,4,,claims_agent,retention_application,unknown,,"Application to Appoint Claims/Noticing Agent STRETTO Filed By GST, Inc. Hearing scheduled for 12/22/2025 at 09:30 AM at US Bankruptcy Court, 824 Market St., 6th Fl., Courtroom #3, Wilmington, Delaware. (Attachments: # 1 Proposed Form of Order # 2 Declaration)(Angelo, Jason) (Entered: 12/18/2025)",Application to Appoint Claims/Noticing Agent (BF),False,,,https://www.courtlistener.com/docket/72020852/4/gst-inc/,https://www.courtlistener.com/docket/72020852/gst-inc/,
A_universe,claims agent retention,True,deb,"GST, Inc.",25-12188,2025-12-11,72020852,462770859,2025-12-22,20,,claims_agent,order,unknown,"and Appointment of Stretto, Inc","Certification of Counsel (Certification of Counsel Submitting Revised Order Authorizing Retention and Appointment of Stretto, Inc., as Claims and Noticing Agent) (related document(s)4) Filed by GST, Inc.. (Attachments: # 1 Exhibit A (Revised Order) # 2 Exhibit B (Redline)) (Angelo, Jason) (Entered: 12/22/2025)",Certification of Counsel,False,,,https://www.courtlistener.com/docket/72020852/20/gst-inc/,https://www.courtlistener.com/docket/72020852/gst-inc/,
A_universe,claims agent retention,True,deb,"GST, Inc.",25-12188,2025-12-11,72020852,462783945,2025-12-22,22,,claims_agent,supplemental_declaration,unknown,"Stretto, Inc","Supplemental Declaration in Support (Supplemental Declaration of Nicholas Rubin in Support of Retention of Stretto, Inc. as Claims and Noticing Agent) (related document(s)4, 6) Filed by GST, Inc.. (Angelo, Jason) (Entered: 12/22/2025)",Declaration in Support,True,4,recap/gov.uscourts.deb.200004/gov.uscourts.deb.200004.22.0.pdf,https://www.courtlistener.com/docket/72020852/22/gst-inc/,https://www.courtlistener.com/docket/72020852/gst-inc/,"Case 25-12188-KBO Doc 22 Filed 12/22/25 Page 1 of 4 IN THE UNITED STATES BANKRUPTCY COURT FOR THE DISTRICT OF DELAWARE ) In re: ) Chapter 11 ) GST, INC.,1 ) Case No. 25-12188 (KBO)"
A_universe,claims agent retention,True,deb,Glenwood Caverns Holdings LLC,26-10166,2026-02-09,72251076,468152547,2026-02-09,3,,claims_agent,retention_application,unknown,,"Application to Appoint Claims/Noticing Agent EPIQ CORPORATE RESTRUCTURING, LLC Filed By Glenwood Caverns Holdings LLC (Hazeltine, William) (Entered: 02/09/2026)",Application to Appoint Claims/Noticing Agent,False,,,https://www.courtlistener.com/docket/72251076/3/glenwood-caverns-holdings-llc/,https://www.courtlistener.com/docket/72251076/glenwood-caverns-holdings-llc/,
A_universe,claims agent retention,True,deb,Glenwood Caverns Holdings LLC,26-10166,2026-02-09,72251076,468495740,2026-02-11,25,,claims_agent,order,debtor,,"Order Granting Application Of The Debtor For Entry Of An Order Pursuant To 28 U.S.C. § 156(c), 11 U.S.C. § 105(a), Bankruptcy Rule 2002(f), And Local Rule 2002-1(e), Authorizing Appointment Of Epiq Corporate Restructuring, LLC As Claims And Noticing Agent, Effective As Of The Petition Date (Related Doc # 3) Order Signed on 2/11/2026. (Attachments: # 1 Exhibit 1) (CMB) (Entered: 02/11/2026)",Application to Appoint Claims/Noticing Agent,False,,,https://www.courtlistener.com/docket/72251076/25/glenwood-caverns-holdings-llc/,https://www.courtlistener.com/docket/72251076/glenwood-caverns-holdings-llc/,
A_universe,claims agent retention,True,deb,"GoHealth, Inc.",26-10914,2026-06-07,73450943,481831728,2026-06-07,8,,claims_agent,retention_application,unknown,,"Application to Appoint Claims/Noticing Agent DONLIN, RECANO & CO., LLC Filed By GoHealth, Inc. (Attachments: # 1 Exhibit A - Proposed Order # 2 Exhibit B - Terry Declaration)(Jones, Laura Davis) (Entered: 06/07/2026)",Application to Appoint Claims/Noticing Agent,True,14,recap/gov.uscourts.deb.201581/gov.uscourts.deb.201581.8.0.pdf,https://www.courtlistener.com/docket/73450943/8/gohealth-inc/,https://www.courtlistener.com/docket/73450943/gohealth-inc/,"Case 26-10914-TMH Doc 8 Filed 06/07/26 Page 1 of 14 IN THE UNITED STATES BANKRUPTCY COURT FOR THE DISTRICT OF DELAWARE ) In re: ) Chapter 11 ) GOHEALTH, INC., et al.,1"
A_universe,claims agent retention,True,deb,"GoHealth, Inc.",26-10914,2026-06-07,73450943,481860933,2026-06-07,8,1,claims_agent,retention_application,unknown,,"Application to Appoint Claims/Noticing Agent DONLIN, RECANO & CO., LLC Filed By GoHealth, Inc. (Attachments: # 1 Exhibit A - Proposed Order # 2 Exhibit B - Terry Declaration)(Jones, Laura Davis) (Entered: 06/07/2026)",Exhibit A - Proposed Order,True,18,recap/gov.uscourts.deb.201581/gov.uscourts.deb.201581.8.1.pdf,https://www.courtlistener.com/docket/73450943/8/1/gohealth-inc/,https://www.courtlistener.com/docket/73450943/gohealth-inc/,"Case 26-10914-TMH Doc 8-1 Filed 06/07/26 Page 1 of 18 Exhibit A Proposed Order Case 26-10914-TMH Doc 8-1 Filed 06/07/26 Page 2 of 18 IN THE UNITED STATES BANKRUPTCY COURT FOR THE DISTRICT OF DELAWARE In re: Chapter 11 GOHEALTH, INC., et ai.,! Case No. 26-10914 [e] Debtors. (Joint Administration Requested) Re: Docket No. _ Newer ee Nee eee eee ee eee” ORDER AUTHORIZING RETENTION AND APPOINTMENT OF DONLIN, RECANO &amp; COMPANY LLC AS CLAIMS AND NOTICING AGENT PURSUANT TO 28 U.S.C. § 156(c)"
A_universe,claims agent retention,True,deb,"GoHealth, Inc.",26-10914,2026-06-07,73450943,481860934,2026-06-07,8,2,claims_agent,retention_application,unknown,,"Application to Appoint Claims/Noticing Agent DONLIN, RECANO & CO., LLC Filed By GoHealth, Inc. (Attachments: # 1 Exhibit A - Proposed Order # 2 Exhibit B - Terry Declaration)(Jones, Laura Davis) (Entered: 06/07/2026)",Exhibit B - Terry Declaration,True,8,recap/gov.uscourts.deb.201581/gov.uscourts.deb.201581.8.2.pdf,https://www.courtlistener.com/docket/73450943/8/2/gohealth-inc/,https://www.courtlistener.com/docket/73450943/gohealth-inc/,Case 26-10914-TMH Doc 8-2 Filed 06/07/26 Page 1 of 8 Exhibit B Terry Declaration Case 26-10914-TMH Doc 8-2 Filed 06/07/26 Page 2 of 8 IN THE UNITED STATES BANKRUPTCY COURT FOR THE DISTRICT OF DELAWARE ) In re: ) Chapter
A_universe,claims agent retention,True,deb,"Golf Services Wind Down, LLC.",25-12089,2025-11-21,71948021,459817312,2025-11-23,6,,claims_agent,retention_application,unknown,,"Application to Appoint Claims/Noticing Agent EPIQ CORPORATE RESTRUCTURING, LLC Filed By GBI Services, LLC (McCauley, James) (Entered: 11/23/2025)",Application to Appoint Claims/Noticing Agent,False,,,https://www.courtlistener.com/docket/71948021/6/gbi-services-llc/,https://www.courtlistener.com/docket/71948021/golf-services-wind-down-llc/,
A_universe,claims agent retention,True,deb,"Golf Services Wind Down, LLC.",25-12089,2025-11-21,71948021,482003368,2025-11-25,27,1,claims_agent,notice,debtor,"Epiq Corporate Restructuring, LLC","Exhibit(s) (Notice of Filing of Revised Proposed Order (I) Approving the Retention of Epiq Corporate Restructuring, LLC as the Claims and Noticing Agent to the Debtors, Effective as of the Petition Date, and (II) Granting Related Relief) (related document(s)6) Filed by GBI Services, LLC. (Attachments: # 1 Exhibit 1 # 2 Exhibit 2) (McCauley, James) (Entered: 11/25/2025)",Exhibit 1,False,7,,https://www.courtlistener.com/docket/71948021/27/1/gbi-services-llc/,https://www.courtlistener.com/docket/71948021/golf-services-wind-down-llc/,
A_universe,claims agent retention,True,deb,"Golf Services Wind Down, LLC.",25-12089,2025-11-21,71948021,482003369,2025-11-25,27,2,claims_agent,notice,debtor,"Epiq Corporate Restructuring, LLC","Exhibit(s) (Notice of Filing of Revised Proposed Order (I) Approving the Retention of Epiq Corporate Restructuring, LLC as the Claims and Noticing Agent to the Debtors, Effective as of the Petition Date, and (II) Granting Related Relief) (related document(s)6) Filed by GBI Services, LLC. (Attachments: # 1 Exhibit 1 # 2 Exhibit 2) (McCauley, James) (Entered: 11/25/2025)",Exhibit 2,False,7,,https://www.courtlistener.com/docket/71948021/27/2/gbi-services-llc/,https://www.courtlistener.com/docket/71948021/golf-services-wind-down-llc/,
A_universe,claims agent retention,True,deb,"HRHI Wind-down, LLC",25-10674,2025-04-08,69860865,435781182,2025-04-08,5,,claims_agent,retention_application,unknown,,"Application to Appoint Claims/Noticing Agent EPIQ CORPORATE RESTRUCTURING, LLC Filed By Royal Interco, LLC (Attachments: # 1 Exhibit A: Proposed Order # 2 Exhibit B: Tran Declaration # 3 Exhibit C: Engagement Agreement)(Dehney, Robert) (Entered: 04/08/2025)",Application to Appoint Claims/Noticing Agent,False,,,https://www.courtlistener.com/docket/69860865/5/royal-interco-llc/,https://www.courtlistener.com/docket/69860865/hrhi-wind-down-llc/,
A_universe,claims agent retention,True,deb,"HRHI Wind-down, LLC",25-10674,2025-04-08,69860865,436030218,2025-04-10,45,,claims_agent,order,unknown,,"Order (I) Authorizing and Approving the Appointment of Epiq Corporate Restructuring, LLC as Claims and Noticing Agent and (II) Granting Related Relief (Related Doc # 5)(related document(s)5) Order Signed on 4/10/2025. (DRG) (Entered: 04/10/2025)",Application to Appoint Claims/Noticing Agent,False,,,https://www.courtlistener.com/docket/69860865/45/royal-interco-llc/,https://www.courtlistener.com/docket/69860865/hrhi-wind-down-llc/,
A_universe,claims agent retention,True,deb,House Spirits Distillery LLC,25-10660,2025-04-06,69850516,435534657,2025-04-06,3,,claims_agent,retention_application,debtor,"Epiq Corporate Restructuring, LLC","Application/Motion to Employ/Retain Epiq Corporate Restructuring, LLC as Claims and Noticing Agent to the Debtor Filed by House Spirits Distillery LLC. (Riley, Richard) (Entered: 04/06/2025)",Employ/Retain - Application/Motion,False,,,https://www.courtlistener.com/docket/69850516/3/house-spirits-distillery-llc/,https://www.courtlistener.com/docket/69850516/house-spirits-distillery-llc/,
A_universe,claims agent retention,True,deb,House Spirits Distillery LLC,25-10660,2025-04-06,69850516,435830452,2025-04-09,23,,claims_agent,order,debtor,"Epiq Corporate Restructuring, LLC","Order (I) Approving the Retention of Epiq Corporate Restructuring, LLC as the Claims and Noticing Agent to the Debtor, Effective as of the Petition Date, and (II) Granting Related Relief (Related Doc # 3) Order Signed on 4/9/2025. (Mml) (Entered: 04/09/2025)",Employ (Application),False,,,https://www.courtlistener.com/docket/69850516/23/house-spirits-distillery-llc/,https://www.courtlistener.com/docket/69850516/house-spirits-distillery-llc/,
A_universe,claims agent retention,True,deb,"Hudson 1701/1706, LLC",25-11853,2025-10-22,71720980,457252987,2025-10-30,14,,claims_agent,retention_application,unknown,,"Application to Appoint Claims/Noticing Agent KURTZMAN CARSON CONSULTANTS, LLC Filed By Hudson 1701/1706, LLC (Attachments: # 1 Exhibit A- Proposed Order # 2 Exhibit B # 3 Exhibit C)(Olivere, Mark) (Entered: 10/30/2025)",Application to Appoint Claims/Noticing Agent (BF),False,,,https://www.courtlistener.com/docket/71720980/14/hudson-17011706-llc/,https://www.courtlistener.com/docket/71720980/hudson-17011706-llc/,
A_universe,claims agent retention,True,deb,"Hudson 1701/1706, LLC",25-11853,2025-10-22,71720980,457472273,2025-11-02,38,,claims_agent,retention_application,debtor,,"Exhibit(s) // Notice of Filing Revised Proposed Order to Debtors' Application for Entry of an Order Appointing Kurtzman Carson Consultants, LLC dba Verita Global as Claims and Noticing Agent Effective as of the Petition Date (related document(s)14) Filed by Hudson 1701/1706, LLC. (Attachments: # 1 Exhibit A # 2 Exhibit B) (Olivere, Mark) (Entered: 11/02/2025)",Exhibit(s),False,,,https://www.courtlistener.com/docket/71720980/38/hudson-17011706-llc/,https://www.courtlistener.com/docket/71720980/hudson-17011706-llc/,
A_universe,claims agent retention,True,deb,"Hudson 1701/1706, LLC",25-11853,2025-10-22,71720980,457521240,2025-11-03,49,,claims_agent,order,unknown,,"Order Appointing Kurtzman Carson Consultants, LLC dba Verita Global as Claims and Noticing Agent Effective as of the Petition Date (Related Doc # 14, 38) Order Signed on 11/3/2025. (Mml) (Entered: 11/03/2025)",Application to Appoint Claims/Noticing Agent,False,,,https://www.courtlistener.com/docket/71720980/49/hudson-17011706-llc/,https://www.courtlistener.com/docket/71720980/hudson-17011706-llc/,
A_universe,claims agent retention,True,deb,"IMG Holdings, Inc.",25-11500,2025-08-11,71084111,448767063,2025-08-11,12,,claims_agent,retention_application,unknown,,"Application to Appoint Claims/Noticing Agent STRETTO Filed By IMG Holdings, Inc. (Olivere, Mark) (Entered: 08/11/2025)",Application to Appoint Claims/Noticing Agent,False,,,https://www.courtlistener.com/docket/71084111/12/img-holdings-inc/,https://www.courtlistener.com/docket/71084111/img-holdings-inc/,
A_universe,claims agent retention,True,deb,"IMG Holdings, Inc.",25-11500,2025-08-11,71084111,449000408,2025-08-13,37,,claims_agent,order,unknown,and Appointment of Stretto,Order Authorizing Retention and Appointment of Stretto as Claims and Noticing Agent (Related Doc # 12) Order Signed on 8/13/2025. (Attachments: # 1 Exhibit 1 - Engagement Agreement) (Mml) (Entered: 08/13/2025),Application to Appoint Claims/Noticing Agent,False,,,https://www.courtlistener.com/docket/71084111/37/img-holdings-inc/,https://www.courtlistener.com/docket/71084111/img-holdings-inc/,
A_universe,claims agent retention,True,deb,"IMG Holdings, Inc.",25-11500,2025-08-11,71084111,449625231,2025-08-19,46,,claims_agent,order,debtor,and Appointment of Stretto,"Affidavit/Declaration of Service re: Declaration of Larry Thompson in Support of the Debtors Chapter 11 Petitions and First Day Pleadings (Docket No. 2), Debtors Motion for Entry of an Order (I) Directing Joint Administration of Cases and (II) Waiving Requirements of Bankruptcy Code Section 342(C)(1) and Bankruptcy Rules 1005 and 2002(N) (Docket No. 3), Debtors Motion for Entry of Interim and Final Orders (I) Authorizing Continued Use of Existing Cash Management System, Bank Accounts, and Business Forms and Payment of Related Prepetition Obligations; (II) Modifying Certain Deposit Requirements; and (III) Authorizing Continuance of Intercompany Transactions and Honoring Certain Related Prepetition Obligations (Docket No. 4), Debtors Motion for Entry of Interim and Final Orders Authorizing Debtors to (I) Maintain Existing Insurance Policies and Pay All Insurance Obligations Arising Thereunder, and (II) Renew, Revise, Extend, Supplement, Change, or Enter into New Insurance Policies (Docket No. 5), Debtors Motion for Entry of Interim and Final Orders (I)(A) Approving the Debtors Proposed Adequate Assurance of Payment for Future Utility Services, (B) Approving the Debtors Proposed Procedures for Resolving Additional Assurance Requests, and (C) Prohibiting Utility Providers from Altering, Refusing, or Discontinuing Services; and (II) Granting Related Relief (Docket No. 6), Debtors Motion for Interim and Final Orders Authorizing the Debtors to Pay Certain Prepetition Taxes and Related Obligations (Docket No. 7), Debtors Motion for Entry of Interim and Final Orders Authorizing Debtors to Pay Prepetition Wages, Compensation, and Employee Benefits (Docket No. 8), Motion of the Debtors for Entry of Interim and Final Orders Authorizing the Debtors to (A) Pay Prepetition Claims of Shippers, Warehousemen and Lien Claimants, and (B) Granting Related Relief (Docket No. 9), Debtors Motion for Entry of Interim and Final Orders (I) Authorizing the Debtors to Pay Certain Prepetition Claims of Critical Vendors And (II) Granting Related Relief (Docket No. 10), Debtors Motion for Entry of Order (I) Authorizing Debtors to File a Consolidated (A) Creditor Matrix and (B) Top 20 Creditors List, (II) Authorizing Redaction of Certain Personal Identification Information, and (III) Granting Related Relief (Docket No. 11), Debtors Application for Appointment of Stretto, Inc. As Claims and Noticing Agent (Docket No. 12), Debtors Motion Seeking Entry of Interim and Final Orders (I) Authorizing the Debtors to (A) Obtain Post Petition Financing and (B) Utilize Cash Collateral, (II) Granting Adequate Protection to Prepetition Secured Lender; (III) Modifying the Automatic Stay; (IV) Scheduling a Final Hearing; and (V) Granting Related Relief (Docket No. 13), Debtors Motion for Entry of Interim and Final Orders (I) Authorizing Debtors to (A) Honor Certain Prepetition Obligations to Customers And (B) Otherwise Continue Certain Customer Programs in The Ordinary Course of Business and (II) Granting Related Relief (Docket No. 19), Debtors Motion Seeking Entry of an Order (I) Approving Asset Purchase Agreement and Authorizing Sale of Substantially All of the Debtors Assets, Free and Clear of All Liens, Claims, Encumbrances and Other Interests, and (II) Granting Other Related Relief (Docket No. 23), Order (I) Directing Joint Administration of Cases and (II) Waiving Requirements of Bankruptcy Code Section 342(C)(1) and Bankruptcy Rules 1005 and 2002(N) (Docket No. 26), Interim Order (I) Authorizing Continued Use of Existing Cash Management System, Bank Accounts, And Business Forms and Payment of Related Prepetition Obligations; (II) Modifying Certain Deposit Requirements; And (III) Honoring Certain Related Prepetition Obligations (Docket No. 29), Interim Order Authorizing Debtors to (I) Maintain Existing Insurance Policies and Pay All Insurance Obligations Arising Thereunder, and (II) Renew, Revise, Extend, Supplement, Change, or Enter into New Insurance Policies (Docket No. 30), Interim Order (I)(A) Approving the Debtors Proposed Adequate Assurance of Payment for Future Utility Services, (B) Approving the Debtors Proposed Procedures for Resolving Additional Assurance Requests, and (C) Prohibiting Utility Providers from Altering, Refusing, or Discontinuing Services; and (II) Granting Related Relief (Docket No. 31), Interim Order Authorizing Debtors to Pay Certain Prepetition Taxes and Related Obligations (Docket No. 32), Interim Order Authorizing Debtors to Pay Prepetition Wages, Compensation, and Employee Benefits (Docket No. 33), Interim Order Authorizing the Debtors to (A) Pay Prepetition Claims of Shippers, Warehousemen and Lien Claimants, and (B) Granting Related Relief (Docket No. 34), Interim Order (I) Authorizing the Debtors to Pay Certain Prepetition Claims of Critical Vendors And (II) Granting Related Relief (Docket No. 35), Order (I) Authorizing Debtors to File a Consolidated (A) Creditor Matrix and (B) Top 20 Creditors List, (II) Authorizing Redaction of Certain Personal Identification Information, and (III) Granting Related Relief (Docket No. 36), Order Authorizing Retention and Appointment of Stretto as Claims and Noticing Agent (Docket No. 37), Interim Order (I) Authorizing Debtors to (a) Honor Certain Prepetition Obligations to Customers And (B) Otherwise Continue Certain Customer Programs in The Ordinary Course of Business and (II) Granting Related Relief (Docket No. 38), and Interim Order (I) Authorizing Post Petition Use of Cash Collateral, (II) Granting Adequate Protection to Patriarch Partners Agency Services, LLC, and (III) Scheduling a Final Hearing Pursuant to Bankruptcy Rule 4001(B) (Docket No. 39). Filed by Stretto. (related document(s)2, 3, 4, 5, 6, 7, 8, 9, 10, 11, 12, 13, 19, 23, 26, 29, 30, 31, 32, 33, 34, 35, 36, 37, 38, 39) (Betance, Sheryl) (Entered: 08/19/2025)",Affidavit/Declaration of Service,False,,,https://www.courtlistener.com/docket/71084111/46/img-holdings-inc/,https://www.courtlistener.com/docket/71084111/img-holdings-inc/,
A_universe,claims agent retention,True,deb,"Impac Mortgage Holdings, Inc.",26-10593,2026-04-26,73246225,477318941,2026-04-28,52,,claims_agent,supplemental_declaration,debtor,"and Retain Kurtzman Carson Consultants, LLC DBA Verita Global","Supplemental Declaration in Support // Supplemental Declaration of Evan Gershbein in Support of Debtors' Application for Authorization to Employ and Retain Kurtzman Carson Consultants, LLC DBA Verita Global as Claims and Noticing Agent Effective as of the Petition Date (related document(s)6) Filed by Impac Mortgage Holdings, Inc.. (Attachments: # 1 Exhibit A) (Jones, Laura Davis) (Entered: 04/28/2026)",Declaration in Support,True,2,recap/gov.uscourts.deb.201063/gov.uscourts.deb.201063.52.0.pdf,https://www.courtlistener.com/docket/73246225/52/impac-mortgage-holdings-inc/,https://www.courtlistener.com/docket/73246225/impac-mortgage-holdings-inc/,
A_universe,claims agent retention,True,deb,"Impac Mortgage Holdings, Inc.",26-10593,2026-04-26,73246225,477527441,2026-04-29,82,,claims_agent,order,unknown,"and Retain Kurtzman Carson Consultants, LLC DBA Verita Global","Notice of Service Notice of Entry of Order Authorizing the Debtrors to Employ and Retain Kurtzman Carson Consultants, LLC DBA Verita Global as Claims and Noticing Agent Effective as of the Petition Date (related document(s)6, 69) Filed by Impac Mortgage Holdings, Inc.. (Attachments: # 1 Exhibit 1 - Motion # 2 Exhibit 2 Entered Interim Order) (Jones, Laura Davis) (Entered: 04/29/2026)",Notice of Service,False,,,https://www.courtlistener.com/docket/73246225/82/impac-mortgage-holdings-inc/,https://www.courtlistener.com/docket/73246225/impac-mortgage-holdings-inc/,
A_universe,claims agent retention,True,deb,"Impac Mortgage Holdings, Inc.",26-10593,2026-04-26,73246225,478080513,2026-05-04,98,,claims_agent,supplemental_declaration,debtor,"and Retain Kurtzman Carson Consultants, LLC dba Verita Global","Supplemental Certificate of Service re: 1) Supplemental Declaration of Evan Gershbein in Support of Debtors' Application for Authorization to Employ and Retain Kurtzman Carson Consultants, LLC dba Verita Global as Claims and Noticing Agent Effective as of the Petition Date; and 2) Application to Appear Pursuant to Local Rule 90101(e)(ii) (related document(s)52, 54, 59) Filed by Kurtzman Carson Consultants, LLC dba Verita Global. (Kass, Albert) (Entered: 05/04/2026)",Certificate of Service,False,,,https://www.courtlistener.com/docket/73246225/98/impac-mortgage-holdings-inc/,https://www.courtlistener.com/docket/73246225/impac-mortgage-holdings-inc/,
A_universe,claims agent retention,True,deb,KTRV LLC,25-10601,2025-03-30,69818133,434811219,2025-03-30,5,,claims_agent,retention_application,unknown,,"Application to Appoint Claims/Noticing Agent STRETTO Filed By KTRV LLC (Attachments: # 1 Exhibit A # 2 Exhibit B)(Waxman, Jeffrey) (Entered: 03/30/2025)",Application to Appoint Claims/Noticing Agent,False,,,https://www.courtlistener.com/docket/69818133/5/ktrv-llc/,https://www.courtlistener.com/docket/69818133/ktrv-llc/,
A_universe,claims agent retention,True,deb,KTRV LLC,25-10601,2025-03-30,69818133,434907200,2025-03-31,18,,claims_agent,supplemental_declaration,debtor,,"Supplemental Declaration in Support -- Supplemental Declaration of Sheryl Betance in Support of Debtors' Application for Appointment of Stretto, Inc. as Claims and Noticing Agent (related document(s)5) Filed by KTRV LLC. (Attachments: # 1 Exhibit 1) (Waxman, Jeffrey) (Entered: 03/31/2025)",Declaration in Support,False,,,https://www.courtlistener.com/docket/69818133/18/ktrv-llc/,https://www.courtlistener.com/docket/69818133/ktrv-llc/,
A_universe,claims agent retention,True,deb,KTRV LLC,25-10601,2025-03-30,69818133,435118206,2025-04-02,32,,claims_agent,retention_application,debtor,,"Certification of Counsel Regarding Debtors' Application for Appointment of Stretto, Inc. as Claims and Noticing Agent (related document(s)5) Filed by KTRV LLC. (Attachments: # 1 Exhibit A # 2 Exhibit B) (Waxman, Jeffrey) (Entered: 04/02/2025)",Certification of Counsel(Aty),False,,,https://www.courtlistener.com/docket/69818133/32/ktrv-llc/,https://www.courtlistener.com/docket/69818133/ktrv-llc/,
A_universe,claims agent retention,True,deb,Leisure Investments Holdings LLC,25-10606,2025-03-31,69819641,434862306,2025-03-31,4,,claims_agent,retention_application,unknown,,"Application to Appoint Claims/Noticing Agent KURTZMAN CARSON CONSULTANTS, LLC Filed By Leisure Investments Holdings LLC (Mielke, Allison) (Entered: 03/31/2025)",Application to Appoint Claims/Noticing Agent (BF),False,,,https://www.courtlistener.com/docket/69819641/4/leisure-investments-holdings-llc/,https://www.courtlistener.com/docket/69819641/leisure-investments-holdings-llc/,
A_universe,claims agent retention,True,deb,Leisure Investments Holdings LLC,25-10606,2025-03-31,69819641,435132695,2025-04-02,19,,claims_agent,notice,unknown,,"Exhibit(s) Notice of Filing of Revised Proposed Order Appointing Kurtzman Carson Consultants, LLC dba Verita Global as Claims and Noticing Agent, Effective as of the Petition Date (related document(s)4) Filed by Leisure Investments Holdings LLC. (Attachments: # 1 Exhibit A # 2 Exhibit B) (Kochenash, Jared) (Entered: 04/02/2025)",Exhibit(s),False,,,https://www.courtlistener.com/docket/69819641/19/leisure-investments-holdings-llc/,https://www.courtlistener.com/docket/69819641/leisure-investments-holdings-llc/,
A_universe,claims agent retention,True,deb,Leisure Investments Holdings LLC,25-10606,2025-03-31,69819641,435168356,2025-04-02,33,,claims_agent,order,unknown,,"Order Appointing Kurtzman Carson Consultants, LLC Dba Verita Global As Claims And Noticing Agent, Effective As Of The Petition Date (Related Doc # 4) Order Signed on 4/2/2025. (Attachments: # 1 Exhibit A) (CMB) (Entered: 04/02/2025)",Application to Appoint Claims/Noticing Agent,False,,,https://www.courtlistener.com/docket/69819641/33/leisure-investments-holdings-llc/,https://www.courtlistener.com/docket/69819641/leisure-investments-holdings-llc/,
A_universe,claims agent retention,True,deb,Lena Brands LLC,26-10792,2026-05-15,73352724,479661332,2026-05-18,5,,claims_agent,retention_application,unknown,,"Application to Appoint Claims/Noticing Agent OMNI AGENT SOLUTIONS Filed By Lena Brands LLC (Attachments: # 1 Exhibit A - Proposed Order # 2 Exhibit 1 - Service Agreement # 3 Exhibit B - Deutch Declaration)(Kurth, Mette) (Entered: 05/18/2026)",Application to Appoint Claims/Noticing Agent (BF),False,,,https://www.courtlistener.com/docket/73352724/5/lena-brands-llc/,https://www.courtlistener.com/docket/73352724/lena-brands-llc/,
A_universe,claims agent retention,True,deb,Liberated Brands LLC,25-10168,2025-02-02,69604225,429044354,2025-02-03,6,,claims_agent,retention_application,unknown,,"Application to Appoint Claims/Noticing Agent STRETTO Filed by Liberated Brands LLC. (Attachments: # 1 Exhibit A # 2 Exhibit B) (Pacitti, Domenic) (Entered: 02/03/2025)",Application to Appoint Claims/Noticing Agent,False,,,https://www.courtlistener.com/docket/69604225/6/liberated-brands-llc/,https://www.courtlistener.com/docket/69604225/liberated-brands-llc/,
A_universe,claims agent retention,True,deb,Liberated Brands LLC,25-10168,2025-02-02,69604225,429331586,2025-02-05,77,,claims_agent,order,unknown,"and Appointment of Stretto, Inc","Order Authorizing Retention and Appointment of Stretto, Inc. as Claims and Noticing Agent (Related Doc # 6)(related document(s)6) Order Signed on 2/5/2025. (AJL) (Entered: 02/05/2025)",Application to Appoint Claims/Noticing Agent,False,,,https://www.courtlistener.com/docket/69604225/77/liberated-brands-llc/,https://www.courtlistener.com/docket/69604225/liberated-brands-llc/,
A_universe,claims agent retention,True,deb,Liberated Brands LLC,25-10168,2025-02-02,69604225,430235099,2025-02-13,113,,claims_agent,order,debtor,"and Appointment of Stretto, Inc","Affidavit/Declaration of Service re: Motion of Debtors for Entry of an Order (I) Directing the Joint Administration of Chapter 11 Cases and (II) Granting Related Relief (Docket No. 3), Motion of Debtors Seeking Entry of an Order (I) Restating and Enforcing the Worldwide Automatic Stay, Anti-Discrimination Provisions, and Ipso Facto Protections of the Bankruptcy Code, (II) Approving the Form and Manner of Notice, and (III) Granting Related Relief (Docket No. 4), Motion of Debtors for Entry of Interim and Final Orders (I) Authorizing the Debtors to (A) Redact Certain Confidential Information of Customers and (B) Redact Certain Personally Identifiable Information of Individuals, (II) Approving the Form and Manner of Service of the Notice of Commencement, and (III) Granting Related Relief (Docket No. 5), Application of Debtors for Appointment of Stretto, Inc. As Claims and Noticing Agent (Docket No. 6), Motion of Debtors for Entry of Interim and Final Orders (I) Authorizing the Debtors to Pay Prepetition Claims of Critical Vendors and Lien Claimants and (II) Granting Related Relief (Docket No. 7), Motion of Debtors for Entry of Interim and Final Orders (I) Authorizing the Debtors to (A) Maintain Insurance, Surety Coverage, and Letters of Credit Entered Into Prepetition and Satisfy Prepetition Obligations Related Thereto, (B) Renew, Amend, Supplement, Extend, or Purchase Insurance Policies, Surety Bonds, and Letters of Credit, and (C) Continue to Pay Broker Fees, and (II) Granting Related Relief (Docket No. 8), Motion of Debtors for Entry of Interim and Final Orders (I) Authorizing the Payment of Certain Prepetition and Postpetition Taxes and Fees and (II) Granting Related Relief (Docket No. 9), Motion of Debtors for Entry of Interim and Final Orders (I) Approving the Debtors Proposed Adequate Assurance of Payment for Future Utility Services, (II) Approving the Debtors Proposed Procedures for Resolving Additional Assurance Requests, (III) Prohibiting Utility Providers From Altering, Refusing, or Discontinuing Services, and (IV) Granting Related Relief (Docket No. 10), Motion of Debtors for Entry of Interim and Final Orders (I) Authorizing the Debtors to (A) Continue to Operate the Cash Management System, (B) Honor Certain Prepetition Obligations Related Thereto, (C) Maintain Existing Business Forms, (D) Continue to Perform Intercompany Transactions, and (II) Granting Related Relief (Docket No. 11), Motion of Debtors for Entry of Interim and Final Orders (I) Authorizing the Debtors to (A) Pay Prepetition Wages, Salaries, Other Compensation, and Reimbursable Expenses and (B) Continue Employee Benefits Programs; and (II) Granting Related Relief (Docket No. 12), Motion of Debtors for Entry of Interim and Final Orders (I) Authorizing the Debtors to Assume the Consulting Agreement, (II) Authorizing and Approving the Conduct of Store Closing Sales, With Such Sales to Be Free and Clear of All Liens, Claims, and Encumbrances, (III) Approving Modifications to the Customer Programs, and (IV) Granting Related Relief (Docket No. 13), Declaration of Todd Hymel, Chief Executive Officer of Liberated Brands LLC, in Support of the Debtors Chapter 11 Petitions and First Day Pleadings (Docket No. 14), Motion of Debtors for Entry of an Order (I) (A) Approving Bidding Procedures for the Sale of the Debtors Assets, (B) Scheduling an Auction and Approving the Form and Manner of Notice Thereof, (C) Approving Assumption and Assignment Procedures, and (D) Scheduling a Sale Hearing and Approving the Form and Manner of Notice Thereof, (II) (A) Approving the Sale of the Debtors Assets Free and Clear of Liens, Claims, Interests, and Encumbrances and (B) Approving the Assumption and Assignment of Executory Contracts and Unexpired Leases, and (III) Granting Related Relief (Docket No. 15), Motion of Debtors for Entry of an Order (I) Authorizing and Establishing Procedures for the De Minimis Asset Transactions, (II) Authorizing and Establishing Procedures for De Minimis Asset Abandonment, (III) Approving the Form and Manner of the Notice of De Minimis Asset Transactions and Abandonment, (IV) Authorizing the Payment of Fees and Expenses Incurred in Connection Therewith and (V) Granting Related Relief (Docket No. 17), Motion of Debtors for Entry of Interim and Final Orders (I) Authorizing the Debtors to (A) Obtain Postpetition Financing and (B) Utilize Cash Collateral, (II) Granting Liens and Superpriority Administrative Expense Claims, (III) Modifying the Automatic Stay, (IV) Scheduling a Final Hearing, and (V) Granting Related Relief (Docket No. 32), Declaration of James Nelson in Support of the Debtors Motion Seeking Entry of Interim and Final Orders (I) Authorizing the Debtors to (A) Obtain Postpetition Financing and (B) Utilize Cash Collateral, (II) Granting Liens and Superpriority Administrative Expense Claims, (III) Modifying the Automatic Stay, (IV) Scheduling a Final Hearing, and (V) Granting Related Relief (Docket No. 33), Order (I) Directing the Joint Administration of Chapter 11 Cases and (II) Granting Related Relief (Docket No. 68), Order (I) Restating and Enforcing the Worldwide Automatic Stay, Anti Discrimination Provisions, and Ipso Facto Protections of the Bankruptcy Code, (II) Approving the Form and Manner of Notice, and (III) Granting Related Relief (Docket No. 76), Order Authorizing Retention and Appointment of Stretto, Inc. As Claims and Noticing Agent (Docket No. 77), Interim Order (I) Authorizing the Debtors to Pay Prepetition Claims of Critical Vendors and Lien Claimants and (II) Granting Related Relief (Docket No. 78), Interim Order (I) Authorizing the Debtors to (A) Maintain Insurance, Surety Coverage, and Letters of Credit Entered Into Prepetition and Satisfy Prepetition Obligations Related Thereto, (B) Renew, Amend, Supplement, Extend, or Purchase Insurance Policies, Surety Bonds, and Letters of Credit, and (C) Continue to Pay Broker Fees, and (II) Granting Related Relief (Docket No. 79), Interim Order (I) Authorizing the Payment of Certain Prepetition and Postpetition Taxes and Fees and (II) Granting Related Relief (Docket No. 80), Interim Order (I) Approving the Debtors Proposed Adequate Assurance of Payment for Future Utility Services, (II) Approving the Debtors Proposed Procedures for Resolving Additional Assurance Requests, (III) Prohibiting Utility Providers From Altering, Refusing, or Discontinuing Services, and (IV) Granting Related Relief (Docket No. 81), Interim Order (I) Authorizing the Debtors to (A) Pay Prepetition Wages, Salaries, Other Compensation, and Reimbursable Expenses and (B) Continue Employee Benefits Programs; and (II) Granting Related Relief (Docket No. 82), Interim Order (I) Authorizing the Debtors to (A) Obtain Post-Petition Financing, (B) Grant Senior Secured Priming Liens and Superpriority Administrative Expense Claims and (C) Utilize Cash Collateral; (II) Granting Adequate Protection to the Prepetition Secured Parties; (III) Modifying the Automatic Stay; (IV) Scheduling Final Hearing; and (V) Granting Related Relief (Docket No. 88), Interim Order (I) Authorizing the Debtors to Assume the Consulting Agreement, (II) Authorizing and Approving the Conduct of Store Closing Sales, With Such Sales to Be Free and Clear of All Liens, Claims, and Encumbrances, (III) Approving Modifications to the Customer Programs, and (IV) Granting Related Relief (Docket No. 89), Interim Order (I) Authorizing the Debtors to (A) Redact Certain Confidential Information of Customers and (B) Redact Certain Personally Identifiable Information of Individuals, (II) Approving the Form and Manner of Service of the Notice of Commencement, and (III) Granting Related Relief (Docket No. 90), Interim Order (I) Authorizing the Debtors (A) Continue to Operate the Cash Management System, (B) Honor Certain Prepetition Obligations Related Thereto, (C) Maintain Existing Business Forms, (D) Continue to Perform Intercompany Transactions, and (II) Granting Related Relief (Docket No. 92), and Omnibus Notice of Second Day Hearing to Be Held on March 4, 2025 at 1:00 P.M. (ET) (Docket No. 93). Filed by Stretto. (related document(s)3, 4, 5, 6, 7, 8, 9, 10, 11, 12, 13, 14, 15, 17, 32, 33, 68, 76, 77, 78, 79, 80, 81, 82, 88, 89, 90, 92, 93, 99) (Betance, Sheryl) (Entered: 02/13/2025)",Affidavit/Declaration of Service,False,,,https://www.courtlistener.com/docket/69604225/113/liberated-brands-llc/,https://www.courtlistener.com/docket/69604225/liberated-brands-llc/,
A_universe,claims agent retention,True,deb,Ligado Networks LLC,25-10006,2025-01-05,69517992,475033848,2026-04-07,1605,,claims_agent,other,unknown,,"Certification of Counsel Regarding Order Appointing Stretto, Inc. as Replacement Claims and Noticing Agent (related document(s)1558) Filed by Ligado Networks LLC. (Attachments: # 1 Exhibit A # 2 Exhibit B) (Javorsky, Zachary) (Entered: 04/07/2026)",Certification of Counsel(Aty),False,,,https://www.courtlistener.com/docket/69517992/1605/ligado-networks-llc/,https://www.courtlistener.com/docket/69517992/ligado-networks-llc/,
A_universe,claims agent retention,True,deb,Ligado Networks LLC,25-10006,2025-01-05,69517992,475118553,2026-04-08,1607,,claims_agent,order,unknown,,"Order Appointing Stretto, Inc. as Replacement Claims and Noticing Agent (related document(s)1558, 1605) Order Signed on 4/8/2026. (AMH) (Entered: 04/08/2026)",Application to Appoint Claims/Noticing Agent,False,,,https://www.courtlistener.com/docket/69517992/1607/ligado-networks-llc/,https://www.courtlistener.com/docket/69517992/ligado-networks-llc/,
A_universe,claims agent retention,True,deb,Ligado Networks LLC,25-10006,2025-01-05,69517992,475352604,2026-04-09,1612,,claims_agent,rule_2014_declaration,unknown,,"Affidavit/Declaration of Service re: Certification of Counsel Regarding Order Terminating Omni Agent Solutions, Inc. as Claims, Noticing and Administrative Agent [Docket No. 1604], Certification of Counsel Regarding Order Appointing Stretto, Inc. as Replacement Claims and Noticing Agent [Docket No. 1605], Order Terminating Omni Agent Solutions, Inc. as Claims, Noticing and Administrative Agent [Docket No. 1606], and Order Appointing Stretto, Inc. as Replacement Claims and Noticing Agent [Docket No. 1607]. Filed by Ligado Networks LLC. (related document(s)1604, 1605, 1606, 1607) (Lowry, Randy) (Entered: 04/09/2026)",Affidavit/Declaration of Service,False,,,https://www.courtlistener.com/docket/69517992/1612/ligado-networks-llc/,https://www.courtlistener.com/docket/69517992/ligado-networks-llc/,
A_universe,claims agent retention,True,deb,Lugano Diamonds & Jewelry Inc.,25-12055,2025-11-16,71919403,489629198,2026-07-29,747,,claims_agent,other,unknown,,"Receipt of filing fee for Transfer/Assignment of Claim - Ch 11 with Claims Agent Assigned( 25-12055-BLS) [claims,trclm11] ( 28.00). Receipt Number A12761928, amount $ 28.00. (U.S. Treasury) (Entered: 07/29/2026)",,False,,,https://www.courtlistener.com/docket/71919403/747/lugano-diamonds-jewelry-inc/,https://www.courtlistener.com/docket/71919403/lugano-diamonds-jewelry-inc/,
A_universe,claims agent retention,True,deb,Lugano Diamonds & Jewelry Inc.,25-12055,2025-11-16,71919403,489629199,2026-07-29,748,,claims_agent,other,unknown,,"Receipt of filing fee for Transfer/Assignment of Claim - Ch 11 with Claims Agent Assigned( 25-12055-BLS) [claims,trclm11] ( 28.00). Receipt Number A12761928, amount $ 28.00. (U.S. Treasury) (Entered: 07/29/2026)",,False,,,https://www.courtlistener.com/docket/71919403/748/lugano-diamonds-jewelry-inc/,https://www.courtlistener.com/docket/71919403/lugano-diamonds-jewelry-inc/,
A_universe,claims agent retention,True,deb,Lugano Diamonds & Jewelry Inc.,25-12055,2025-11-16,71919403,489629200,2026-07-29,749,,claims_agent,other,unknown,,"Receipt of filing fee for Transfer/Assignment of Claim - Ch 11 with Claims Agent Assigned( 25-12055-BLS) [claims,trclm11] ( 56.00). Receipt Number A12761928, amount $ 56.00. (U.S. Treasury) (Entered: 07/29/2026)",,False,,,https://www.courtlistener.com/docket/71919403/749/lugano-diamonds-jewelry-inc/,https://www.courtlistener.com/docket/71919403/lugano-diamonds-jewelry-inc/,
A_universe,claims agent retention,True,deb,"MH Wind Down Co., Inc.",25-10047,2025-01-14,69545404,427180706,2025-01-15,7,,claims_agent,retention_application,unknown,,"Application to Appoint Claims/Noticing Agent KROLL RESTRUCTURING ADMINISTRATION LLC Filed By Mondee Holdings, Inc. (Borovinskaya, Shella) (Entered: 01/15/2025)",Application to Appoint Claims/Noticing Agent,False,,,https://www.courtlistener.com/docket/69545404/7/mondee-holdings-inc/,https://www.courtlistener.com/docket/69545404/mh-wind-down-co-inc/,
A_universe,claims agent retention,True,deb,"MH Wind Down Co., Inc.",25-10047,2025-01-14,69545404,427343775,2025-01-16,48,,claims_agent,order,debtor,,"Affidavit/Declaration of Mailing of Herb Baer Regarding Debtors Motion for Entry of an Order Authorizing the Joint Administration of the Debtors Chapter 11 Cases, Debtors Motion for Entry of an Order (I) Authorizing the Debtors to File a Consolidated (A) Creditor Matrix and (B) List of the 30 Largest Unsecured Creditors, (II) Authorizing Redaction of Certain Personally Identifiable Information, and (III) Granting Related Relief, Debtors Motion for Entry of Order (I) Restating and Enforcing Protections of 11 U.S.C.§§ 362, 365, 525 and 541(C), (II) Approving Notice Related to Non-Debtor Affiliates, and (III) Granting Related Relief, Debtors Application for Appointment of Kroll Restructuring Administration LLC as Claims and Noticing Agent, Debtors Motion for Entry of Interim and Final Orders (I) Authorizing the Debtors to Continue Their Insurance Policies, Including Their Insurance Premium Financing Agreements and Pay All Obligations in Respect Thereof and (II) Granting Related Relief, Debtors Motion for Entry of Interim and Final Orders (I) Authorizing Debtors to (A) Pay Prepetition Wages, Salaries, Other Compensation, and Reimbursable Expenses and (B) Continue Employee Benefits Programs, and (II) Granting Related Relief, Debtors Motion for Entry of Interim and Final Orders (I) Authorizing the Payment of Certain Taxes and Fees and (II) Granting Related Relief, Debtors Motion for Entry of Interim and Final Orders (I) Authorizing (A) Continued Use of the Cash Management System, (B) Maintenance of Bank Accounts and Business Forms, (C) Performance of Intercompany Transactions, and (D) Certain Prepetition Obligations to Be Honored; (II) Granting Administrative Expense Priority Status to Postpetition Intercompany Claims; (III) Waiving Strict Compliance With 11 U.S.C. § 345(B) and Certain Operating Guidelines; and (IV) Granting Related Relief, Debtors Motion for Entry of Interim and Final Orders (I) Prohibiting Utility Providers From Discontinuing, Altering, or Refusing Service, (II) Deeming Utility Providers to Have Adequate Assurance of Future Payment, (III) Establishing Procedures for Resolving Requests for Additional Assurance and (IV) Granting Related Relief, Debtors Motion for Entry of Interim and Final Orders (I) Authorizing the Debtors to Maintain and Administer Their Existing Customer Programs and Honor Certain Prepetition Obligations Related Thereto and (II) Granting Related Relief, Debtors Motion for Entry of Interim and Final Orders (I) Approving Notification and Hearing Procedures for Certain Transfers of and Declarations of Worthlessness With Respect to Common Stock and Preferred Stock and (II) Granting Related Relief, Debtors Motion for Entry of Interim and Final Orders (I) Authorizing the Debtors to Obtain Postpetition Senior Secured Financing, (II) Authorizing the Debtors to Use Cash Collateral, (III) Granting Liens and Providing Superpriority Administrative Expense Status, (IV) Granting Adequate Protection, (V) Modifying the Automatic Stay, (VI) Scheduling a Final Hearing, and (VII) Granting Related Relief, Declaration of Matthew Mintzer in Support of Debtors Motion for Entry of Interim and Final Orders (I) Authorizing the Debtors to Obtain Postpetition Senior Secured Financing, (II) Authorizing the Debtors to Use Cash Collateral, (III) Granting Liens and Providing Superpriority Administrative Expense Status, (IV) Granting Adequate Protection, (V) Modifying the Automatic Stay, (VI) Scheduling a Final Hearing, and (VII) Granting Related Relief, Declaration of Mohsin Meghji in Support of Chapter 11 Petitions and First Day Motions, and Notice of (I) Filing of Bankruptcy Petitions and Related Documents and (II) Agenda for Hearing on First Day Motions Scheduled for January 16, 2025 at 4:00 p.m. (ET) Before the Honorable J. Kate Stickles of the United States Bankruptcy Court for the District of Delaware. Filed by Kroll Restructuring Administration LLC. (related document(s)4, 5, 6, 7, 8, 9, 10, 11, 12, 13, 14, 15, 16, 18, 20) (Steele, Benjamin) (Entered: 01/16/2025)",Affidavit/Declaration of Mailing,False,,,https://www.courtlistener.com/docket/69545404/48/mondee-holdings-inc/,https://www.courtlistener.com/docket/69545404/mh-wind-down-co-inc/,
A_universe,claims agent retention,True,deb,"MH Wind Down Co., Inc.",25-10047,2025-01-14,69545404,429157162,2025-02-03,116,,claims_agent,order,debtor,and Appointment of Kroll Restructuring Administration LLC,"Affidavit/Declaration of Mailing of Nataly Diaz Regarding Debtors Motion for Entry of an Order Authorizing the Joint Administration of the Debtors Chapter 11 Cases, Debtors Motion for Entry of an Order (I) Authorizing the Debtors to File a Consolidated (A) Creditor Matrix and (B) List of the 30 Largest Unsecured Creditors, (II) Authorizing Redaction of Certain Personally Identifiable Information, and (III) Granting Related Relief, Debtors Motion for Entry of Order (I) Restating and Enforcing Protections of 11 U.S.C. §§ 362, 365, 525 and 541(c), (II) Approving Notice Related to Non-Debtor Affiliates, and (III) Granting Related Relief, Debtors Application for Appointment of Kroll Restructuring Administration LLC as Claims and Noticing Agent, Insurance Motion, Debtors Motion for Entry of Interim and Final Orders (I) Authorizing Debtors to (A) Pay Prepetition Wages, Salaries, Other Compensation, and Reimbursable Expenses and (B) Continue Employee Benefits Programs, and (II) Granting Related Relief, Taxes Motion, Cash Management Motion, Utilities Motion, Debtors Motion for Entry of Interim and Final Orders (I) Authorizing the Debtors to Maintain and Administer Their Existing Customer Programs and Honor Certain Prepetition Obligations Related Thereto and (II) Granting Related Relief, NOL Motion, DIP Motion, DIP Declaration, Declaration of Mohsin Meghji in Support of Chapter 11 Petitions and First Day Motions, Order Authorizing the Joint Administration of the Debtors Chapter 11 Cases, Order Authoring Retention and Appointment of Kroll Restructuring Administration LLC as Claims and Noticing Agent, Order (I) Restating and Enforcing Protections of 11 U.S.C. Sections 362, 365, 525 and 541(c), (II) Approving Notice Related to Non-Debtor Affiliates, and (III) Granting Related Relief, Interim Tax Order, Interim Cash Management Order, Interim Order (I) Authorizing (A) Maintenance, Administration, and Continuation of Debtors Customer Programs and (B) Payment and Honoring of Related Prepetition Objections and (II) Granting Related Relief, Interim DIP Order, Interim Insurance Order, Interim Utilities Order, Interim Order (I) Authorizing Debtors to (A) Pay Prepetition Wages, Salaries, Other Compensation, and Reimbursement Expenses and (B) Continue Employee Benefits Programs, and (II) Granting Related Relief, Interim NOL Order, Order (I) Authorizing the Debtors to File a Consolidated (A) Creditor Matrix and (B) List of the 30 Largest Unsecured Creditors, (II) Authorizing Redaction of Certain Personally Identifiable Information, and (III) Granting Related Relief, Omnibus Notice of First Day Motions and Final Hearing Thereon, Notice of Motion, Notice of Interim NOL Order, Declaration of Matthew Mintzer in Support of Debtors' Motion for Entry of Order (I) (A) Approving Bidding Procedures for All or Substantially All of the Debtors Assets, (B) Authorizing the Debtors Entry Into the Stalking Horse APA, (C) Scheduling an Auction and a Sale Hearing and Approving the Form and Manner of Notice Thereof, (D) Approving Assumption and Assignment Procedures and (E) Granting Related Relief; and (II)(A) Approving the Sale of the Debtors Assets Free and Clear of Liens, Claims, Interests and Encumbrances, (B) Approving the Assumption and Assignment of Executory Contracts and Unexpired Leases and (C) Granting Related Relief, Debtors Motion for Entry of an Order (I) Establishing Bar Dates and Related Procedures for Filing Proofs of Claim (Including for Claims Arising Under Section 503(b)(9) of the Bankruptcy Code) and (II) Approving the Form and Manner of Notice Thereof, Combined Disclosure Statement and Chapter 11 Plan of Liquidation of Mondee Holdings, Inc. and its Affiliated Debtors, and Debtors Motion for Entry of an Order (I) Approving the Combined Disclosure Statement and Plan on an Interim Basis for Solicitation Purposes Only; (II) Establishing Solicitation and Tabulation Procedures; (III) Approving the Form of Ballots and Solicitation Materials; (IV) Establishing the Voting Record Date; (V) Fixing the Date, Time, and Place for the Combined Hearing and the Deadline for Filing Objections Thereto; and (VI) Granting Related Relief. Filed by Kroll Restructuring Administration LLC. (related document(s)4, 5, 6, 7, 8, 9, 10, 11, 12, 13, 14, 15, 16, 18, 53, 54, 57, 58, 59, 61, 62, 65, 67, 69, 71, 72, 74, 75, 76, 77, 78, 79, 80) (Steele, Benjamin) (Entered: 02/03/2025)",Affidavit/Declaration of Mailing,False,,,https://www.courtlistener.com/docket/69545404/116/mondee-holdings-inc/,https://www.courtlistener.com/docket/69545404/mh-wind-down-co-inc/,
A_universe,claims agent retention,True,deb,MOM CA Investco LLC,25-10321,2025-02-28,69689348,432699589,2025-03-11,7,,claims_agent,retention_application,unknown,,"Application to Appoint Claims/Noticing Agent STRETTO Filed By MOM CA Investco LLC (Sulik, Ethan) (Entered: 03/11/2025)",Application to Appoint Claims/Noticing Agent (BF),False,,,https://www.courtlistener.com/docket/69689348/7/mom-ca-investco-llc/,https://www.courtlistener.com/docket/69689348/mom-ca-investco-llc/,
A_universe,claims agent retention,True,deb,MOM CA Investco LLC,25-10321,2025-02-28,69689347,438571621,2025-03-11,7,,claims_agent,retention_application,unknown,,"Application to Appoint Claims/Noticing Agent STRETTO Filed By MOM CA Investco LLC (Sulik, Ethan) (Entered: 03/11/2025)",Schedules/Statements,False,,,https://www.courtlistener.com/docket/69689347/7/mom-as-investco-llc/,https://www.courtlistener.com/docket/69689347/mom-ca-investco-llc/,
A_universe,claims agent retention,True,deb,MOM CA Investco LLC,25-10321,2025-02-28,69689348,433270762,2025-03-14,59,,claims_agent,order,debtor,,Order Approving Application Appointing STRETTO as Claims and Noticing Agent for the Debtors Pursuant to 28 U.S.C. 156(c) (Related Doc # 7) Order Signed on 3/14/2025. (JMW) Additional attachment(s) added on 3/14/2025 (JMW). (Entered: 03/14/2025),Application to Appoint Claims/Noticing Agent,False,,,https://www.courtlistener.com/docket/69689348/59/mom-ca-investco-llc/,https://www.courtlistener.com/docket/69689348/mom-ca-investco-llc/,
A_universe,claims agent retention,True,deb,MOM CA Investco LLC,25-10321,2025-02-28,69689347,465667558,2025-03-14,59,,claims_agent,order,debtor,,Order Approving Application Appointing STRETTO as Claims and Noticing Agent for the Debtors Pursuant to 28 U.S.C. 156(c) (Related Doc # 7) Order Signed on 3/14/2025. (JMW) Additional attachment(s) added on 3/14/2025 (JMW). (Entered: 03/14/2025),,False,,,https://www.courtlistener.com/docket/69689347/59/mom-ca-investco-llc/,https://www.courtlistener.com/docket/69689347/mom-ca-investco-llc/,
A_universe,claims agent retention,True,deb,MOM CA Investco LLC,25-10321,2025-02-28,69689347,465667579,2025-03-18,79,,claims_agent,order,debtor,"and Appointment of Stretto, Inc","Affidavit/Declaration of Service re: Debtors Motion for an Order Directing Joint Administration of the Debtors Chapter 11 Cases (Docket No. 4), Debtors Motion for Entry of an Order Authorizing Redaction of Certain Personal Identifying Information Within the Consolidated List of Creditors and Other Filings (Docket No. 5), Debtors Motion for Entry of Interim and Final Orders (I) Approving Debtors Proposed Form of Adequate Assurance of Payment, (II) Establishing Procedures for Resolving Objections by Utility Companies, (III) Prohibiting Utility Companies from Altering, Refusing, or Discontinuing Services, and (IV) Granting Related Relief (Docket No. 6), Debtors Application for Appointment of Stretto, Inc. as Claims and Noticing Agent (Docket No. 7), Motion for Entry of Interim and Final Orders (I) Approving the Appointment of anIndependent Manager; (II) Authorizing the Payment of Fees; and (III) GrantingRelated Relief (Docket No. 9), Debtors Motion for Entry of Interim and Final Orders (I) Authorizing the Debtorsto (A) Continue to Operate Their Cash Management System, (B) Honor CertainPrepetition Obligations Related Thereto, (C) Perform Intercompany Transactions,and (D) Maintain Existing Business Forms; (II) Authorizing the Debtors Banks toHonor All Related Payment Requests; and (III) Granting Related Relief(Docket No. 10), Declaration of Mark Shinderman in Support of Petitions and First Day Motions(Docket No. 11), Amended Notice of (I) Filing of Bankruptcy Petitions and Related Documents and(II)Agenda for Hearing on First Day Motions Scheduled for March 14, 2025 at10:30 A.M. (ET) (Docket No. 43), Order Directing Joint Administration of the Debtors Chapter 11 Cases(Docket No. 56), Order Authorizing Redaction of Certain Personal Identifying Information in theConsolidated List of Creditors and Other Filings (Docket No. 57), Interim Order (I) Approving Debtors Propose Form of Adequate Assurance ofPayment, (II) Establishing Procedures for Resolving Objections by UtilityCompanies, (III) Prohibiting Utility Companies from Altering, Refusing orDiscontinuing Services, and (IV) Granting Related Relief (Docket No. 58), Order Authorizing Retention and Appointment of Stretto, Inc. as Claims andNoticing Agent (Docket No. 59), and Interim Order (I) Authorizing the Debtors to (A) Continue to Operate Their CashManagement System, (B) Honor Certain Prepetition Obligations Related Thereto,(C)Perform Intercompany Transactions, and (D) Maintain Existing BusinessForms; (II) Authorizing the Debtors Banks to Honor All Related PaymentRequests; and (III) Granting Related Relief (Docket No. 61). Filed by Stretto. (related document(s)4, 5, 6, 7, 9, 10, 11, 43, 56, 57, 58, 59, 61) (Betance, Sheryl) (Entered: 03/18/2025)",,False,,,https://www.courtlistener.com/docket/69689347/79/mom-ca-investco-llc/,https://www.courtlistener.com/docket/69689347/mom-ca-investco-llc/,
A_universe,claims agent retention,True,deb,MOM CA Investco LLC,25-10321,2025-02-28,69689348,442056503,2025-06-05,6457,,claims_agent,retention_application,debtor,,"Certificate of Mailing of Claims Agent re Motion For Sale of Property Free and Clear of Liens(FEE) /Debtors' Motion for Entry of an Order (I) Approving Certain Asset Purchase Agreements; (II) Authorizing and Approving Sales Of Certain Properties of the Debtors Free and Clear of Liens, Claims, Interests, and Encumbrances, In Each Case Pursuant to the Applicable Asset Purchase Agreement; and (III) Granting Related Relief; Declaration of Cody Leung Kaldenberg in Support of Entry of an Order (I) Approving Certain Asset Purchase Agreements; (II) Authorizing and Approving Sales Of Certain Properties of the Debtors Free and Clear of Liens, Claims, Interests, and Encumbrances, In Each Case Pursuant to the Applicable Asset Purchase Agreement; and (III) Granting Related Relief; Motion to Shorten /Motion of Debtors for Entry of an Order Shortening Notice of Debtors' Motion for Entry of an Order (I) Approving Certain Asset Purchase Agreements; (II) Authorizing and Approving Sales Of Certain Properties of the Debtors Free and Clear of Liens, Claims, Interests, and Encumbrances, In Each Case Pursuant to the Applicable Asset Purchase Agreement; and (III) Granting Related Relief; Notice of Rejection of Lease/Executory Contract /Twenty-Second Notice of Rejection of Certain Unexpired Leases. Filed by Epiq Corporate Restructuring, LLC. (related document(s)6428, 6429, 6430, 6431) (Garabato, Sid) (Entered: 06/05/2025)",,False,,,https://www.courtlistener.com/docket/69689348/6457/mom-ca-investco-llc/,https://www.courtlistener.com/docket/69689348/mom-ca-investco-llc/,
A_universe,claims agent retention,True,deb,"MVMT Labs, Inc.",26-11113,2026-07-15,73618542,486294898,2026-07-15,2,,claims_agent,retention_application,unknown,,"Application to Appoint Claims/Noticing Agent Reliable Filed By MVMT Labs, Inc. (Flasser, Gregory) (Entered: 07/15/2026)",Application to Appoint Claims/Noticing Agent,True,45,recap/gov.uscourts.deb.201959/gov.uscourts.deb.201959.2.0.pdf,https://www.courtlistener.com/docket/73618542/2/mvmt-labs-inc/,https://www.courtlistener.com/docket/73618542/mvmt-labs-inc/,"Case 26-11113-TMH Doc 2 Filed 07/15/26 Page 1 of 45 IN THE UNITED STATES BANKRUPTCY COURT FOR THE DISTRICT OF DELAWARE In re: Chapter 11 (Subchapter V) MVMT Labs, Inc., Case No. 26-11113 (TMH) Debtor.1 DEBTOR’S APPLICATION FOR AUTHORIZATION TO EMPLOY"
A_universe,claims agent retention,True,deb,"MVMT Labs, Inc.",26-11113,2026-07-15,73618542,486848817,2026-07-20,30,,claims_agent,order,debtor,and Retain Reliable Companies d/b/a,Order Authorizing the Debtor to Employ and Retain Reliable Companies d/b/a as Claims and Noticing Agent Effective as of the Petition Date (related document(s)2) Order Signed on 7/20/2026. (Attachments: # 1 Exhibit 1) (DRG) (Entered: 07/20/2026),Application to Appoint Claims/Noticing Agent,False,,,https://www.courtlistener.com/docket/73618542/30/mvmt-labs-inc/,https://www.courtlistener.com/docket/73618542/mvmt-labs-inc/,
A_universe,claims agent retention,True,deb,Marelli Automotive Lighting USA LLC,25-11034,2025-06-11,70511494,442318061,2025-06-11,5,,claims_agent,retention_application,unknown,,"[SEALED] Application to Appoint Claims/Noticing Agent KURTZMAN CARSON CONSULTANTS, LLC Filed By Marellia Automotive Lighting USA LLC (Attachments: # 1 Exhibit A - proposed order # 2 Exhibit B - Gershbein Declaration)(Jones, Laura Davis) (Entered: 06/11/2025)",Application to Appoint Claims/Noticing Agent (BF),False,,,https://www.courtlistener.com/docket/70511494/5/marellia-automotive-lighting-usa-llc/,https://www.courtlistener.com/docket/70511494/marelli-automotive-lighting-usa-llc/,
A_universe,claims agent retention,True,deb,Marelli Automotive Lighting USA LLC,25-11034,2025-06-11,70511494,442585172,2025-06-12,106,1,claims_agent,order,unknown,,"Order (I) Authorizing the Appointment of Kurtzman Carson Consultants, LLC dba Verita Global as Claims and Noticing Agent Effective as of the Petition Date and (II) Granting Related Relief (related document(s) 5, 7). Signed on 6/12/2025. (Attachments: # 1 Exhibit 1) (DCY) (Entered: 06/12/2025)",Exhibit 1,False,11,,https://www.courtlistener.com/docket/70511494/106/1/marelli-automotive-lighting-usa-llc/,https://www.courtlistener.com/docket/70511494/marelli-automotive-lighting-usa-llc/,
A_universe,claims agent retention,True,deb,Marelli Automotive Lighting USA LLC,25-11034,2025-06-11,70511494,442696637,2025-06-13,124,,claims_agent,notice,unknown,,"Notice of Service // Notice of Entry of Order (I) Authorizing the Appointment of Kurtzman Carson Consultants, LLC dba Verita Global as Claims and Noticing Agent Effective as of the Petition Date and (II) Granting Related Relief (related document(s)5, 7, 106) Filed by Marelli Automotive Lighting USA LLC. (Attachments: # 1 Exhibit 1 # 2 Exhibit 2) (Jones, Laura Davis) (Entered: 06/13/2025)",Notice of Service,False,,,https://www.courtlistener.com/docket/70511494/124/marelli-automotive-lighting-usa-llc/,https://www.courtlistener.com/docket/70511494/marelli-automotive-lighting-usa-llc/,
A_universe,claims agent retention,True,deb,Marin Software Incorporated,25-11263,2025-07-01,70680292,444375994,2025-07-01,8,,claims_agent,retention_application,unknown,"Donlin, Recano & Company, LLC","Application/Motion to Employ/Retain Donlin, Recano & Company, LLC as Claims and Noticing Agent Pursuant to 28 U.S.C. § 156(c) Filed By Marin Software Incorporated (Attachments: # 1 Exhibit A - Proposed Order # 2 Exhibit B - Lisa Terry Declaration)(O'Neill, James) (Entered: 07/01/2025)",Employ/Retain - Application/Motion,False,,,https://www.courtlistener.com/docket/70680292/8/marin-software-incorporated/,https://www.courtlistener.com/docket/70680292/marin-software-incorporated/,
A_universe,claims agent retention,True,deb,Marin Software Incorporated,25-11263,2025-07-01,70680292,444386223,2025-07-01,8,1,claims_agent,retention_application,unknown,"Donlin, Recano & Company, LLC","Application/Motion to Employ/Retain Donlin, Recano & Company, LLC as Claims and Noticing Agent Pursuant to 28 U.S.C. § 156(c) Filed By Marin Software Incorporated (Attachments: # 1 Exhibit A - Proposed Order # 2 Exhibit B - Lisa Terry Declaration)(O'Neill, James) (Entered: 07/01/2025)",Exhibit A - Proposed Order,False,15,,https://www.courtlistener.com/docket/70680292/8/1/marin-software-incorporated/,https://www.courtlistener.com/docket/70680292/marin-software-incorporated/,
A_universe,claims agent retention,True,deb,Marin Software Incorporated,25-11263,2025-07-01,70680292,444386224,2025-07-01,8,2,claims_agent,retention_application,unknown,"Donlin, Recano & Company, LLC","Application/Motion to Employ/Retain Donlin, Recano & Company, LLC as Claims and Noticing Agent Pursuant to 28 U.S.C. § 156(c) Filed By Marin Software Incorporated (Attachments: # 1 Exhibit A - Proposed Order # 2 Exhibit B - Lisa Terry Declaration)(O'Neill, James) (Entered: 07/01/2025)",Exhibit B - Lisa Terry Declaration,False,40,,https://www.courtlistener.com/docket/70680292/8/2/marin-software-incorporated/,https://www.courtlistener.com/docket/70680292/marin-software-incorporated/,
A_universe,claims agent retention,True,deb,Meyer Burger (Holding) Corp.,25-11217,2025-06-25,70630698,443757833,2025-06-25,3,,claims_agent,retention_application,unknown,,"Application to Appoint Claims/Noticing Agent KROLL RESTRUCTURING ADMINISTRATION LLC Filed By Meyer Burger (Holding) Corp. (Schlauch, Brendan) (Entered: 06/25/2025)",Application to Appoint Claims/Noticing Agent,False,,,https://www.courtlistener.com/docket/70630698/3/meyer-burger-holding-corp/,https://www.courtlistener.com/docket/70630698/meyer-burger-holding-corp/,
A_universe,claims agent retention,True,deb,Meyer Burger (Holding) Corp.,25-11217,2025-06-25,70630698,443903760,2025-06-26,31,,claims_agent,order,debtor,and Appointment of Kroll Restructuring Administration LLC,"Affidavit/Declaration of Mailing of Ryan Vyskocil Regarding Motion of Debtors for Entry of an Order Authorizing the Joint Administration of the Chapter 11 Cases, Application of Debtors for an Order Authorizing the Retention and Appointment of Kroll Restructuring Administration LLC as Claims and Noticing Agent for the Debtors, Motion of Debtors for Interim and Final Orders (I) Authorizing Debtors to Pay Certain Prepetition Taxes and Fees and (II) Granting Related Relief, Motion of Debtors for Interim and Final Orders (I) Authorizing the Debtors to Pay Prepetition Claims of Certain Lien Claimants and (II) Granting Related Relief, Motion of Debtors for Interim and Final Orders (I) Establishing Procedures for Determining Adequate Assurance of Payment, (II) Finding Utilities Adequately Assured of Payment, (III) Prohibiting Utilities from Altering, Refusing, or Discontinuing Utility Services, and (IV) Granting Related Relief, Motion of Debtors for Interim and Final Orders (I) Authorizing Continued Use of the Debtors Existing Cash Management System and Bank Accounts; (II) Authorizing Continued Use of Existing Business Forms; (III) Authorizing Continued Performance of Intercompany Transactions; (IV) Waiving Certain United States Trustee Guidelines; and (V) Granting Related Relief, Declaration of Justin D. Pugh, Chief Restructuring Officer, in Support of the Debtors Chapter 11 Petitions and First Day Motions, Motion of the Debtors for (I) Authority to (A) Obtain Postpetition Financing, (B) Use Cash Collateral, (C) Grant Liens and Provide Superpriority Administrative Expense Status, (D) Grant Adequate Protection, (E) Modify the Automatic Stay, and (F) Schedule a Final Hearing and (II) Related Relief, Declaration of Leon Szlezinger in Support of the Motion of the Debtors for (I) Authority to (A) Obtain Postpetition Financing, (B) Use Cash Collateral, (C) Grant Liens and Provide Superpriority Administrative Expense Status, (D) Grant Adequate Protection, (E) Modify the Automatic Stay, and (F) Schedule a Final Hearing and (II) Related Relief, and Notice of (I) Filing of Bankruptcy Petitions and Related Documents and (II) Agenda for Hearing on First Day Motions Scheduled for June 26, 2025 Starting at 1:15 p.m. (Eastern Daylight Time) Before the Honorable Craig T. Goldblatt, at the United States Bankruptcy Court for the District of Delaware. Filed by Kroll Restructuring Administration LLC. (related document(s)2, 3, 4, 6, 7, 8, 9, 10, 11, 12) (Malo, David) (Entered: 06/26/2025)",Affidavit/Declaration of Mailing,False,,,https://www.courtlistener.com/docket/70630698/31/meyer-burger-holding-corp/,https://www.courtlistener.com/docket/70630698/meyer-burger-holding-corp/,
A_universe,claims agent retention,True,deb,Meyer Burger (Holding) Corp.,25-11217,2025-06-25,70630698,443938591,2025-06-26,35,,claims_agent,order,debtor,and Appointment of Kroll Restructuring Administration LLC,Order Authorizing the Retention and Appointment of Kroll Restructuring Administration LLC as Claims and Noticing Agent for the Debtors (Related Doc # 3). Signed on 6/26/2025. (DCY) (Entered: 06/26/2025),Application to Appoint Claims/Noticing Agent,False,,,https://www.courtlistener.com/docket/70630698/35/meyer-burger-holding-corp/,https://www.courtlistener.com/docket/70630698/meyer-burger-holding-corp/,
A_universe,claims agent retention,True,deb,"Molecular Templates, Inc.",25-10739,2025-04-20,69917957,437020282,2025-04-21,17,,claims_agent,retention_application,unknown,,"Application to Appoint Claims/Noticing Agent KURTZMAN CARSON CONSULTANTS, LLC Filed By Molecular Templates, Inc. (Attachments: # 1 Exhibit A: Proposed Order # 2 Exhibit B: Gershbein Declaration)(Schwartz, Eric) (Entered: 04/21/2025)",Application to Appoint Claims/Noticing Agent,False,,,https://www.courtlistener.com/docket/69917957/17/molecular-templates-inc/,https://www.courtlistener.com/docket/69917957/molecular-templates-inc/,
A_universe,claims agent retention,True,deb,"Molecular Templates, Inc.",25-10739,2025-04-20,69917957,437157502,2025-04-22,41,,claims_agent,order,debtor,,"Order Approving Application Appointing KURTZMAN CARSON CONSULTANTS, LLC as Claims and Noticing Agent for the Debtors Pursuant to 28 U.S.C. 156(c) (Related Doc # 17) Order Signed on 4/22/2025. (Attachments: # 1 Exhibit 1) (JMW) (Entered: 04/22/2025)",Application to Appoint Claims/Noticing Agent,False,,,https://www.courtlistener.com/docket/69917957/41/molecular-templates-inc/,https://www.courtlistener.com/docket/69917957/molecular-templates-inc/,
A_universe,claims agent retention,True,deb,"Mosaic Companies, LLC",25-11296,2025-07-08,70732580,445068244,2025-07-08,14,,claims_agent,retention_application,unknown,,"Application to Appoint Claims/Noticing Agent EPIQ CORPORATE RESTRUCTURING, LLC Filed by Mosaic Companies, LLC. (Attachments: # 1 Exhibit A (Proposed Order) # 2 Exhibit B (Frodsham Declaration) # 3 Exhibit C (Engagement Agreement)) (Harvey, Matthew) (Entered: 07/08/2025)",Application to Appoint Claims/Noticing Agent,False,,,https://www.courtlistener.com/docket/70732580/14/mosaic-companies-llc/,https://www.courtlistener.com/docket/70732580/mosaic-companies-llc/,
A_universe,claims agent retention,True,deb,"Mosaic Companies, LLC",25-11296,2025-07-08,70732580,445397813,2025-07-11,61,,claims_agent,order,debtor,"Epiq Corporate Restructuring, LLC","Order (I) Approving the Retention of Epiq Corporate Restructuring, LLC as the Claims and Noticing Agent to the Debtors, Effective as of the Petition Date, and (II) Granting Related Relief (Related Doc # 14). Signed on 7/11/2025. (DCY) (Entered: 07/11/2025)",Application to Appoint Claims/Noticing Agent,False,,,https://www.courtlistener.com/docket/70732580/61/mosaic-companies-llc/,https://www.courtlistener.com/docket/70732580/mosaic-companies-llc/,
A_universe,claims agent retention,True,deb,"My Job Matcher, Inc.",25-11280,2025-07-06,70716560,445124956,2025-07-06,3,2,claims_agent,retention_application,unknown,,"Application to Appoint Claims/Noticing Agent STRETTO Filed By My Job Matcher, Inc. (Attachments: # 1 Exhibit A # 2 Exhibit B)(Kunz, Carl) (Entered: 07/06/2025)",Exhibit B,True,19,recap/gov.uscourts.deb.197618/gov.uscourts.deb.197618.3.2.pdf,https://www.courtlistener.com/docket/70716560/3/2/my-job-matcher-inc/,https://www.courtlistener.com/docket/70716560/my-job-matcher-inc/,Case 25-11280-KBO Doc 3-2 Filed 07/06/25 Page 1 of 19 Exhibit B Betance Declaration 17406112 Case 25-11280-KBO Doc 3-2 Filed 07/06/25 Page 2 of 19 IN THE UNITED STATES BANKRUPTCY COURT FOR THE DISTRICT OF DELAWARE In re: Chapter 11 MY JOB
A_universe,claims agent retention,True,deb,"My Job Matcher, Inc.",25-11280,2025-07-06,70716560,445042508,2025-07-08,34,,claims_agent,order,unknown,"and Appointment of Stretto, Inc","Order Authorizing the Retention and Appointment of Stretto, Inc. as Claims and Noticing Agent, Effective as of the Petition Date (Related Doc # 3) Order Signed on 7/8/2025. (Attachments: # 1 Exhibit 1) (Mml) (Entered: 07/08/2025)",Application to Appoint Claims/Noticing Agent,True,7,recap/gov.uscourts.deb.197618/gov.uscourts.deb.197618.34.0.pdf,https://www.courtlistener.com/docket/70716560/34/my-job-matcher-inc/,https://www.courtlistener.com/docket/70716560/my-job-matcher-inc/,"Case 25-11280-KBO Doc 34 Filed 07/08/25 Page 1 of 7 IN THE UNITED STATES BANKRUPTCY COURT FOR THE DISTRICT OF DELAWARE In re: Chapter 11 MY JOB MATCHER, INC., et al.,1 Case No. 25-11280 (KBO) Debtors. (Jointly Administered)"
A_universe,claims agent retention,True,deb,"My Job Matcher, Inc.",25-11280,2025-07-06,70716560,445129960,2025-07-08,34,1,claims_agent,order,unknown,"and Appointment of Stretto, Inc","Order Authorizing the Retention and Appointment of Stretto, Inc. as Claims and Noticing Agent, Effective as of the Petition Date (Related Doc # 3) Order Signed on 7/8/2025. (Attachments: # 1 Exhibit 1) (Mml) (Entered: 07/08/2025)",Exhibit 1,True,15,recap/gov.uscourts.deb.197618/gov.uscourts.deb.197618.34.1.pdf,https://www.courtlistener.com/docket/70716560/34/1/my-job-matcher-inc/,https://www.courtlistener.com/docket/70716560/my-job-matcher-inc/,"Case 25-11280-KBO Doc 34-1 Filed 07/08/25 Page 1 of 15 Exhibit 1 Engagement Agreement 17406112 Case 25-11280-KBO Doc 34-1 Filed 07/08/25 Page 2 of 15 Services Agreement This Services Agreement (this “Agreement”) is entered into as of May 16, 2025 between Stretto, Inc. (“Stretto”) and My Job Matcher Inc. (together with its affiliates and subsidiaries, the “Company”)"
A_universe,claims agent retention,False,deb,"Near Intelligence, Inc. - Adversary Proceeding",23-11962,2025-10-30,68074855,380330636,2023-12-08,3,,claims_agent,retention_application,unknown,,"Application to Appoint Claims/Noticing Agent KROLL RESTRUCTURING ADMINISTRATION LLC Filed By Near Intelligence, Inc. (Reil, Shane) (Entered: 12/08/2023)",Application to Appoint Claims/Noticing Agent (BF),True,37,recap/gov.uscourts.deb.191691/gov.uscourts.deb.191691.3.0.pdf,https://www.courtlistener.com/docket/68074855/3/near-intelligence-inc/,https://www.courtlistener.com/docket/68074855/near-intelligence-inc-adversary-proceeding/,"Case 23-11962-TMH Doc 3 Filed 12/08/23 Page 1 of 37 IN THE UNITED STATES BANKRUPTCY COURT FOR THE DISTRICT OF DELAWARE In re: Chapter 11 NEAR INTELLIGENCE, INC., et al., 1 Case No. 23-11962 (___) Debtors. (Joint Administration Requested) DEBTORS’"
A_universe,claims agent retention,False,deb,"Near Intelligence, Inc. - Adversary Proceeding",23-11962,2025-10-30,68074855,380431980,2023-12-11,38,,claims_agent,other,unknown,,"Certification of Counsel Submitting Revised Proposed Order Appointing Kroll Restructuring Administration as Claims an Noticing Agent (related document(s)3) Filed by Near Intelligence, Inc.. (Reil, Shane) (Entered: 12/11/2023)",Certification of Counsel,True,17,recap/gov.uscourts.deb.191691/gov.uscourts.deb.191691.38.0.pdf,https://www.courtlistener.com/docket/68074855/38/near-intelligence-inc/,https://www.courtlistener.com/docket/68074855/near-intelligence-inc-adversary-proceeding/,"Case 23-11962-TMH Doc 38 Filed 12/11/23 Page 1 of 17 IN THE UNITED STATES BANKRUPTCY COURT FOR THE DISTRICT OF DELAWARE In re: Chapter 11 NEAR INTELLIGENCE, INC., et al., 1 Case No. 23-11962 (TMH) Debtors. (Joint Administration Requested)"
A_universe,claims agent retention,False,deb,"Near Intelligence, Inc. - Adversary Proceeding",23-11962,2025-10-30,68074855,382294457,2024-01-03,102,,claims_agent,order,debtor,and Appointment of Kroll Restructuring Administration LLC,"Affidavit/Declaration of Mailing of Moheen Ahmad Regarding Debtors' Motion for an Order Authorizing Joint Administration of the Debtors' Chapter 11 Cases, Debtors Application for Entry of an Order Appointing Kroll Restructuring Administration LLC as Claims and Noticing Agent, Debtors' Motion for Entry of an Order (I) Restating and Enforcing Protections of 11 U.S.C. §§ 362, 365, 525, and 541(c), (II) Approving Notice Related to Non-Debtor Affiliates, and (III) Granting Related Relief, Debtors' Motion for Entry of An Order Authorizing the Debtors to (A) File a Consolidated List of Creditors in Lieu of Submitting a Separate Mailing Matrix for Each Debtor, (B) File a Consolidated List of the Debtors' Thirty Largest Unsecured Creditors and (C) File Under Seal Portions of the Creditor Matrix and Other Filings Containing Certain Personal Identification Information, NOL Motion, Taxes and Fees Motion, Utility Motion, Insurance Motion, Customer Program Motion, Cash Management Motion, Employee Wages Motion, Declaration of John Faieta in Support of Chapter 11 Petitions and First Day Pleadings, Debtors Motion for Entry of Interim and Final Orders (I) Authorizing the Debtors to Obtain Postpetition Senior Secured Financing and the Use of Cash Collateral, (II) Granting Adequate Protection, (III) Granting Liens and Superpriority Administrative Expense Claims, (IV) Modifying the Automatic Stay, (V) Scheduling a Final Hearing, and (VI) Granting Related Relief, Declaration of Abraham T. Han in Support of Debtors' Motion for Entry of Interim and Final Orders (I) Authorizing the Debtors to Obtain Postpetition Senior Secured Financing and the Use of Cash Collateral, (II) Granting Adequate Protection, (III) Granting Liens and Superpriority Administrative Expense Claims, (IV) Modifying the Automatic Stay, (V) Scheduling a Final Hearing, and (VI) Granting Related Relief, Motion of the Debtors for Entry of Orders (I)(A) Approving Bidding Procedures for Sale of Substantially All of the Debtors' Assets, (B) Authorizing the Debtors to Enter into the Stalking Horse APA, (C) Scheduling an Auction and Approving the Form and Manner of Notice Thereof, (D) Approving Assumption and Assignment Procedures, and (E) Scheduling a Sale Hearing and Approving the Form and Manner of Notice Thereof and (F) Granting Related Relief; and (II)(A) Approving the Sale of the Debtors' Assets Free and Clear of Liens, Claims, Interests and Encumbrances, (B) Approving the Assumption and Assignment of Executory Contracts and Unexpired Leases; and (III) Granting Related Relief, Declaration of Abraham T. Han in Support of the Debtors' Motion for Entry of Orders (I)(A) Approving Bidding Procedures for Substantially All of the Debtors' Assets, (B) Authorizing the Debtors to Enter into the Stalking Horse APA, (C) Scheduling an Auction and Approving the Form and Manner of Notice Thereof, (D) Approving Assumption and Assignment Procedures, and (E) Scheduling a Sale Hearing and Approving the Form and Manner of Notice Thereof and (F) Granting Related Relief; and (II)(A) Approving the Sale of the Debtors' Assets Free and Clear of Liens, Claims, Interests and Encumbrances, (B) Approving the Assumption and Assignment of Executory Contracts and Unexpired Leases and (C) Granting Related Relief, Combined Disclosure Statement and Chapter 11 Plan of Liquidation of Near Intelligence, Inc. and Its Affiliated Debtors, Notice of Filing of Revised Proposed Interim Order (I) Authorizing the Debtors to Obtain Postpetition Senior Secured Financing and the Use of Cash Collateral, (II) Granting Adequate Protection, (III) Granting Liens and Superpriority Administrative Expense Claims, (IV) Modifying the Automatic Stay, (V) Scheduling a Final Hearing, and (VI) Granting Related Relief, Order Authorizing Joint Administration of the Debtors' Chapter 11 Cases, Utility Interim Order, Order Authorizing Retention and Appointment of Kroll Restructuring Administration LLC as Claims and Noticing Agent, Employee Interim Order, Order (I) Restating and Enforcing Protections of 11 U.S.C. §§ 362, 365, 525, and 541(c), (II) Approving Notice Related to Non-Debtor Affiliates, and (III) Granting Related Relief, Insurance Interim Order, Customer Interim Programs Order, NOL Interim Order, Cash Management Interim Order, Taxes and Fees Interim Order, Order Authorizing the Debtors to (I) File a Consolidated List of Creditors in Lieu of Submitting a Separate Mailing Matrix for Each Debtor, (II) File a Consolidated List of the Debtors' Thirty Largest Unsecured Creditors and (III) File Under Seal Portions of the Creditor Matrix and Other Filings Containing Certain Personal Identification Information, Interim Order (I) Authorizing the Debtors to Obtain Postpetition Senior Secured Financing and the Use of Cash Collateral, (II) Granting Adequate Protection, (III) Granting Liens and Superpriority Administrative Expense Claims, (IV) Modifying the Automatic Stay, (V) Scheduling a Final Hearing, and (VI) Granting Related Relief, First Day Pleadings and Final Hearing Notice, Notice of Final Hearing Regarding Order Authorizing the Debtors to (A) File a Consolidated List of Creditors in Lieu of Submitting a Separate Mailing Matrix for Each Debtor, (B) File a Consolidated List of the Debtors' Thirty Largest Unsecured Creditors and (C) File Under Seal Portions of the Creditor Matrix and Other Filings Containing Certain Personal Identification Information, NOL Interim Order Hearing Notice, and Notice of Hearing Regarding Motion of the Debtors for Entry of Orders (I)(A) Approving Bidding Procedures for Sale of Substantially All of the Debtors' Assets, (B) Authorizing the Debtors to Enter into the Stalking Horse APA, (C) Scheduling an Auction and Approving the Form and Manner of Notice Thereof, (D) Approving Assumption and Assignment Procedures, and (E) Scheduling a Sale Hearing and Approving the Form and Manner of Notice Thereof and (F) Granting Related Relief; and (II)(A) Approving the Sale of the Debtors' Assets Free and Clear of Liens, Claims, Interests and Encumbrances, (B) Approving the Assumption and Assignment of Executory Contracts and Unexpired Leases; and (III) Granting Related Relief. Filed by Kroll Restructuring Administration LLC. (related document(s)2, 3, 4, 5, 6, 7, 8, 9, 10, 11, 12, 14, 15, 16, 20, 21, 22, 46, 54, 55, 56, 57, 58, 59, 60, 61, 62, 63, 64, 66, 68, 69, 70, 71) (Malo, David) (Entered: 01/03/2024)",Affidavit/Declaration of Mailing,True,41,recap/gov.uscourts.deb.191691/gov.uscourts.deb.191691.102.0.pdf,https://www.courtlistener.com/docket/68074855/102/near-intelligence-inc/,https://www.courtlistener.com/docket/68074855/near-intelligence-inc-adversary-proceeding/,"Case 23-11962-TMH Doc 102 Filed 01/03/24 Page 1 of 41 IN THE UNITED STATES BANKRUPTCY COURT FOR THE DISTRICT OF DELAWARE In re: Chapter 11 NEAR INTELLIGENCE, INC., et al.,1 Case No. 23-11962 (TMH) Debtors. (Jointly Administered)"
A_universe,claims agent retention,True,deb,Nikola Corporation and Lead Class,25-10258,2025-02-19,69651079,453460571,2025-09-16,1054,,claims_agent,other,unknown,,"Receipt of filing fee for Transfer/Assignment of Claim - Ch 11 with Claims Agent Assigned( 25-10258-TMH) [claims,trclm11] ( 28.00). Receipt Number A12373631, amount $ 28.00. (U.S. Treasury) (Entered: 09/16/2025)",,False,,,https://www.courtlistener.com/docket/69651079/1054/nikola-corporation/,https://www.courtlistener.com/docket/69651079/nikola-corporation-and-lead-class/,
A_universe,claims agent retention,True,deb,Nikola Corporation and Lead Class,25-10258,2025-02-19,69651079,469248681,2025-10-23,1216,,claims_agent,other,unknown,,"Receipt of filing fee for Transfer/Assignment of Claim - Ch 11 with Claims Agent Assigned( 25-10258-TMH) [claims,trclm11] ( 28.00). Receipt Number A12422104, amount $ 28.00. (U.S. Treasury) (Entered: 10/23/2025)",,False,,,https://www.courtlistener.com/docket/69651079/1216/nikola-corporation/,https://www.courtlistener.com/docket/69651079/nikola-corporation-and-lead-class/,
A_universe,claims agent retention,True,deb,Nikola Corporation and Lead Class,25-10258,2025-02-19,69651079,469248685,2025-10-28,1228,,claims_agent,other,unknown,,"Receipt of filing fee for Transfer/Assignment of Claim - Ch 11 with Claims Agent Assigned( 25-10258-TMH) [claims,trclm11] ( 28.00). Receipt Number A12426164, amount $ 28.00. (U.S. Treasury) (Entered: 10/28/2025)",,False,,,https://www.courtlistener.com/docket/69651079/1228/nikola-corporation/,https://www.courtlistener.com/docket/69651079/nikola-corporation-and-lead-class/,
A_universe,claims agent retention,True,deb,"Noble Supply & Logistics, LLC",26-11369,2026-08-30,74722364,491867589,2026-08-30,4,,claims_agent,retention_application,unknown,,"Application to Appoint Claims/Noticing Agent KURTZMAN CARSON CONSULTANTS, LLC Filed By Noble Supply & Logistics, LLC (Alberto, Justin) (Entered: 08/30/2026)",Application to Appoint Claims/Noticing Agent (BF),False,,,https://www.courtlistener.com/docket/74722364/4/noble-supply-logistics-llc/,https://www.courtlistener.com/docket/74722364/noble-supply-logistics-llc/,
A_universe,claims agent retention,True,deb,"Noble Supply & Logistics, LLC",26-11369,2026-08-30,74722364,492059410,2026-09-01,42,,claims_agent,retention_application,debtor,"and Retain Kurtzman Carson Consultants, LLC dba Verita Global","Exhibit(s) (Notice of Filing of Revised Proposed Order for Debtors' Application for Authorization to Employ and Retain Kurtzman Carson Consultants, LLC dba Verita Global as Claims and Noticing Agent Effective as of the Petition Date) (related document(s)4) Filed by Noble Supply & Logistics, LLC. (Attachments: # 1 Exhibit A - Revised Proposed Order # 2 Exhibit B - Redline) (Dougherty, Jack) (Entered: 09/01/2026)",Exhibit(s),False,,,https://www.courtlistener.com/docket/74722364/42/noble-supply-logistics-llc/,https://www.courtlistener.com/docket/74722364/noble-supply-logistics-llc/,
A_universe,claims agent retention,True,deb,"Noble Supply & Logistics, LLC",26-11369,2026-08-30,74722364,492187144,2026-09-01,43,,claims_agent,supplemental_declaration,debtor,"and Retain Kurtzman Carson Consultants, LLC dba Verita Global","[SEALED] Supplemental Declaration of Evan Gershbein in Support of Debtors' Application For Authorization to Employ and Retain Kurtzman Carson Consultants, LLC dba Verita Global as Claims and Noticing Agent Effective as of the Petition Date (related document(s)4, 42) Filed by Noble Supply & Logistics, LLC. (Attachments: # 1 Exhibit A - Fee Structure # 2 Exhibit B - PII List) (Dougherty, Jack) (Entered: 09/01/2026)",Declaration,False,,,https://www.courtlistener.com/docket/74722364/43/noble-supply-logistics-llc/,https://www.courtlistener.com/docket/74722364/noble-supply-logistics-llc/,
A_universe,claims agent retention,True,deb,Norcold LLC,25-11933,2025-11-03,71864622,457715174,2025-11-04,36,,claims_agent,order,unknown,"and Appointment of STRETTO, Inc","Order Authorizing Retention and Appointment of STRETTO, Inc. as Claims and Noticing Agent (Related Doc # 3)(related document(s)3) Order Signed on 11/4/2025. (DRG) (Entered: 11/04/2025)",Application to Appoint Claims/Noticing Agent,False,,,https://www.courtlistener.com/docket/71864622/36/norcold-llc/,https://www.courtlistener.com/docket/71864622/norcold-llc/,
A_universe,claims agent retention,True,deb,Norcold LLC,25-11933,2025-11-03,71864622,458121541,2025-11-07,52,,claims_agent,order,debtor,"and Appointment of Stretto, Inc","Affidavit/Declaration of Service re: Declaration of Richard Wu in Support of Chapter 11 Petition and First Day Motions (Docket No. 2), Debtors Application for Appointment of Stretto, Inc. as Claims and Noticing Agent (Docket No. 3), Debtors Motion for Entry of Interim and Final Orders (I) Authorizing the Debtor to Continue Its Insurance Policies, Including Its Insurance Premium Financing Agreements and Its Surety Bonds, and Pay All Obligations in Respect Thereof and (II) Granting Related Relief (Docket No. 4), Debtors Motion for Entry of Interim and Final Orders (I) Authorizing the Debtor to Pay Certain Prepetition Claims of Certain Critical Vendors, Foreign Vendors, Shippers & Logistics Providers, and 503(b)(9) Claimants; and (II) Granting Related Relief (Docket No. 5), Debtors Motion for Entry of Interim and Final Orders (I) Authorizing the Payment of Certain Taxes, Fees, Customs and Tariffs, and (II) Granting Related Relief (Docket No. 6), Debtors Motion for Entry of Interim and Final Orders (I) Authorizing the Debtor to (A) Serve Certain Parties in Interest by Email and (B) Redact Certain Personally Identifiable Information of Individuals; and (II) Granting Related Relief (Docket No. 7), Debtors Motion for Entry of Interim and Final Orders (I) Authorizing (A) Continued Use of the Cash Management System, (B) Maintenance of Bank Accounts and Business Forms, (C) Performance of Intercompany Transactions, and (D) Certain Prepetition Obligations to Be Honored; (II) Granting Administrative Expense Priority Status to Postpetition Intercompany Claims; and (III) Granting Related Relief (Docket No. 8), Debtors Motion for Entry of Interim and Final Orders (I) Authorizing the Debtor to Maintain and Administer Its Existing Customer Programs and Honor Certain Prepetition Obligations Related Thereto and (II) Granting Related Relief (Docket No. 9), Debtors Motion for Entry of Interim and Final Orders (I) Authorizing the Debtor to (A) Obtain Postpetition Financing and (B) Utilize Cash Collateral, (II) Granting Senior Secured Priming Liens and Superpriority Administrative Expense Claims, (III) Granting Adequate Protection to the Prepetition Senior Secured Parties, (IV) Modifying the Automatic Stay, (V) Scheduling a Final Hearing, and (VI) Granting Related Relief (Docket No. 10), Declaration of Teri Stratton in Support of Debtors Motion for Entry of Interim and Final Orders (I) Authorizing the Debtor to (A) Obtain Postpetition Financing and (B) Utilize Cash Collateral, (II) Granting Senior Secured Priming Liens and Superpriority Administrative Expense Claims, (III) Granting Adequate Protection to the Prepetition Senior Secured Parties, (IV) Modifying the Automatic Stay, (V) Scheduling a Final Hearing, and (VI) Granting Related Relief (Docket No. 11), Debtors Motion for Entry of an Order (I)(A) Approving Bidding Procedures for the Sale of All or Substantially All of the Debtors Assets, (B) Authorizing the Debtors Entry Into the Stalking Horse APA, (C) Scheduling an Auction and a Sale Hearing and Approving the Form and Manner of Notice Thereof,(D) Approving Assumption and Assignment Procedures and (E) Granting Related Relief; and (II)(A) Approving the Sale of the Debtors Assets Free and Clear of Liens, Claims, Interests and Encumbrances, (B) Approving the Assumption and Assignment of Executory Contracts and Unexpired Leases and (C) Granting Related Relief (Docket No. 17), Order Authorizing Retention and Appointment of Stretto, Inc. as Claims and Noticing Agent (Docket No. 36), Interim Order (I) Authorizing the Debtor to Continue Its Insurance Policies, Including Its Insurance Premium Financing Agreements and Its Surety Bonds, and Pay All Obligations in Respect Thereof and (II) Granting Related Relief (Docket No. 37), Interim Order (I) Authorizing the Debtor to Pay Certain Prepetition Claims of Certain Critical Vendors, Foreign Vendors, Shippers & Logistics Providers, and 503(b)(9) Claimants; and (II) Granting Related Relief (Docket No. 38), Interim Order (I) Authorizing the Payment of Certain Taxes, Fees, Customs and Tariffs and (II) Granting Related Relief (Docket No. 39), Interim Order (I) Authorizing (A) Maintenance, Administration, and Continuation of Debtors Customer Programs and (B) Payment and Honoring of Related Prepetition Obligations and (II) Granting Related Relief (Docket No. 40), Interim Order (I) Authorizing the Debtor to (A) Obtain Postpetition Financing and (B) Utilize Cash Collateral, (II) Granting Senior Secured Priming Liens and Superpriority Administrative Expense Claims, (III) Granting Adequate Protection to the Prepetition Senior Secured Parties, (IV) Modifying the Automatic Stay, (V) Scheduling a Final Hearing, and (VI) Granting Related Relief (Docket No. 41), Interim Order (I) Authorizing (A) Continued Use of the Cash Management System, (B) Maintenance of Bank Accounts and Business Forms, (C) Performance of Intercompany Transactions, and (D) Certain Prepetition Obligations to Be Honored; (II) Granting Administrative Expense Priority Status to Postpetition Intercompany Claims; and (III) Granting Related Relief (Docket No. 43), Interim Order (I) Authorizing the Debtor to (A) Serve Certain Parties in Interest by Email and (B) Redact Certain Personally Identifiable Information of Individuals and (II) Granting Related Relief (Docket No. 46), Omnibus Notice of First Day Pleadings and Final Hearing Thereon (Docket No. 47), Notice of Motion (Docket No. 49). Filed by Stretto. (related document(s)2, 3, 4, 5, 6, 7, 8, 9, 10, 11, 17, 36, 37, 38, 39, 40, 41, 43, 46, 47, 49) (Betance, Sheryl) (Entered: 11/07/2025)",Affidavit/Declaration of Service,False,,,https://www.courtlistener.com/docket/71864622/52/norcold-llc/,https://www.courtlistener.com/docket/71864622/norcold-llc/,
A_universe,claims agent retention,True,deb,Norcold LLC,25-11933,2025-11-03,71864622,459528966,2025-11-20,63,,claims_agent,order,debtor,"and Appointment of Stretto, Inc","Affidavit/Declaration of Service (Supplemental) re: Declaration of Richard Wu in Support of Chapter 11 Petition and First Day Motions (Docket No. 2), Debtors Application for Appointment of Stretto, Inc. as Claims and Noticing Agent (Docket No. 3), Debtors Motion for Entry of Interim and Final Orders (I) Authorizing the Debtor to Continue Its Insurance Policies, Including Its Insurance Premium Financing Agreements and Its Surety Bonds, and Pay All Obligations in Respect Thereof and (II) Granting Related Relief (Docket No. 4), Debtors Motion for Entry of Interim and Final Orders (I) Authorizing the Debtor to Pay Certain Prepetition Claims of Certain Critical Vendors, Foreign Vendors, Shippers & Logistics Providers, and 503(b)(9) Claimants; and (II) Granting Related Relief (Docket No. 5), Debtors Motion for Entry of Interim and Final Orders (I) Authorizing the Payment of Certain Taxes, Fees, Customs and Tariffs, and (II) Granting Related Relief (Docket No. 6), Debtors Motion for Entry of Interim and Final Orders (I) Authorizing the Debtor to (A) Serve Certain Parties in Interest by Email and (B) Redact Certain Personally Identifiable Information of Individuals; and (II) Granting Related Relief (Docket No. 7), Debtors Motion for Entry of Interim and Final Orders (I) Authorizing (A) Continued Use of the Cash Management System, (B) Maintenance of Bank Accounts and Business Forms, (C) Performance of Intercompany Transactions, and (D) Certain Prepetition Obligations to Be Honored; (II) Granting Administrative Expense Priority Status to Postpetition Intercompany Claims; and (III) Granting Related Relief (Docket No. 8), Debtors Motion for Entry of Interim and Final Orders (I) Authorizing the Debtor to Maintain and Administer Its Existing Customer Programs and Honor Certain Prepetition Obligations Related Thereto and (II) Granting Related Relief (Docket No. 9), Debtors Motion for Entry of Interim and Final Orders (I) Authorizing the Debtor to (A) Obtain Postpetition Financing and (B) Utilize Cash Collateral, (II) Granting Senior Secured Priming Liens and Superpriority Administrative Expense Claims, (III) Granting Adequate Protection to the Prepetition Senior Secured Parties, (IV) Modifying the Automatic Stay, (V) Scheduling a Final Hearing, and (VI) Granting Related Relief (Docket No. 10), Declaration of Teri Stratton in Support of Debtors Motion for Entry of Interim and Final Orders (I) Authorizing the Debtor to (A) Obtain Postpetition Financing and (B) Utilize Cash Collateral, (II) Granting Senior Secured Priming Liens and Superpriority Administrative Expense Claims, (III) Granting Adequate Protection to the Prepetition Senior Secured Parties, (IV) Modifying the Automatic Stay, (V) Scheduling a Final Hearing, and (VI) Granting Related Relief (Docket No. 11), Debtors Motion for Entry of an Order (I)(A) Approving Bidding Procedures for the Sale of All or Substantially All of the Debtors Assets, (B) Authorizing the Debtors Entry Into the Stalking Horse APA, (C) Scheduling an Auction and a Sale Hearing and Approving the Form and Manner of Notice Thereof, (D) Approving Assumption and Assignment Procedures and (E) Granting Related Relief; and (II)(A) Approving the Sale of the Debtors Assets Free and Clear of Liens, Claims, Interests and Encumbrances, (B) Approving the Assumption and Assignment of Executory Contracts and Unexpired Leases and (C) Granting Related Relief (Docket No. 17), Chapter 11 Plan of Liquidation for Norcold LLC (Docket No. 20), Disclosure Statement for the Chapter 11 Plan of Liquidation for Norcold LLC (Docket No. 21), Order Authorizing Retention and Appointment of Stretto, Inc. as Claims and Noticing Agent (Docket No. 36), Interim Order (I) Authorizing the Debtor to Continue Its Insurance Policies, Including Its Insurance Premium Financing Agreements and Its Surety Bonds, and Pay All Obligations in Respect Thereof and (II) Granting Related Relief (Docket No. 37), Interim Order (I) Authorizing the Debtor to Pay Certain Prepetition Claims of Certain Critical Vendors, Foreign Vendors, Shippers & Logistics Providers, and 503(b)(9) Claimants; and (II) Granting Related Relief (Docket No. 38), Interim Order (I) Authorizing the Payment of Certain Taxes, Fees, Customs and Tariffs and (II) Granting Related Relief (Docket No. 39), Interim Order (I) Authorizing (A) Maintenance, Administration, and Continuation of Debtors Customer Programs and (B) Payment and Honoring of Related Prepetition Obligations and (II) Granting Related Relief (Docket No. 40), Interim Order (I) Authorizing the Debtor to (A) Obtain Postpetition Financing and (B) Utilize Cash Collateral, (II) Granting Senior Secured Priming Liens and Superpriority Administrative Expense Claims, (III) Granting Adequate Protection to the Prepetition Senior Secured Parties, (IV) Modifying the Automatic Stay, (V) Scheduling a Final Hearing, and (VI) Granting Related Relief (Docket No. 41), Interim Order (I) Authorizing (A) Continued Use of the Cash Management System, (B) Maintenance of Bank Accounts and Business Forms, (C) Performance of Intercompany Transactions, and (D) Certain Prepetition Obligations to Be Honored; (II) Granting Administrative Expense Priority Status to Postpetition Intercompany Claims; and (III) Granting Related Relief (Docket No. 43), Interim Order (I) Authorizing the Debtor to (A) Serve Certain Parties in Interest by Email and (B) Redact Certain Personally Identifiable Information of Individuals and (II) Granting Related Relief (Docket No. 46), Omnibus Notice of First Day Pleadings and Final Hearing Thereon (Docket No. 47), Notice of Motion (Docket No. 49), Order Scheduling Omnibus Hearing Date (Docket No. 50), Notice of Hearing to Consider Approval of Disclosure Statement (Docket No. 51), Debtors Motion for Entry of an Order (A) Approving the Disclosure Statement; (B) Establishing Solicitation and Tabulation Procedures; (C) Approving the Forms of Ballots and Solicitation Materials; (D) Establishing the Voting Record Date; (E) Fixing the Date, Time, and Place for the Confirmation Hearing and the Deadline for Filing Objections Thereto; and (F) Granting Related Relief (Docket No. 53), Notice of Zoom-Based Section 341 Meeting (Docket No. 56), Notice of Chapter 11 Bankruptcy Case (Docket No. 57). Filed by Stretto. (related document(s)2, 3, 4, 5, 6, 7, 8, 9, 10, 11, 17, 20, 21, 36, 37, 38, 39, 40, 41, 43, 46, 47, 49, 50, 51, 53, 56, 57) (Betance, Sheryl) (Entered: 11/20/2025)",Affidavit/Declaration of Service,False,,,https://www.courtlistener.com/docket/71864622/63/norcold-llc/,https://www.courtlistener.com/docket/71864622/norcold-llc/,
A_universe,claims agent retention,True,deb,"OMGA Liquidating, Inc.",25-10211,2025-02-10,69624537,429797032,2025-02-10,11,,claims_agent,retention_application,unknown,,"Application to Appoint Claims/Noticing Agent KROLL RESTRUCTURING ADMINISTRATION LLC Filed by Omega Therapeutics, Inc.. (Attachments: # 1 Exhibit A # 2 Exhibit B # 3 Exhibit C) (Weyand, Jonathan) (Entered: 02/10/2025)",Application to Appoint Claims/Noticing Agent (BF),False,,,https://www.courtlistener.com/docket/69624537/11/omega-therapeutics-inc/,https://www.courtlistener.com/docket/69624537/omga-liquidating-inc/,
A_universe,claims agent retention,True,deb,"OMGA Liquidating, Inc.",25-10211,2025-02-10,69624537,429909237,2025-02-11,25,,claims_agent,rule_2014_declaration,debtor,Obligations and (B) Maintain Employee Benefits Programs and (II) Granting Relate,"Affidavit/Declaration of Mailing of Herb Baer Regarding Debtor's Motion for Entry of Interim and Final Orders (I) Authorizing Debtor to (A) Continue Its Existing Cash Management System, (B) Honor Certain Prepetition Obligations Related Thereto, (C) Maintain Its Bank Accounts and Existing Business Forms, and (D) Implement Changes to the Existing Cash Management System as Necessary, (II) Extending the Time to Comply with the Requirements of 11 U.S.C. § 345(b) and the U.S. Trustee's Operating Guidelines, and (III) Granting Related Relief, Debtor's Motion for Entry of Interim and Final Orders (I) Prohibiting Utility Providers from Altering, Refusing or Discontinuing Utility Services, (II) Approving Proposed Adequate Assurance of Payment to Utility Providers and Authorizing Debtor to Provide Additional Assurance, (III) Establishing Procedures to Resolve Requests for Additional Assurance and (IV) Granting Related Relief, Motion of Debtor for Entry of Interim and Final Orders Establishing Notification and Hearing Procedures for, and Approving Restrictions on, Certain Transfers of, and Declarations of Worthlessness with Respect to, Interests in the Debtor's Estate, Debtor's Motion for Entry of Interim and Final Orders (I) Authorizing the Debtor to Pay Certain Prepetition Taxes and Fees, and (II) Granting Related Relief, Debtor's Motion for Entry of an Order (I) Authorizing Debtor to Seal Certain Personally Identifiable Information for Individuals and (II) Granting Related Relief, Debtor's Motion for Interim and Final Orders (I) Authorizing Payment of Prepetition Claims of Certain Critical Vendors and (II) Granting Related Relief, Debtor's Motion for Entry of Interim and Final Orders (I) Authorizing Debtor to (A) Pay Certain Prepetition Employment Obligations and (B) Maintain Employee Benefits Programs and (II) Granting Related Relief, Motion of Debtor for Interim and Final Orders (I) Authorizing Debtor to Continue its Insurance Program and Pay All Obligations with Respect Thereto, (II) Honor Certain Prepetition Obligations Related to the Foregoing, (III) Renew, Revise, Extend, Supplement, Change or Enter Into New Insurance Coverage as Needed in its Business Judgment, and (IV) Granting Related Relief, Debtors Application for Appointment of Kroll Restructuring Administration LLC as Claims and Noticing Agent, Debtors Motion for Entry of Interim and Final Orders (I) Authorizing the Debtor to (A) Obtain Post Petition Financing and (B) Utilize Cash Collateral, (I) Granting Adequate Protection to the Prepetition Lender, (III) Modifying the Automatic Stay, (IV) Scheduling a Final Hearing, and (V) Granting Related Relief, Declaration of Lisa K. Lansio in Support of Debtor's Motion for Entry of Interim and Final Orders (I) Authorizing the Debtor to (A) Obtain Postpetition Financing and (B) Utilize Cash Collateral, (II) Granting Adequate Protection to the Prepetition Lender, (III) Modifying the Automatic Stay, (IV) Scheduling a Final Hearing, and (V) Granting Related Relief, Declaration of Ryan Mersch in Support of Debtor's Motion for Entry of Interim and Final Orders (I) Authorizing the Debtor to (A) Obtain Postpetition Financing and (B) Utilize Cash Collateral, (II) Granting Adequate Protection to the Prepetition Lender, (III) Modifying the Automatic Stay, (IV) Scheduling a Final Hearing, and (V) Granting Related Relief, Declaration of Kaan Certel in Support of Debtor's Chapter 11 Petition and First Day Motions, Notice of Hearing to Consider First Day Motions, and Notice of (I) Filing of Chapter 11 Petition and Related Documents and (II) Agenda for Hearing Scheduled for February 11, 2025, at 11:00 a.m. (Eastern Time). Filed by Kroll Restructuring Administration LLC. (related document(s)3, 4, 5, 6, 7, 8, 9, 10, 11, 16, 17, 18, 19, 23, 24) (Steele, Benjamin) (Entered: 02/11/2025)",Affidavit/Declaration of Mailing,False,,,https://www.courtlistener.com/docket/69624537/25/omega-therapeutics-inc/,https://www.courtlistener.com/docket/69624537/omga-liquidating-inc/,
A_universe,claims agent retention,True,deb,"OMGA Liquidating, Inc.",25-10211,2025-02-10,69624537,429917600,2025-02-11,31,,claims_agent,order,unknown,and Appointment of Kroll Restructuring Administration LLC,"Certification of Counsel Regarding Revised Order Authorizing Retention and Appointment of Kroll Restructuring Administration LLC as Claims and Noticing Agent (related document(s)11) Filed by Omega Therapeutics, Inc.. (Attachments: # 1 Exhibit A: Revised Proposed Order # 2 Exhibit B: Redline) (Weyand, Jonathan) (Entered: 02/11/2025)",Certification of Counsel,False,,,https://www.courtlistener.com/docket/69624537/31/omega-therapeutics-inc/,https://www.courtlistener.com/docket/69624537/omga-liquidating-inc/,
A_universe,claims agent retention,True,deb,Old BPR LLC,25-10472,2025-03-16,69744209,433428838,2025-03-17,11,,claims_agent,retention_application,unknown,,"Application to Appoint Claims/Noticing Agent OMNI AGENT SOLUTIONS Filed By Brightmark Plastics Renewal LLC (Ehrmann, Andrew) (Entered: 03/17/2025)",Application to Appoint Claims/Noticing Agent (BF),False,,,https://www.courtlistener.com/docket/69744209/11/brightmark-plastics-renewal-llc/,https://www.courtlistener.com/docket/69744209/old-bpr-llc/,
A_universe,claims agent retention,True,deb,Old BPR LLC,25-10472,2025-03-16,69744209,433700328,2025-03-19,37,,claims_agent,order,unknown,,"Order (I) Authorizing And Approving The Appointment Of Omni Agent Solutions, Inc. As Claims And Noticing Agent As Of The Petition Date And (II) Granting Related Relief (Related Doc # 11) Order Signed on 3/19/2025. (CMB) (Entered: 03/19/2025)",Application to Appoint Claims/Noticing Agent,False,,,https://www.courtlistener.com/docket/69744209/37/brightmark-plastics-renewal-llc/,https://www.courtlistener.com/docket/69744209/old-bpr-llc/,
A_universe,claims agent retention,True,deb,"Old School, Inc.",25-11016,2025-06-08,70491260,442091966,2025-06-09,18,,claims_agent,retention_application,unknown,,"Certificate of Mailing of Claims Agent re Motion to Reject Lease or Executory Contract; Agenda of Matters Scheduled for Telephonic Hearing Filed by Charter School Capital, Inc.. Filed by Epiq Corporate Restructuring, LLC. (related document(s)6, 15) (Garabato, Sid) (Entered: 06/09/2025)",Certificate of Mailing,False,,,https://www.courtlistener.com/docket/70491260/18/charter-school-capital-inc/,https://www.courtlistener.com/docket/70491260/old-school-inc/,
A_universe,claims agent retention,True,deb,"Old School, Inc.",25-11016,2025-06-08,70491260,442121992,2025-06-09,26,,claims_agent,order,debtor,"Epiq Corporate Restructuring, LLC","Order (I) Approving the Retention of Epiq Corporate Restructuring, LLC as the Claims and Noticing Agent to the Debtor, Effective as of the Petition Date, and (II) Granting Related Relief (related document(s)2) Signed on 6/9/2025. (NAB) (Entered: 06/09/2025)",Application to Appoint Claims/Noticing Agent,False,,,https://www.courtlistener.com/docket/70491260/26/charter-school-capital-inc/,https://www.courtlistener.com/docket/70491260/old-school-inc/,
A_universe,claims agent retention,True,deb,"Old School, Inc.",25-11016,2025-06-08,70491260,444481013,2025-07-01,86,,claims_agent,retention_application,debtor,Goodwin Procter LLP,"Certificate of Mailing of Claims Agent re Application/Motion to Employ/Retain Goodwin Procter LLP as Restructuring Counsel for Debtor Filed by Charter School Capital, Inc.. Hearing scheduled for 7/25/2025 at 03:00 PM at US Bankruptcy Court, 824 Market St., 3rd Fl., Courtroom #7, Wilmington, Delaware. Objections due by 7/2/2025; Application/Motion to Employ/Retain Potter Anderson & Corroon LLP as Co-Counsel to the Debtor and Debtor in Possession, Effective as of the Petition Date Filed by Charter School Capital, Inc.. Hearing scheduled for 7/25/2025 at 03:00 PM at US Bankruptcy Court, 824 Market St., 3rd Fl., Courtroom #7, Wilmington, Delaware. Objections due by 7/2/2025; Application/Motion to Employ/Retain Rock Creek Advisors, LLC as Financial Advisor and Sales Agent for the Debtor, Effective as of the Petition Date Filed by Charter School Capital, Inc.. Hearing scheduled for 7/25/2025 at 03:00 PM at US Bankruptcy Court, 824 Market St., 3rd Fl., Courtroom #7, Wilmington, Delaware. Objections due by 7/2/2025; Motion for Order Establishing Procedures for Interim Compensation and Reimbursement of Expenses of Professionals Filed by Charter School Capital, Inc.. Hearing scheduled for 7/2/2025 at 11:00 AM at US Bankruptcy Court, 824 Market St., 3rd Fl., Courtroom #7, Wilmington, Delaware. Objections due by 6/25/2025; Motion to Authorize // Debtor's Motion for Entry of an Order (I) Authorizing the Debtor to Employ Professionals Utilized in the Ordinary Course of Business, (II) Waiving Certain Information Requirements of Local Rule 2016-1 and (III) Granting Related Relief Filed by Charter School Capital, Inc.. Hearing scheduled for 7/2/2025 at 11:00 AM at US Bankruptcy Court, 824 Market St., 3rd Fl., Courtroom #7, Wilmington, Delaware. Objections due by 6/25/2025. Filed by Epiq Corporate Restructuring, LLC. (related document(s)48, 49, 50, 51, 52) (Garabato, Sid) (Entered: 07/01/2025)",Certificate of Mailing,False,,,https://www.courtlistener.com/docket/70491260/86/charter-school-capital-inc/,https://www.courtlistener.com/docket/70491260/old-school-inc/,
A_universe,claims agent retention,False,deb,"Oldapco, Inc.",17-12082,2025-03-17,6162352,22142999,2017-10-02,5,,claims_agent,retention_application,unknown,Prime Clerk LLC,"Application/Motion to Employ/Retain Prime Clerk LLC as Claims and Noticing Agent Filed By Appvion, Inc. (Attachments: # 1 Exhibit A # 2 Exhibit B # 3 Exhibit C)(Brown, Stuart) (Entered: 10/02/2017)",,False,,,https://www.courtlistener.com/docket/6162352/5/oldapco-inc/,https://www.courtlistener.com/docket/6162352/oldapco-inc/,
A_universe,claims agent retention,False,deb,"Oldapco, Inc.",17-12082,2025-03-17,6162352,53621670,2017-10-02,34,,claims_agent,rule_2014_declaration,debtor,,"Affidavit of Service of Rafael Stitt Regarding First Day Motions, Declaration of Alan D. Holtz, Application of the Debtors for Appointment of Prime Clerk LLC as Claims and Noticing Agent and Notice of Hearing and Agenda. Filed by Prime Clerk LLC. (related document(s)2, 3, 4, 5, 6, 7, 8, 9, 10, 11, 12, 13, 14, 15, 17, 18, 19) (Adler, Adam) Modified docket text on 10/3/2017 (LMD). (Entered: 10/02/2017)",,False,,,https://www.courtlistener.com/docket/6162352/34/oldapco-inc/,https://www.courtlistener.com/docket/6162352/oldapco-inc/,
A_universe,claims agent retention,False,deb,"Oldapco, Inc.",17-12082,2025-03-17,6162352,53621694,2017-10-03,56,,claims_agent,order,unknown,and Appointment of Prime Clerk,Order Authorizing Retention and Appointment of Prime Clerk as Claims and Noticing Agent (related document(s)5) Order Signed on 10/3/2017. (LMD) (Entered: 10/03/2017),,False,,,https://www.courtlistener.com/docket/6162352/56/oldapco-inc/,https://www.courtlistener.com/docket/6162352/oldapco-inc/,
A_universe,claims agent retention,True,deb,"Omnis Pleasants, LLC",26-11169,2026-07-26,73673073,487611421,2026-07-27,2,,claims_agent,retention_application,unknown,,"Application to Appoint Claims/Noticing Agent STRETTO Filed By Omnis Pleasants, LLC (Magaziner, Andrew) (Entered: 07/27/2026)",Application to Appoint Claims/Noticing Agent,False,,,https://www.courtlistener.com/docket/73673073/2/omnis-pleasants-llc/,https://www.courtlistener.com/docket/73673073/omnis-pleasants-llc/,
A_universe,claims agent retention,True,deb,"Omnis Pleasants, LLC",26-11169,2026-07-26,73673073,487923763,2026-07-29,40,,claims_agent,order,debtor,"Stretto, Inc","Exhibit(s) - Notice of Filing of Revised Order Authorizing the Debtor to Retain Stretto, Inc. as Claims and Noticing Agent, Effective as of the Petition Date (related document(s)2) Filed by Omnis Pleasants, LLC. (Attachments: # 1 Exhibit A - B) (Faris, S. Alexander) (Entered: 07/29/2026)",Exhibit,False,,,https://www.courtlistener.com/docket/73673073/40/omnis-pleasants-llc/,https://www.courtlistener.com/docket/73673073/omnis-pleasants-llc/,
A_universe,claims agent retention,True,deb,"Omnis Pleasants, LLC",26-11169,2026-07-26,73673073,487997998,2026-07-29,47,,claims_agent,order,debtor,"Stretto, Inc","Order Authorizing the Debtor to Retain Stretto, Inc. as Claims and Noticing Agent, Effective as of the Petition Date (Related Doc 2, 40) Order Signed on 7/29/2026. (Mml) (Entered: 07/29/2026)",Application to Appoint Claims/Noticing Agent,False,,,https://www.courtlistener.com/docket/73673073/47/omnis-pleasants-llc/,https://www.courtlistener.com/docket/73673073/omnis-pleasants-llc/,
B,AI-assisted|artificial intelligence,True,deb,Pacifica of the Valley Corporation,26-11060,2026-07-04,73574916,485282445,2026-07-07,15,1,claims_agent,retention_application,unknown,,"Application to Appoint Claims/Noticing Agent KURTZMAN CARSON CONSULTANTS, LLC Filed By Pacifica of the Valley Corporation (Attachments: # 1 Exhibit A - Proposed Order # 2 Exhibit B - Gershbein Declaration)(Jones, Laura Davis) (Entered: 07/07/2026)",Exhibit A - Proposed Order,True,17,recap/gov.uscourts.deb.201904/gov.uscourts.deb.201904.15.1.pdf,https://www.courtlistener.com/docket/73574916/15/1/pacifica-of-the-valley-corporation/,https://www.courtlistener.com/docket/73574916/pacifica-of-the-valley-corporation/,the Company’s chapter 11 case. VIII. ARTIFICIAL INTELLIGENCE (AI) Verita may use AI-assisted tools
A_universe,claims agent retention,True,deb,Pacifica of the Valley Corporation,26-11060,2026-07-04,73574916,485509490,2026-07-08,45,,claims_agent,order,debtor,"and Retain Kurtzman Carson Consultants, LLC DBA Verita Global","Certification of Counsel Regarding Order Authorizing the Debtor to Employ and Retain Kurtzman Carson Consultants, LLC DBA Verita Global as Claims and Noticing Agent Effective as of July 4, 2026 (related document(s)15) Filed by Pacifica of the Valley Corporation. (Attachments: # 1 Exhibit A - Proposed Order # 2 Exhibit B - Blackline) (Jones, Laura Davis) (Entered: 07/08/2026)",Certification of Counsel(Aty),False,,,https://www.courtlistener.com/docket/73574916/45/pacifica-of-the-valley-corporation/,https://www.courtlistener.com/docket/73574916/pacifica-of-the-valley-corporation/,
A_universe,claims agent retention,True,deb,Pacifica of the Valley Corporation,26-11060,2026-07-04,73574916,485525729,2026-07-08,50,,claims_agent,order,debtor,"and Retain Kurtzman Carson Consultants, LLC dba Verita Global","Order Authorizing the Debtor to Employ and Retain Kurtzman Carson Consultants, LLC dba Verita Global as Claims and Noticing Agent Effective as of July 4, 2026 (related document(s)15, 45) Order Signed on 7/8/2026. (Attachments: # 1 Exhibit 1) (AMH) (Entered: 07/08/2026)",Application to Appoint Claims/Noticing Agent,False,,,https://www.courtlistener.com/docket/73574916/50/pacifica-of-the-valley-corporation/,https://www.courtlistener.com/docket/73574916/pacifica-of-the-valley-corporation/,
A_universe,claims agent retention,True,deb,Pacifica of the Valley Corporation,26-11060,2026-07-04,73574916,485544285,2026-07-08,50,1,claims_agent,order,debtor,"and Retain Kurtzman Carson Consultants, LLC dba Verita Global","Order Authorizing the Debtor to Employ and Retain Kurtzman Carson Consultants, LLC dba Verita Global as Claims and Noticing Agent Effective as of July 4, 2026 (related document(s)15, 45) Order Signed on 7/8/2026. (Attachments: # 1 Exhibit 1) (AMH) (Entered: 07/08/2026)",Exhibit 1,False,11,,https://www.courtlistener.com/docket/73574916/50/1/pacifica-of-the-valley-corporation/,https://www.courtlistener.com/docket/73574916/pacifica-of-the-valley-corporation/,
A_universe,claims agent retention,True,deb,Reliz Technology Group Holdings Inc.,26-10371,2026-03-15,72494188,472403084,2026-03-16,11,,claims_agent,retention_application,unknown,"Kurtzman Carson Consultants, LLC dba Verita Global","[SEALED] Application/Motion to Employ/Retain Kurtzman Carson Consultants, LLC dba Verita Global as Claims and Noticing Agent Filed By Reliz Technology Group Holdings Inc. Hearing scheduled for 3/17/2026 at 02:00 PM at US Bankruptcy Court, 824 Market St., 5th Fl., Courtroom #5, Wilmington, Delaware. (Hurst, David) (Entered: 03/16/2026)",,False,,,https://www.courtlistener.com/docket/72494188/11/reliz-technology-group-holdings-inc/,https://www.courtlistener.com/docket/72494188/reliz-technology-group-holdings-inc/,
A_universe,claims agent retention,True,deb,Reliz Technology Group Holdings Inc.,26-10371,2026-03-15,72494188,472267747,2026-03-16,12,,claims_agent,retention_application,debtor,,"(REDACTED - FINAL) Application of Debtors for Entry of Order Appointing Kurtzman Carson Consultants, LLC dba Verita Global as Claims and Noticing Agent Effective as of the Petition Date (related document(s)11) Filed by Reliz Technology Group Holdings Inc.. (Hurst, David) (Entered: 03/16/2026)",Final Redacted Version of,False,,,https://www.courtlistener.com/docket/72494188/12/reliz-technology-group-holdings-inc/,https://www.courtlistener.com/docket/72494188/reliz-technology-group-holdings-inc/,
A_universe,claims agent retention,True,deb,Reliz Technology Group Holdings Inc.,26-10371,2026-03-15,72494188,472595694,2026-03-18,52,,claims_agent,retention_application,debtor,,"Certification of Counsel Regarding Application of Debtors for Entry of Order Appointing Kurtzman Carson Consultants, LLC dba Verita Global as Claims and Noticing Agent Effective as of the Petition Date (related document(s)11, 12) Filed by Reliz Technology Group Holdings Inc.. (Attachments: # 1 Exhibit A # 2 Exhibit B) (Hurst, David) (Entered: 03/18/2026)",Certification of Counsel(Aty),False,,,https://www.courtlistener.com/docket/72494188/52/reliz-technology-group-holdings-inc/,https://www.courtlistener.com/docket/72494188/reliz-technology-group-holdings-inc/,
A_universe,claims agent retention,False,deb,"Rental Car Intermediate Holdings, LLC",20-11247,2020-05-22,17189718,213635652,2021-12-16,5972,,claims_agent,other,unknown,,"Withdrawal of Claim(s): Claim No. 15105 with the claims agent in the amount of $569,305.34. Filed by City of El Paso. (Stecker, Don) (Entered: 12/16/2021)",,False,,,https://www.courtlistener.com/docket/17189718/5972/rental-car-intermediate-holdings-llc/,https://www.courtlistener.com/docket/17189718/rental-car-intermediate-holdings-llc/,
A_universe,claims agent retention,False,deb,"Rental Car Intermediate Holdings, LLC",20-11247,2020-05-22,17189718,213635653,2021-12-16,5973,,claims_agent,other,unknown,,"Withdrawal of Claim(s): Claim No. 15106 with the claims agent in the amount of $21,159.63. Filed by City of El Paso. (Stecker, Don) (Entered: 12/16/2021)",,False,,,https://www.courtlistener.com/docket/17189718/5973/rental-car-intermediate-holdings-llc/,https://www.courtlistener.com/docket/17189718/rental-car-intermediate-holdings-llc/,
A_universe,claims agent retention,False,deb,"Rental Car Intermediate Holdings, LLC",20-11247,2020-05-22,17189718,213635654,2021-12-16,5974,,claims_agent,other,unknown,,"Withdrawal of Claim(s): Claim No. 15104 with the claims agent in the amount of $1,042,300.91. Filed by Bexar County. (Stecker, Don) (Entered: 12/16/2021)",,False,,,https://www.courtlistener.com/docket/17189718/5974/rental-car-intermediate-holdings-llc/,https://www.courtlistener.com/docket/17189718/rental-car-intermediate-holdings-llc/,
A_universe,claims agent retention,True,deb,"Salt House, Inc.",25-12277,2025-12-29,72086875,463508718,2025-12-29,3,,claims_agent,retention_application,unknown,,"Application to Appoint Claims/Noticing Agent KURTZMAN CARSON CONSULTANTS, LLC Filed By Food52, Inc. (Nestor, Michael) (Entered: 12/29/2025)",Application to Appoint Claims/Noticing Agent,False,,,https://www.courtlistener.com/docket/72086875/3/food52-inc/,https://www.courtlistener.com/docket/72086875/salt-house-inc/,
A_universe,claims agent retention,True,deb,"Salt House, Inc.",25-12277,2025-12-29,72086875,463668632,2025-12-30,22,,claims_agent,notice,unknown,,"Exhibit(s) Notice of Filing of Revised Proposed Order Regarding Order Appointing Kurtzman Carson Consultants, LLC dba Verita Global as Claims and Noticing Agent, Effective as of the Petition Date (related document(s)3) Filed by Food52, Inc.. (Attachments: # 1 Exhibit 1 # 2 Exhibit 2) (Lee, Andrew) (Entered: 12/30/2025)",Exhibit,False,,,https://www.courtlistener.com/docket/72086875/22/food52-inc/,https://www.courtlistener.com/docket/72086875/salt-house-inc/,
A_universe,claims agent retention,True,deb,"Salt House, Inc.",25-12277,2025-12-29,72086875,463734242,2025-12-31,32,,claims_agent,order,unknown,,"Order Appointing KURTZMAN CARSON CONSULTANTS, LLC as Claims and Noticing Agent, Effective as of the Petition Date (Related Doc # 3) Order Signed on 12/31/2025. (LJJ) (Entered: 12/31/2025)",Application to Appoint Claims/Noticing Agent,False,,,https://www.courtlistener.com/docket/72086875/32/food52-inc/,https://www.courtlistener.com/docket/72086875/salt-house-inc/,
A_universe,claims agent retention,True,deb,"Sangamo Therapeutics, Inc.",26-10989,2026-06-23,73517510,483666885,2026-06-23,3,,claims_agent,retention_application,unknown,,"Application to Appoint Claims/Noticing Agent KURTZMAN CARSON CONSULTANTS, LLC Filed By Sangamo Therapeutics, Inc. (Schlauch, Brendan) (Entered: 06/23/2026)",Application to Appoint Claims/Noticing Agent,False,,,https://www.courtlistener.com/docket/73517510/3/sangamo-therapeutics-inc/,https://www.courtlistener.com/docket/73517510/sangamo-therapeutics-inc/,
A_universe,claims agent retention,True,deb,"Sangamo Therapeutics, Inc.",26-10989,2026-06-23,73517510,483832347,2026-06-24,45,,claims_agent,supplemental_declaration,debtor,and Retain Kurtzman Carson Consultants dba Verita Global,"Supplemental Declaration of Evan Gershbein in Further Support of Application of the Debtor for Authorization to Employ and Retain Kurtzman Carson Consultants dba Verita Global as Claims and Noticing Agent Effective as of the Petition Date (related document(s)3) Filed by Sangamo Therapeutics, Inc.. (Cunningham, Kristin) (Entered: 06/24/2026)",Declaration,False,,,https://www.courtlistener.com/docket/73517510/45/sangamo-therapeutics-inc/,https://www.courtlistener.com/docket/73517510/sangamo-therapeutics-inc/,
A_universe,claims agent retention,True,deb,"Sangamo Therapeutics, Inc.",26-10989,2026-06-23,73517510,483948175,2026-06-24,55,,claims_agent,order,unknown,,"Order (I) Authorizing the Appointment of Kurtzman Carson Consultants, LLC dba Verita Global as Claims and Noticing Agent Effective as of the Petition Date and (II) Granting Related Relief (related document(s)3, 45) Signed on 6/24/2026. (NAB) (Entered: 06/24/2026)",Application to Appoint Claims/Noticing Agent,False,,,https://www.courtlistener.com/docket/73517510/55/sangamo-therapeutics-inc/,https://www.courtlistener.com/docket/73517510/sangamo-therapeutics-inc/,
A_universe,claims agent retention,True,deb,Searles Valley Minerals Inc.,26-10966,2026-06-15,73482578,482673397,2026-06-15,4,,claims_agent,retention_application,unknown,,"Application to Appoint Claims/Noticing Agent STRETTO Filed By Searles Valley Minerals Inc. (Attachments: # 1 Exhibit A - Proposed Order # 2 Exhibit B - Betance Declaration # 3 Exhibit C - Agreement)(Jones, Laura Davis) (Entered: 06/15/2026)",Application to Appoint Claims/Noticing Agent,False,,,https://www.courtlistener.com/docket/73482578/4/searles-valley-minerals-inc/,https://www.courtlistener.com/docket/73482578/searles-valley-minerals-inc/,
A_universe,claims agent retention,True,deb,Searles Valley Minerals Inc.,26-10966,2026-06-15,73482578,482686762,2026-06-15,4,1,claims_agent,retention_application,unknown,,"Application to Appoint Claims/Noticing Agent STRETTO Filed By Searles Valley Minerals Inc. (Attachments: # 1 Exhibit A - Proposed Order # 2 Exhibit B - Betance Declaration # 3 Exhibit C - Agreement)(Jones, Laura Davis) (Entered: 06/15/2026)",Exhibit A - Proposed Order,False,7,,https://www.courtlistener.com/docket/73482578/4/1/searles-valley-minerals-inc/,https://www.courtlistener.com/docket/73482578/searles-valley-minerals-inc/,
A_universe,claims agent retention,True,deb,Searles Valley Minerals Inc.,26-10966,2026-06-15,73482578,482686763,2026-06-15,4,2,claims_agent,retention_application,unknown,,"Application to Appoint Claims/Noticing Agent STRETTO Filed By Searles Valley Minerals Inc. (Attachments: # 1 Exhibit A - Proposed Order # 2 Exhibit B - Betance Declaration # 3 Exhibit C - Agreement)(Jones, Laura Davis) (Entered: 06/15/2026)",Exhibit B - Betance Declaration,False,12,,https://www.courtlistener.com/docket/73482578/4/2/searles-valley-minerals-inc/,https://www.courtlistener.com/docket/73482578/searles-valley-minerals-inc/,
A_universe,claims agent retention,True,deb,"Shapauste, Inc.",25-10823,2025-05-05,70147717,438941536,2025-05-08,32,,claims_agent,order,unknown,,"Order Appointing EPIQ CORPORATE RESTRUCTURING, LLC as Claims and Noticing Agent Effective as of the Petition Date (Related Doc # 5) Signed on 5/8/2025. (Attachments: # 1 Exhibit 1 - Engagement Agreement) (LMC) (Entered: 05/08/2025)",Application to Appoint Claims/Noticing Agent,False,,,https://www.courtlistener.com/docket/70147717/32/synthego-corporation/,https://www.courtlistener.com/docket/70147717/shapauste-inc/,
A_universe,claims agent retention,True,deb,"Shapauste, Inc.",25-10823,2025-05-05,70147717,439004352,2025-05-08,32,1,claims_agent,order,unknown,,"Order Appointing EPIQ CORPORATE RESTRUCTURING, LLC as Claims and Noticing Agent Effective as of the Petition Date (Related Doc # 5) Signed on 5/8/2025. (Attachments: # 1 Exhibit 1 - Engagement Agreement) (LMC) (Entered: 05/08/2025)",Exhibit 1 - Engagement Agreement,False,15,,https://www.courtlistener.com/docket/70147717/32/1/synthego-corporation/,https://www.courtlistener.com/docket/70147717/shapauste-inc/,
A_universe,claims agent retention,True,deb,"Shapauste, Inc.",25-10823,2025-05-05,70147717,439073957,2025-05-09,47,,claims_agent,retention_application,debtor,"and Appointment of Epiq Corporate Restructuring, LLC","Notice of Service Notice of Entry of Order Regarding Debtors Application for Entry of an Order (I) Approving the Retention and Appointment of Epiq Corporate Restructuring, LLC as the Claims and Noticing Agent to the Debtor, Effective as of the Petition Date, And (II) Granting Related Relief (related document(s)5, 32) Filed by Synthego Corporation. (Attachments: # 1 Exhibit 1) (O'Neill, James) (Entered: 05/09/2025)",Notice of Service,False,,,https://www.courtlistener.com/docket/70147717/47/synthego-corporation/,https://www.courtlistener.com/docket/70147717/shapauste-inc/,
A_universe,claims agent retention,True,deb,"SiFi Networks America, LLC",26-10912,2026-06-05,73449802,481763970,2026-06-05,2,,claims_agent,retention_application,unknown,,"Application to Appoint Claims/Noticing Agent STRETTO Filed By SiFi Networks America, LLC (Fitzpatrick, Michael) (Entered: 06/05/2026)",Application to Appoint Claims/Noticing Agent,False,,,https://www.courtlistener.com/docket/73449802/2/sifi-networks-america-llc/,https://www.courtlistener.com/docket/73449802/sifi-networks-america-llc/,
A_universe,claims agent retention,True,deb,"SiFi Networks America, LLC",26-10912,2026-06-05,73449802,482067102,2026-06-09,51,,claims_agent,order,debtor,,Order Approving Application Appointing STRETTO as Claims and Noticing Agent for the Debtors Pursuant to 28 U.S.C. 156(c) (Related Doc # 2) Order Signed on 6/9/2026. (Attachments: # 1 Exhibit 1) (JMW) (Entered: 06/09/2026),Application to Appoint Claims/Noticing Agent,False,,,https://www.courtlistener.com/docket/73449802/51/sifi-networks-america-llc/,https://www.courtlistener.com/docket/73449802/sifi-networks-america-llc/,
A_universe,claims agent retention,True,deb,"SiFi Networks America, LLC",26-10912,2026-06-05,73449802,482432557,2026-06-11,69,,claims_agent,order,debtor,"and Appointment of Stretto, Inc","Affidavit/Declaration of Service re: Declaration of Jacen Dinoff, as Chief Restructuring Officer of the Debtor, in Support of Chapter 11 Petition and First Day Pleadings (Docket No. 11), Declaration of Shareef El Attar in Support of Debtors Motion for Entry of Interim and Final Orders (I) Authorizing the Debtor to (A) Obtain Postpetition Financing and (B) Utilize Cash Collateral, (II) Granting Adequate Protection to the Prepetition Secured Noteholder, (III) Modifying the Automatic Stay, and (IV) Granting Related Relief (Docket No. 12), Debtors Motion for Entry of an Order (I) Approving the Bidding Procedures, (II) Scheduling Certain Dates and Deadlines With Respect Thereto, (III) Approving the Form and Manner of Notice Thereof, (IV) Approving the Stalking Horse Agreement, (V) Approving the Procedures for the Assumption and Assignment of Executory Contracts and Unexpired Leases, (VI) Approving the Sale of Substantially All of the Debtors Assets, (VII) Authorizing the Debtors Assumption and Assignment of Certain Executory Contracts and Unexpired Leases, and (VIII) Granting Related Relief (Docket No. 13), Order (I) Authorizing the Debtor to Redact Certain Personally Identifiable Information and (II) Granting Related Relief (Docket No. 45), Order Authorizing Retention and Appointment of Stretto, Inc. As Claims and Noticing Agent (Docket No. 51), Notice of Entry of Interim Order and Final Hearing With Respect to Debtors Motion for Entry of Interim and Final Orders (I) Authorizing Continued Use of Bank Accounts and Business Forms and Payment of Related Prepetition Obligations and (II) Granting a Limited Waiver of Section 345(b) Deposit and Investment Requirements, and (III) Granting Related Relief (Docket No. 53), Notice of Entry of Interim Order and Final Hearing With Respect to Debtors Motion for Entry of Interim and Final Orders (I) Authorizing the Payment of Certain Taxes and Fees and (II) Granting Related Relief (Docket No. 54), Notice of Entry of Interim Order and Final Hearing With Respect to Debtors Motion for Entry of Interim and Final Orders (I) Authorizing the Debtor to (A) Pay Its Obligations Under Prepetition Insurance Policies, (B) Continue to Pay Certain Brokerage Fees, and (C) Renew, Supplement, Modify, or Purchase Insurance Coverage, and (II) Granting Related Relief (Docket No. 55), Notice of Entry of Interim Order and Final Hearing With Respect to Debtors Motion for Entry of Interim and Final Orders (I) Authorizing the Debtor to (A) Pay Prepetition Wages, Salaries, Other Compensation, and Reimbursable Expenses and (B) Continue Employee Benefits Programs, and (II) Granting Related Relief (Docket No. 56), Notice of Entry of Interim Order and Final Hearing With Respect to Debtors Motion for Entry of Interim and Final Orders (I) Authorizing Debtor to Pay Prepetition Claims of Certain Critical Vendors and 503(b)(9) Claimants and (II) Granting Related Relief (Docket No. 57), Notice of Entry of Interim Order and Final Hearing With Respect to Debtors Motion for Entry of Interim and Final Orders (I) Authorizing the Debtor to (A) Obtain Postpetition Financing and (B) Utilize Cash Collateral, (II) Granting Adequate Protection to the Prepetition Secured Noteholder, (III) Modifying the Automatic Stay, and (IV) Granting Related Relief (Docket No. 58), Notice of Debtors Motion for Entry of an Order (I) Approving the Bidding Procedures, (II) Scheduling Certain Dates and Deadlines With Respect Thereto, (III) Approving the Form and Manner of Notice Thereof, (IV) Approving the Stalking Horse Agreement, (V) Approving the Procedures for the Assumption and Assignment of Executory Contracts and Unexpired Leases, (VI) Approving the Sale of Substantially All of the Debtors Assets, (VII) Authorizing the Debtors Assumption and Assignment of Certain Executory Contracts and Unexpired Leases, and (VIII) Granting Related Relief (Docket No. 59), Notice of Debtors First Omnibus Motion for Entry of an Order (I) Authorizing Rejection of Certain Executory Contracts as of the Petition Date, and (II) Granting Related Relief (Docket No. 60), Debtors Second Omnibus Motion for Entry of an Order (I) Authorizing Rejection of Certain Executory Contracts, and (II) Granting Related Relief (Docket No. 61). Filed by Stretto. (related document(s)11, 12, 13, 45, 51, 53, 54, 55, 56, 57, 58, 59, 60, 61) (Betance, Sheryl) (Entered: 06/11/2026)",Affidavit/Declaration of Service,False,,,https://www.courtlistener.com/docket/73449802/69/sifi-networks-america-llc/,https://www.courtlistener.com/docket/73449802/sifi-networks-america-llc/,
A_universe,claims agent retention,True,deb,"Simply Interior Homes, LLC",26-10922,2026-06-08,73451364,481848406,2026-06-08,3,,claims_agent,retention_application,unknown,,"Application to Appoint Claims/Noticing Agent EPIQ CORPORATE RESTRUCTURING, LLC Filed By Simply Interior Homes, LLC (Haywood, Brett) (Entered: 06/08/2026)",Application to Appoint Claims/Noticing Agent,False,,,https://www.courtlistener.com/docket/73451364/3/simply-interior-homes-llc/,https://www.courtlistener.com/docket/73451364/simply-interior-homes-llc/,
A_universe,claims agent retention,True,deb,"Simply Interior Homes, LLC",26-10922,2026-06-08,73451364,482100605,2026-06-09,49,,claims_agent,order,debtor,"Epiq Corporate Restructuring, LLC","Order (I) Approving the Retention of Epiq Corporate Restructuring, LLC as the Claims and Noticing Agent to the Debtors, Effective as of the Petition Date, and (II) Granting Related Relief (Related Doc # 3). Signed on 6/9/2026. (DCY) (Entered: 06/09/2026)",Application to Appoint Claims/Noticing Agent,False,,,https://www.courtlistener.com/docket/73451364/49/simply-interior-homes-llc/,https://www.courtlistener.com/docket/73451364/simply-interior-homes-llc/,
A_universe,claims agent retention,True,deb,"Spanish Broadcasting System, Inc.",26-10708,2026-05-11,73322689,478823611,2026-05-11,6,,claims_agent,retention_application,unknown,,"Application to Appoint Claims/Noticing Agent KROLL RESTRUCTURING ADMINISTRATION LLC Filed By Spanish Broadcasting System, Inc. (Attachments: # 1 Exhibit A: Proposed Order # 2 Exhibit B: Steele Declaration # 3 Exhibit C: Engagement Agreement)(Sawyer, Casey) (Entered: 05/11/2026)",Application to Appoint Claims/Noticing Agent,False,,,https://www.courtlistener.com/docket/73322689/6/spanish-broadcasting-system-inc/,https://www.courtlistener.com/docket/73322689/spanish-broadcasting-system-inc/,
A_universe,claims agent retention,True,deb,"Spanish Broadcasting System, Inc.",26-10708,2026-05-11,73322689,478947037,2026-05-12,36,,claims_agent,ust_objection,debtor,,"Affidavit/Declaration of Mailing of Ryan Vyskocil Regarding Debtors Motion for Entry of an Order Directing Joint Administration of Chapter 11 Cases, Joint Pre-Packaged Chapter 11 Plan of Reorganization of Spanish Broadcasting System, Inc. and Its Debtor Affiliates, Disclosure Statement Pursuant to Section 1125 of the Bankruptcy Code for the Joint Pre-Packaged Chapter 11 Plan of Reorganization of Spanish Broadcasting System, Inc., and Its Debtor Affiliates, Declaration of Jesse York in Support of Chapter 11 Petitions and First Day Relief, Debtors Application for Entry of an Order (I) Authorizing the Appointment of Kroll Restructuring Administration LLC as Claims and Noticing Agent and (II) Granting Related Relief, Debtors Motion for Entry of an Order (I) Authorizing Debtors to Seal Certain Personally Identifiable Information for Individuals and (II) Granting Related Relief, Debtors Motion for Entry of Interim and Final Orders (I) Prohibiting Utility Providers from Altering, Refusing or Discontinuing Utility Services, (II) Approving Proposed Adequate Assurance of Payment to Utility Providers and Authorizing Debtors to Provide Additional Assurance, (III) Establishing Procedures to Resolve Requests for Additional Assurance, and (IV) Granting Related Relief, Debtors Motion for Entry of Interim and Final Orders (I) Authorizing Debtors to (A) Continue Insurance Policies and Agreements Relating Thereto in the Ordinary Course of Business, Including Premium Finance Agreements, (B) Honor Certain Prepetition Obligations in Respect Thereof, and (C) Renew, Revise, Extend, Supplement, Change or Enter Into New Insurance Coverage and Premium Finance Agreements as Needed in Their Business Judgment, and (II) Granting Related Relief, Debtors Motion for Entry of Interim and Final Orders (I) Authorizing the Debtors to Honor and Continue Customer Programs and Customer Obligations and (II) Granting Related Relief, Debtors Motion for Entry of Interim and Final Orders Authorizing (I) the Debtors to Pay Certain Prepetition Taxes and Fees, (II) Financial Institutions to Honor and Process Related Checks and Transfers, and (III) Granting Related Relief, Debtors Motion for Entry of Interim and Final Orders for (I) Authority to Pay or Honor Prepetition Trade Claims in the Ordinary Course, and (II) Related Relief, Debtors Motion for Entry of Interim and Final Orders (I) Authorizing, but Not Directing, the Debtors to (A) Pay Prepetition Employee Wages, Salaries, Other Compensation, and Reimbursable Employee Expenses and (B) Maintain Employee Benefits Programs, and (II) Granting Related Relief, Debtors Motion for Entry of Interim and Final Orders (I) Authorizing Debtors to (A) Continue Their Existing Cash Management System, (B) Honor Certain Prepetition and Postpetition Obligations Related Thereto, (C) Maintain Their Bank Accounts and Existing Business Forms, (D) Implement Changes to the Existing Cash Management System as Necessary, and (E) Continue Ordinary Course Intercompany Transactions; (II) Provide Limited Relief from the Requirements of 11 U.S.C. § 345(b) and the U.S. Trustees Operating Guidelines; and (III) Granting Related Relief, Debtors Motion for Entry of Interim and Final Orders (I) Approving Notification and Hearing Procedures for Certain Transfers of and Declarations of Worthlessness with Respect to SBS Stock and (II) Granting Related Relief, Debtors Motion for Entry of an Order (I) Scheduling a Combined Disclosure Statement Approval and Plan Confirmation Hearing, (II) Establishing Plan and Disclosure Statement Objection Deadlines and Related Procedures, (III) Approving the Solicitation Procedures, (IV) Approving the Confirmation Hearing Notice, and (V) Waiving the Requirements that the U.S. Trustee Convene a Meeting of Creditors and the Debtors File Schedules and SOFAS, Debtors Motion for Interim and Final Orders (I) Authorizing Secured Post-Petition Financing Pursuant to 11 U.S.C. § 364, (II) Authorizing Use of Cash Collateral, (III) Granting Adequate Protection Pursuant to 11 U.S.C. §§ 361, 363 and 364, (IV) Scheduling a Final Hearing, and (V) Granting Related Relief, Declaration of Timothy Hagamen in Support of the Debtors Motion for Interim and Final Orders (I) Authorizing Secured Postpetition Financing Pursuant to 11 U.S.C. § 364, (II) Authorizing Use of Cash Collateral, (III) Granting Adequate Protection Pursuant to 11 U.S.C. §§ 361, 363 and 364, (IV) Scheduling a Final Hearing, and (V) Granting Related Relief, Debtors Motion for Entry of an Order Authorizing the Debtors to File Under Seal the Notice of Filing of Fee Letters in Connection with Debtors Motion for Interim and Final Orders (I) Authorizing Secured Post-Petition Financing Pursuant to 11 U.S.S. § 364, (II) Authorizing Use of Cash Collateral, (III) Granting Adequate Protection Pursuant to 11 U.S.C. §§ 361, 363 and 364, (IV) Scheduling a Final Hearing, and (V) Granting Related Relief, Notice of Hearing to Consider First Day Motions Scheduled for May 12, 2026, at 3:00 p.m. (Eastern Time), and Notice of (I) Filing of Chapter 11 Petitions and Related Documents and (II) Agenda for Hearing Scheduled for May 12, 2026, at 3:00 p.m. (Eastern Time). Filed by Kroll Restructuring Administration LLC. (related document(s)2, 3, 4, 5, 6, 7, 8, 9, 10, 11, 12, 13, 14, 15, 16, 17, 18, 20, 22, 23) (Steele, Benjamin) (Entered: 05/12/2026)",Affidavit/Declaration of Mailing,False,,,https://www.courtlistener.com/docket/73322689/36/spanish-broadcasting-system-inc/,https://www.courtlistener.com/docket/73322689/spanish-broadcasting-system-inc/,
A_universe,claims agent retention,True,deb,"Spanish Broadcasting System, Inc.",26-10708,2026-05-11,73322689,479019462,2026-05-13,43,,claims_agent,order,debtor,,Order Approving Application Appointing KROLL RESTRUCTURING ADMINISTRATION LLC as Claims and Noticing Agent for the Debtors Pursuant to 28 U.S.C. 156(c) (Related Doc 6) Order Signed on 5/12/2026. (JMW) Modified text on 5/13/2026 (lcn). (Entered: 05/13/2026),Application to Appoint Claims/Noticing Agent,False,,,https://www.courtlistener.com/docket/73322689/43/spanish-broadcasting-system-inc/,https://www.courtlistener.com/docket/73322689/spanish-broadcasting-system-inc/,
A_universe,claims agent retention,True,deb,"T&S Food Services II, LLC",25-11178,2025-06-19,70586279,443250504,2025-06-19,4,,claims_agent,retention_application,unknown,,"Application to Appoint Claims/Noticing Agent Reliable Filed By T&S Food Services II, LLC (Grivner, Karen) (Entered: 06/19/2025)",Application to Appoint Claims/Noticing Agent,False,,,https://www.courtlistener.com/docket/70586279/4/ts-food-services-ii-llc/,https://www.courtlistener.com/docket/70586279/ts-food-services-ii-llc/,
A_universe,claims agent retention,True,deb,"T&S Food Services II, LLC",25-11178,2025-06-19,70586279,443650791,2025-06-24,28,,claims_agent,order,debtor,,"Order Granting Application of the Debtor for Entry of an Order Pursuant to 28 U.S.C. § 156(c), Bankruptcy Code Section 105(a) and Local Rule 2002-1(e),Authorizing Appointment of Reliable Companies d/b/a Reliable as Claimsand Noticing Agent, Effective as of the Petition Date (Related Doc # 4) Order Signed on 6/24/2025. (LJH) (Entered: 06/24/2025)",Application to Appoint Claims/Noticing Agent,False,,,https://www.courtlistener.com/docket/70586279/28/ts-food-services-ii-llc/,https://www.courtlistener.com/docket/70586279/ts-food-services-ii-llc/,
A_universe,claims agent retention,True,deb,TRM NRE Holding LLC,26-10568,2026-04-21,73224965,476911973,2026-04-23,12,,claims_agent,retention_application,unknown,,"Application to Appoint Claims/Noticing Agent STRETTO Filed by TRM NRE Holding LLC. (Attachments: # 1 Exhibit A # 2 Exhibit B) (Martin, R.) (Entered: 04/23/2026)",Application to Appoint Claims/Noticing Agent,False,,,https://www.courtlistener.com/docket/73224965/12/trm-nre-holding-llc/,https://www.courtlistener.com/docket/73224965/trm-nre-holding-llc/,
A_universe,claims agent retention,True,deb,TRM NRE Holding LLC,26-10568,2026-04-21,73224965,477474964,2026-04-29,50,,claims_agent,order,unknown,"and Appointment of Stretto, Inc","Order Authorizing Retention and Appointment of Stretto, Inc. as Claims and Noticing Agent (Related Doc # 12) Order Signed on 4/29/2026. (CEB) (Entered: 04/29/2026)",Application to Appoint Claims/Noticing Agent,False,,,https://www.courtlistener.com/docket/73224965/50/trm-nre-holding-llc/,https://www.courtlistener.com/docket/73224965/trm-nre-holding-llc/,
A_universe,claims agent retention,True,deb,TRM NRE Holding LLC,26-10568,2026-04-21,73224965,478061487,2026-05-04,67,,claims_agent,ust_objection,debtor,"and Appointment of Stretto, Inc","Affidavit/Declaration of Service re: Motion of the Debtors for Entry of An Order (I) Granting Joint Administration of Their Chapter 11 Cases, and (II) Granting Related Relief (Docket No. 3), Debtors Application for Appointment of Stretto, Inc. as Claims and Noticing Agent (Docket No. 12), Motion of the Debtors for Entry of An Order (I) Authorizing the Debtors to (A) File a Consolidated List of Creditors in Lieu of Submitting a Separate Mailing Matrix for Each Debtor, (B) File a Consolidated List of the Debtors Thirty Largest Unsecured Creditors in Lieu of Filing Lists for Each Debtor, and (C) Redact Certain Personally Identifiable Information of Natural Persons; and (II) Granting Related Relief (Docket No. 13), Motion of the Debtors for Entry of Interim and Final Orders (I) Determining Adequate Assurance of Payment for Future Utility Services, (II) Prohibiting Utility Companies From Altering, Refusing, or Discontinuing Service, (III) Approving the Debtors Proposed Form of Adequate Assurance of Payment to Utility Companies, (IV) Establishing Procedures for Resolving Objections by Utility Companies, and (V) Granting Related Relief (Docket No. 16), Motion of the Debtors for (I) Authority to (A) Maintain and Administer the Customer Warranty Program and (B) Honor Prepetition Business Practices Related Thereto and (II) Related Relief (Docket No. 17), Motion of the Debtors for Entry of Interim and Final Orders (I) Authorizing the Debtors to (A) Maintain Insurance and Surety Coverage Entered Into Prepetition and Pay Related Prepetition Obligations, and (B) Renew, Supplement, Modify, or Purchase Insurance Coverage and Surety Bonds, (C) Continue to Pay Broker Fees, and (D) Renew Premium Financing Agreements, and (II) Granting Related Relief (Docket No. 18), Motion of the Debtors for Entry of Interim and Final Orders (I) Authorizing the Debtors to Pay Certain Prepetition Taxes and Fees and (II) Granting Related Relief (Docket No. 19), Motion of the Debtors for Entry of Interim and Final Orders (I) (A) Authorizing the Debtors to Pay Certain Prepetition Wages, Salaries, and Reimbursable Expenses and (B) Continue Compensation and Benefits Programs, and (II) Granting Related Relief (Docket No. 20), Motion of the Debtors for Entry of Interim and Final Orders (I) Authorizing Debtors to Pay Prepetition Claims of (A) Foreign Vendors, (B) 503(b)(9) Claimants, and (C) Critical Vendors, and (II) Granting Related Relief (Docket No. 21), Motion of the Debtors for Entry of Interim and Final Orders (I) Authorizing the Debtors to (A) Operate Their Cash Management System and (B) Honor Prepetition Obligations Related Thereto, (II) Waiving Strict Application of Section 345(b) of the Bankruptcy Code and the U.S. Trustee Guidelines to the Extent Necessary, and (III) Granting Related Relief (Docket No. 22), Motion of the Debtors for Entry of Interim and Final Orders (I) Authorizing Postpetition Use of Cash Collateral; (II) Granting Adequate Protection; (III) Scheduling a Final Hearing; and (IV) Granting Related Relief (Docket No. 33), Declaration of Shaun Karn in Support of the Debtors Chapter 11 Petitions and First Day Pleadings (Docket No. 34), Order (I) Granting Joint Administration of the Debtors Chapter 11 Cases and (II) Granting Related Relief (Docket No. 37), Declaration of James Katchadurian in Support of Debtors Motion for Entry of Interim and Final Orders (I) Authorizing Postpetition Use of Cash Collateral; (II) Granting Adequate Protection; (III) Scheduling a Final Hearing; and (IV) Granting Related Relief (Docket No. 38), Order (I) Authorizing the Debtors to (A) File a Consolidated List of Creditors in Lieu of Submitting a Separate Mailing Matrix for Each Debtor, (B) File a Consolidated List of the Debtors Thirty Largest Unsecured Creditors in Lieu of Filing Lists for Each Debtor, and (C) Redact Certain Personally Identifiable Information of Natural Persons; and (II) Granting Related Relief (Docket No. 49), Order Authorizing Retention and Appointment of Stretto, Inc. as Claims and Noticing Agent (Docket No. 50), Interim Order (I) Authorizing Debtors Adequate Assurance of Payment for Future Utility Services, (II) Prohibiting Utility Companies From Altering, Refusing, or Discontinuing Service, (III) Approving the Debtors Proposed Form of Adequate Assurance of Payment to Utility Companies, (IV) Establishing Procedures for Resolving Objections by Utility Companies, and (V) Granting Related Relief (Docket No. 53), Interim Order (I) Authorizing the Debtors to (A) Maintain and Administer the Customer Warranty Program and (B) Honor Prepetition Business Practices Related Thereto and (II) Granting Related Relief (Docket No. 54), Interim Order (I) Authorizing the Debtors to (A) Maintain Insurance and Surety Coverage Entered Into Prepetition and Pay Related Prepetition Obligations, and (B) Renew, Supplement, Modify, or Purchase Insurance Coverage and Surety Bonds, (C) Continue to Pay Broker Fees and (D) Renew Premium Financing Agreements, and (II) Granting Related Relief (Docket No. 55), Interim Order (I) Authorizing the Debtors to Pay Certain Prepetition Taxes and Fees and (II) Granting Related Relief (Docket No. 56), Interim Order (I) (A) Authorizing the Debtors to Pay Certain Prepetition Wages, Salaries, and Reimbursable Expenses and (B) Continue Compensation and Benefits Programs, and (II) Granting Related Relief (Docket No. 57), Interim Order (I) Authorizing Debtors to Pay Prepetition Claims of (A) Foreign Vendors, (B) 503(b)(9) Claimants, and (C) Critical Vendors, and (II) Granting Related Relief (Docket No. 58), Interim Order (I) Authorizing the Debtors to (A) Operate Their Cash Management System and (B) Honor Prepetition Obligations Related Thereto; (II) Waiving Strict Application of Section 345(b) of the Bankruptcy Code and the U.S. Trustee Guidelines to the Extent Necessary; and (III) Granting Related Relief (Docket No. 59), Interim Order (I) Authorizing Postpetition Use of Cash Collateral; (II) Granting Adequate Protection; (III) Scheduling a Final Hearing; and (IV) Granting Related Relief (Docket No. 60), Notice of Entry of Interim Orders and Second Day Hearing (Docket No. 61), Notice of Hearing re: Motion of the Debtors for Entry of Interim and Final Orders (I) Authorizing Postpetition Use of Cash Collateral; (II) Granting Adequate Protection; (III) Scheduling a Final Hearing; and (IV) Granting Related Relief (Docket No. 62), Order Scheduling Omnibus Hearing Date (Docket No. 64). Filed by Stretto. (related document(s)3, 12, 13, 16, 17, 18, 19, 20, 21, 22, 33, 34, 37, 38, 49, 50, 53, 54, 55, 56, 57, 58, 59, 60, 61, 62, 64) (Betance, Sheryl) (Entered: 05/04/2026)",Affidavit/Declaration of Service,False,,,https://www.courtlistener.com/docket/73224965/67/trm-nre-holding-llc/,https://www.courtlistener.com/docket/73224965/trm-nre-holding-llc/,
A_universe,claims agent retention,True,deb,"Tonopah Solar Energy, LLC",26-10060,2026-01-21,72167968,465824299,2026-01-21,3,,claims_agent,retention_application,debtor,"Epiq Corporate Restructuring, LLC","Application/Motion to Employ/Retain Epiq Corporate Restructuring, LLC as Claims and Noticing Agent to the Debtor Filed by Tonopah Solar Energy, LLC. (Attachments: # 1 Exhibit A # 2 Exhibit B # 3 Exhibit C) (Applebaum, Aaron) (Entered: 01/21/2026)",Application/Motion to Employ (B),False,,,https://www.courtlistener.com/docket/72167968/3/tonopah-solar-energy-llc/,https://www.courtlistener.com/docket/72167968/tonopah-solar-energy-llc/,
A_universe,claims agent retention,True,deb,"Tonopah Solar Energy, LLC",26-10060,2026-01-21,72167968,466206001,2026-01-23,40,,claims_agent,order,debtor,"And Appointment Of Epiq Corporate Restructuring, LLC","Order (I) Approving The Retention And Appointment Of Epiq Corporate Restructuring, LLC As Claims And Noticing Agent To The Debtor, Effective As Of The Petition Date, And (II) Granting Related Relief (Related Doc # 3)(related document(s)3) Order Signed on 1/23/2026. (AJL) (Entered: 01/23/2026)",Order on Application to Employ,False,,,https://www.courtlistener.com/docket/72167968/40/tonopah-solar-energy-llc/,https://www.courtlistener.com/docket/72167968/tonopah-solar-energy-llc/,
A_universe,claims agent retention,False,deb,"Tricida, Inc.",23-10024,2025-11-10,66716429,222292076,2023-01-11,3,,claims_agent,retention_application,unknown,,"Application to Appoint Claims/Noticing Agent KURTZMAN CARSON CONSULTANTS, LLC Filed By Tricida, Inc. (Beach, Sean) (Entered: 01/11/2023)",Application to Appoint Claims/Noticing Agent,False,,,https://www.courtlistener.com/docket/66716429/3/tricida-inc/,https://www.courtlistener.com/docket/66716429/tricida-inc/,
A_universe,claims agent retention,False,deb,"Tricida, Inc.",23-10024,2025-11-10,66716429,222470537,2023-01-13,42,,claims_agent,order,unknown,and Appointment of Kurtzman Carson Consultants LLC,Order Authorizing the Retention and Appointment of Kurtzman Carson Consultants LLC as Claims and Noticing Agent (Related Doc # 3) Order Signed on 1/13/2023. (LJH) (Entered: 01/13/2023),Application to Appoint Claims/Noticing Agent,False,,,https://www.courtlistener.com/docket/66716429/42/tricida-inc/,https://www.courtlistener.com/docket/66716429/tricida-inc/,
A_universe,claims agent retention,True,deb,US Magnesium LLC,25-11696,2025-09-10,71314102,451925960,2025-09-10,5,,claims_agent,retention_application,unknown,,"Application to Appoint Claims/Noticing Agent STRETTO Filed By US Magnesium LLC (Busenkell, Michael) (Entered: 09/10/2025)",Application to Appoint Claims/Noticing Agent,False,,,https://www.courtlistener.com/docket/71314102/5/us-magnesium-llc/,https://www.courtlistener.com/docket/71314102/us-magnesium-llc/,
A_universe,claims agent retention,True,deb,US Magnesium LLC,25-11696,2025-09-10,71314102,483498120,2026-06-17,994,,claims_agent,other,unknown,,"Receipt of filing fee for Transfer/Assignment of Claim - Ch 11 with Claims Agent Assigned( 25-11696-BLS) [claims,trclm11] ( 28.00). Receipt Number A12711789, amount $ 28.00. (U.S. Treasury) (Entered: 06/17/2026)",,False,,,https://www.courtlistener.com/docket/71314102/994/us-magnesium-llc/,https://www.courtlistener.com/docket/71314102/us-magnesium-llc/,
A_universe,claims agent retention,True,deb,US Magnesium LLC,25-11696,2025-09-10,71314102,489586596,2026-07-01,1026,,claims_agent,other,unknown,,"Receipt of filing fee for Transfer/Assignment of Claim - Ch 11 with Claims Agent Assigned( 25-11696-BLS) [claims,trclm11] ( 28.00). Receipt Number A12729366, amount $ 28.00. (U.S. Treasury) (Entered: 07/01/2026)",,False,,,https://www.courtlistener.com/docket/71314102/1026/us-magnesium-llc/,https://www.courtlistener.com/docket/71314102/us-magnesium-llc/,
A_universe,claims agent retention,True,deb,"Valves and Controls US, Inc.",25-11403,2025-07-25,70918365,446976347,2025-07-25,3,,claims_agent,retention_application,unknown,,"Application to Appoint Claims/Noticing Agent KROLL RESTRUCTURING ADMINISTRATION LLC Filed By Valves and Controls US, Inc. (Attachments: # 1 Exhibit A # 2 Exhibit B # 3 Exhibit C)(Reilley, Patrick) (Entered: 07/25/2025)",Application to Appoint Claims/Noticing Agent,False,,,https://www.courtlistener.com/docket/70918365/3/valves-and-controls-us-inc/,https://www.courtlistener.com/docket/70918365/valves-and-controls-us-inc/,
A_universe,claims agent retention,True,deb,"Valves and Controls US, Inc.",25-11403,2025-07-25,70918365,449854012,2025-08-21,61,,claims_agent,order,debtor,and Appointment of Kroll Restructuring Administration LLC,"Affidavit/Declaration of Mailing of Amy Castillo Regarding Application of Debtor for Entry of Order Authorizing Retention and Appointment of Kroll Restructuring Administration LLC as Claims and Noticing Agent for Debtor, Motion of Debtor for Entry of Interim and Final Orders (I) Authorizing Debtor to Continue Using Existing Bank Account and (II) Granting Related Relief, Motion of Debtor for Entry of Order (I) Authorizing Debtor to (A) Redact Certain Personal Identification Information and (B) File List of Top Law Firms with Asbestos Claims in Lieu of List of 20 Largest Unsecured Creditors, (II) Approving Noticing Procedures for Asbestos Claimants, and (III) Granting Related Relief, Order Authorizing Retention and Appointment of Kroll Restructuring Administration LLC as Claims and Noticing Agent for Debtor, Order (I) Authorizing Debtor to (A) Redact Certain Personal Identification Information and (B) File List of Top Law Firms with Asbestos Claims in Lieu of List of 20 Largest Unsecured Creditors, (II) Approving Noticing Procedures for Asbestos Claimants, and (III) Granting Related Relief, Interim Order (I) Authorizing Debtor to Continue Using Existing Bank Account and (II) Granting Related Relief, and Notice of Entry of Interim Order and Final Hearing with Respect to Motion of Debtor for Entry of Interim and Final Orders (I) Authorizing Debtor to Continue Using Existing Bank Account and (II) Granting Related Relief. Filed by Kroll Restructuring Administration LLC. (related document(s)3, 4, 5, 36, 37, 38, 40) (Malo, David) (Entered: 08/21/2025)",Affidavit/Declaration of Mailing,False,,,https://www.courtlistener.com/docket/70918365/61/valves-and-controls-us-inc/,https://www.courtlistener.com/docket/70918365/valves-and-controls-us-inc/,
A_universe,claims agent retention,True,deb,"Vi-Jon, LLC",26-11216,2026-08-02,73708626,488414620,2026-08-02,4,,claims_agent,retention_application,unknown,,"Application to Appoint Claims/Noticing Agent OMNI AGENT SOLUTIONS Filed by Vi-Jon, LLC. (Attachments: # 1 Exhibit A # 2 Exhibit B # 3 Exhibit C) (Levin, Jason) (Entered: 08/02/2026)",Application to Appoint Claims/Noticing Agent,False,,,https://www.courtlistener.com/docket/73708626/4/vi-jon-llc/,https://www.courtlistener.com/docket/73708626/vi-jon-llc/,
A_universe,claims agent retention,True,deb,"Vi-Jon, LLC",26-11216,2026-08-02,73708626,488617258,2026-08-04,31,,claims_agent,rule_2014_declaration,debtor,"and Appointment of Omni Agent Solutions, Inc","Affidavit/Declaration of Service re: Debtors Motion for Entry of Interim and Final Orders (I) Authorizing the Debtor to (A) Redact Certain Personally Identifiable Information from the Creditor Matrix and Other Documents, (B) List Addresses of Represented Litigation Claimants Counsel in the Creditor Matrix and Other Filings in Lieu of Represented Litigation Claimants Addresses and Serve Represented Litigation Claimants at Such Addresses and (C) List the Twenty Law Firms Representing the Largest Number of Represented Litigation Claimants Instead of the Twenty Largest Unsecured Creditors, (II) Approving Notice of Commencement Procedures, and (III) Granting Related Relief [Docket No. 3], Debtors Section 156(c) Application for Retention and Appointment of Omni Agent Solutions, Inc. as Claims and Noticing Agent [Docket No. 4], Debtors Motion for Entry of Interim and Final Orders (I) Authorizing, But Not Directing, the Debtor to (A) Pay Prepetition Employee Wages, Salaries, Other Compensation, and Reimbursable Expenses and (B) Continue Employee Benefit Programs and (II) Granting Related Relief [Docket No. 5], Debtors Motion for Entry of Interim and Final Orders (I) Authorizing the Debtor to Continue Operating Under the Shared Services Agreements and (II) Granting Related Relief [Docket No. 6], Debtors Motion for Entry of Interim and Final Orders (I) Authorizing the Debtor to (A) Continue Use of Its Existing Cash Management System, Bank Accounts, and Business Forms and (B) Pay Certain Obligations Related Thereto, (II) Authorizing Postpetition Intercompany Transactions, (III) Approving the Amended Keepwell Agreement, (IV) Extending the Time Period to Comply or Waiving Certain Requirements of Section 345(b) of the Bankruptcy Code, and (V) Granting Related Relief [Docket No. 7], Declaration of Mackenzie Shea in Support of The Debtors Chapter 11 Petition and First Day Pleadings [Docket No. 8], and Notice of (I) Filing of Bankruptcy Petitions and Related Documents and (II) Agenda for Hearing on First Day Pleadings Scheduled for August 5, 2026 at 10:30 A.M. (ET) Before the Honorable Mary F. Walrath in the United States Bankruptcy Court for the District of Delaware [Docket No. 18]. Filed by Omni Agent Solutions, Inc.. (related document(s)3, 4, 5, 6, 7, 8, 18) (Lowry, Randy) (Entered: 08/04/2026)",Affidavit/Declaration of Service,False,,,https://www.courtlistener.com/docket/73708626/31/vi-jon-llc/,https://www.courtlistener.com/docket/73708626/vi-jon-llc/,
A_universe,claims agent retention,True,deb,"Vi-Jon, LLC",26-11216,2026-08-02,73708626,489572895,2026-08-11,70,,claims_agent,order,debtor,"and Appointment of Omni Agent Solutions, Inc","Affidavit/Declaration of Service Interim Order (I) Authorizing the Debtor to Continue Operating Under the Shared Services Agreements and (II) Granting Related Relief [Docket No. 55], Interim Order (I) Authorizing, but Not Directing, the Debtor to (A) Pay Prepetition Employee Wages, Salaries, Other Compensation, and Reimbursable Expenses and (B) Continue Employee Benefit Programs and (II) Granting Related Relief [Docket No. 56], Order Authorizing the Retention and Appointment of Omni Agent Solutions, Inc. as Claims and Noticing Agent [Docket No. 57], Interim Order (I) Authorizing the Debtor to (A) Redact Certain Personally Identifiable Information from the Creditor Matrix and Other Documents, (B) List Addresses of Represented Litigation Claimants' Counsel in the Creditor Matrix and Other Filings in Lieu of Represented Litigation Claimants' Addresses and Serve Represented Litigation Claimants at Such Addresses and (C) List the Twenty Law Firms Representing the Largest Number of Represented Litigation Claimants Instead of the Twenty Largest Unsecured Creditors, (II) Approving Notice of Commencement Procedures, and (III) Granting Related Relief [Docket No. 58] and Omnibus Notice of First Day Motions and Final Hearing Thereon [Docket No. 60]. Filed by Omni Agent Solutions, Inc.. (related document(s)55, 56, 57, 58, 60) (Heck, Will) (Entered: 08/11/2026)",Affidavit/Declaration of Service,False,,,https://www.courtlistener.com/docket/73708626/70/vi-jon-llc/,https://www.courtlistener.com/docket/73708626/vi-jon-llc/,
A_universe,claims agent retention,True,deb,Village Roadshow Entertainment Group USA Inc.,25-10475,2025-03-17,69744367,433358269,2025-03-17,4,,claims_agent,retention_application,unknown,,"Application to Appoint Claims/Noticing Agent KURTZMAN CARSON CONSULTANTS, LLC Filed By Village Roadshow Entertainment Group USA Inc. (Mulvihill, Joseph) (Entered: 03/17/2025)",Application to Appoint Claims/Noticing Agent (BF),False,,,https://www.courtlistener.com/docket/69744367/4/village-roadshow-entertainment-group-usa-inc/,https://www.courtlistener.com/docket/69744367/village-roadshow-entertainment-group-usa-inc/,
A_universe,claims agent retention,True,deb,Village Roadshow Entertainment Group USA Inc.,25-10475,2025-03-17,69744367,433534855,2025-03-18,61,,claims_agent,order,debtor,"and Appointment of Kurtzman Carson Consultants, LLC dba Verita Global","Order (I) Approving the Retention and Appointment of Kurtzman Carson Consultants, LLC dba Verita Global, as the Claims and Noticing Agent to the Debtors, Effective as of the Petition Date, and (II) Granting Related Relief (related document(s)4) Order Signed on 3/18/2025. (AMH) (Entered: 03/18/2025)",Application to Appoint Claims/Noticing Agent,False,,,https://www.courtlistener.com/docket/69744367/61/village-roadshow-entertainment-group-usa-inc/,https://www.courtlistener.com/docket/69744367/village-roadshow-entertainment-group-usa-inc/,
A_universe,claims agent retention,True,deb,Village Roadshow Entertainment Group USA Inc.,25-10475,2025-03-17,69744367,483995930,2026-06-22,1718,,claims_agent,other,unknown,,"Receipt of filing fee for Transfer/Assignment of Claim - Ch 11 with Claims Agent Assigned( 25-10475-TMH) [claims,trclm11] ( 28.00). Receipt Number A12714956, amount $ 28.00. (U.S. Treasury) (Entered: 06/22/2026)",,False,,,https://www.courtlistener.com/docket/69744367/1718/village-roadshow-entertainment-group-usa-inc/,https://www.courtlistener.com/docket/69744367/village-roadshow-entertainment-group-usa-inc/,
A_universe,claims agent retention,True,deb,"Viridos, Inc.",25-10697,2025-04-14,69887370,436451258,2025-04-15,12,,claims_agent,retention_application,unknown,,"Application to Appoint Claims/Noticing Agent STRETTO Filed By Viridos, Inc. (Patterson, Morgan) (Entered: 04/15/2025)",Application to Appoint Claims/Noticing Agent,False,,,https://www.courtlistener.com/docket/69887370/12/viridos-inc/,https://www.courtlistener.com/docket/69887370/viridos-inc/,
A_universe,claims agent retention,True,deb,"Viridos, Inc.",25-10697,2025-04-14,69887370,436762296,2025-04-17,34,,claims_agent,order,unknown,,"Order Appointing STRETTO, Inc. as Claims and Noticing Agent Effective as of Petition Date (related document(s)12) Signed on 4/17/2025. (Attachments: # 1 Exhibit 1) (NAB) (Entered: 04/17/2025)",Application to Appoint Claims/Noticing Agent,False,,,https://www.courtlistener.com/docket/69887370/34/viridos-inc/,https://www.courtlistener.com/docket/69887370/viridos-inc/,
A_universe,claims agent retention,True,deb,"Viridos, Inc.",25-10697,2025-04-14,69887370,437356903,2025-04-23,48,,claims_agent,order,debtor,,"Affidavit/Declaration of Service re: Debtors Motion for Entry of Interim and Final Orders (I) Authorizing the Redaction of Certain Personally Identifiable Information of Individuals From the List of Creditors and Certain Other Filings; (II) Authorizing the Debtor to Serve Certain Parties by Electronic Mail; and (III) Granting Related Relief (Docket No. 7), Debtors Motion for Entry of Interim and Final Orders (I) Prohibiting Utility Providers From Altering, Refusing, or Discontinuing Utility Services, (II) Determining Adequate Assurance of Payment for Future Utility Services, (III) Establishing Procedures for Determining Adequate Assurance of Payment, and (IV) Granting Related Relief (Docket No. 8), Debtors Motion for Entry of Interim and Final Orders (I) Authorizing, but Not Directing, the Debtor to (A) Pay Its Obligations Under Insurance Policies Entered Into Prepetition, and (B) Renew, Supplement, Modify, or Purchase Insurance Coverage and Pay Premiums Thereunder; and (II) Granting Related Relief (Docket No. 9), Debtors Motion for Entry of Interim and Final Orders (I) Authorizing, but Not Directing, the Debtor to (A) Pay Prepetition Employee and Independent Contractor Wages, Salaries, and Other Compensation, and (B) Continue Employee Benefits Programs, and (II) Granting Related Relief (Docket No. 10), Debtors Motion for Entry of Interim and Final Orders Authorizing the Debtor to (A) Continue to Operate Its Cash Management System, (B) Honor Certain Prepetition Obligations Related Thereto, (C) Maintain Existing Business Forms, and (D) Granting Related Relief (Docket No. 11), Application of the Debtor for Entry of Order Appointing Stretto, Inc. As Claims and Noticing Agent Effective as of Petition Date (Docket No. 12), Debtors Motion for Entry of Interim and Final Orders (I) Authorizing Debtor to (A) Obtain Postpetition Financing and (B) Use of Cash Collateral, (II) Granting Adequate Protection to Prepetition Secured Lender, (III) Scheduling Final Hearing, and (IV) Granting Related Relief (Docket No. 16), Declaration of Brian Ayers in Support of the Debtors Motion for Entry of Interim and Final Orders (I) Authorizing Debtor to (A) Obtain Postpetition Financing and (B) Use of Cash Collateral, (II) Granting Adequate Protection to Prepetition Secured Lender, (III) Scheduling Final Hearing, and (IV) Granting Related Relief (Docket No. 17), Declaration of Eric Moellering in Support of the Debtors Chapter 11 Petition, First Day Motions and Related Filings (Docket No. 18), Order Scheduling Omnibus Hearing Date (Docket No. 25), Interim Order (I) Authorizing the Redaction of Certain Personally Identifiable Information of Individuals From the List of Creditors and Certain Other Filings; (II) Authorizing the Debtor to Serve Certain Parties by Electronic Mail; and (III) Granting Related Relief (Docket No. 29), Interim Order (I) Prohibiting Utility Providers From Altering, Refusing, or Discontinuing Utility Services, (II) Determining Adequate Assurance of Payment for Future Utility Services, (III) Establishing Procedures for Determining Adequate Assurance of Payment, and (IV) Granting Related Relief (Docket No. 30), Interim Order (I) Authorizing, but Not Directing, the Debtor to (A) Pay Its Obligations Under Insurance Policies Entered Into Prepetition, and (B) Renew, Supplement, Modify, or Purchase Insurance Coverage and Pay Premiums Thereunder; and (II) Granting Related Relief (Docket No. 31), Interim Order (I) Authorizing, but Not Directing, the Debtor to (A) Pay Prepetition Employee and Independent Contractor Wages, Salaries, and Other Compensation and (B) Continue Employee Benefits Programs, and (II) Granting Related Relief (Docket No. 32), Interim Order Authorizing the Debtor to (A) Continue to Operate Its Cash Management System, (B) Honor Certain Prepetition Obligations Related Thereto, (C) Maintain Existing Business Forms, and Granting Related Relief (Docket No. 33), Order Appointing Stretto, Inc. As Claims and Noticing Agent Effective as of Petition Date (Docket No. 34), Interim Order (I) Authorizing the Debtor to (A) Obtain Postpetition Financing and (B) Use of Cash Collateral, (II) Granting Adequate Protection to the Prepetition Lender, (III) Scheduling a Final Hearing, and (IV) Granting Related Relief (Docket No. 36), Debtors Motion for Entry of an Order (I) Approving the Bidding Procedures in Connection With the Sale of Substantially All of the Debtors Assets, (II) Scheduling an Auction and a Sale Hearing, (III) Approving the Form and Manner of Notice Thereof, (IV) Authorizing the Debtor to Enter Into the Stalking Horse Agreement, (V) Approving Procedures for the Assumption and Assignment of Contracts and Leases, and (VI) Granting Related Relief (Docket No. 37), Declaration of Eric Moellering in Support of Debtors Motion for Entry of an Order (I) Approving the Bidding Procedures in Connection With the Sale of Substantially All of the Debtors Assets, (II) Scheduling an Auction and a Sale Hearing, (III) Approving the Form and Manner of Notice Thereof, (IV) Authorizing the Debtor to Enter Into the Stalking Horse Agreement, (V) Approving Procedures for the Assumption and Assignment of Contracts and Leases, and (VI) Granting Related Relief (Docket No. 38), Declaration of Brian Ayers in Support of the Debtors Motion for Entry of an Order (I) Approving the Bidding Procedures in Connection With the Sale of Substantially All of the Debtors Assets, (II) Scheduling an Auction and a Sale Hearing, (III) Approving the Form and Manner of Notice Thereof, (IV) Authorizing the Debtor to Enter Into the Stalking Horse Agreement, (V) Approving Procedures for the Assumption and Assignment of Contracts and Leases, and (VI) Granting Related Relief (Docket No. 39), Omnibus Notice of Second Day Hearing to Be Held on May 9, 2025 at 12:00 p.m. (ET) (Docket No. 40). Filed by Stretto. (related document(s)7, 8, 9, 10, 11, 12, 16, 17, 18, 25, 29, 30, 31, 32, 33, 34, 36, 37, 38, 39, 40) (Betance, Sheryl) (Entered: 04/23/2025)",Affidavit/Declaration of Service,False,,,https://www.courtlistener.com/docket/69887370/48/viridos-inc/,https://www.courtlistener.com/docket/69887370/viridos-inc/,
A_universe,claims agent retention,True,deb,"WEH Liquidating, LLC",25-11602,2025-08-28,71224339,450656228,2025-08-28,5,,claims_agent,retention_application,unknown,,"Application to Appoint Claims/Noticing Agent EPIQ CORPORATE RESTRUCTURING, LLC Filed By Walker Edison Holdco LLC (Attachments: # 1 Exhibit A: Proposed Order # 2 Exhibit B: Tran Declaration # 3 Exhibit C: Engagement Agreement)(Qian, Echo Yi) (Entered: 08/28/2025)",Application to Appoint Claims/Noticing Agent,False,,,https://www.courtlistener.com/docket/71224339/5/walker-edison-holdco-llc/,https://www.courtlistener.com/docket/71224339/weh-liquidating-llc/,
A_universe,claims agent retention,True,deb,"WEH Liquidating, LLC",25-11602,2025-08-28,71224339,450789518,2025-08-29,38,,claims_agent,order,unknown,,"Order (I) Authorizing and Approving the Appointment of Epiq Corporate Restructuring, LLC as Claims and Noticing Agent and (II) Granting Related Relief (related document(s)5) Order Signed on 8/29/2025. (AMH) (Entered: 08/29/2025)",Application to Appoint Claims/Noticing Agent,False,,,https://www.courtlistener.com/docket/71224339/38/walker-edison-holdco-llc/,https://www.courtlistener.com/docket/71224339/weh-liquidating-llc/,
A_universe,claims agent retention,True,deb,"WEH Liquidating, LLC",25-11602,2025-08-28,71224339,467255925,2025-12-31,432,,claims_agent,other,unknown,,"Receipt of filing fee for Transfer/Assignment of Claim - Ch 11 with Claims Agent Assigned( 25-11602-TMH) [claims,trclm11] ( 28.00). Receipt Number A12510812, amount $ 28.00. (U.S. Treasury) (Entered: 12/31/2025)",,False,,,https://www.courtlistener.com/docket/71224339/432/weh-liquidating-llc/,https://www.courtlistener.com/docket/71224339/weh-liquidating-llc/,
A_universe,claims agent retention,True,deb,"WW International, Inc.",25-10829,2025-05-06,70168961,438713449,2025-05-06,11,,claims_agent,retention_application,unknown,,"Application to Appoint Claims/Noticing Agent KROLL RESTRUCTURING ADMINISTRATION LLC Filed By WW International, Inc. (Borovinskaya, Shella) (Entered: 05/06/2025)",Application to Appoint Claims/Noticing Agent,False,,,https://www.courtlistener.com/docket/70168961/11/ww-international-inc/,https://www.courtlistener.com/docket/70168961/ww-international-inc/,
A_universe,claims agent retention,True,deb,"WW International, Inc.",25-10829,2025-05-06,70168961,438894422,2025-05-08,52,,claims_agent,ust_objection,debtor,Obligations and (B) Maintain Employee Benefits Programs and (II) Granting Relate,"Affidavit/Declaration of Mailing of Ryan Vyskocil Regarding Declaration of Felicia DellaFortuna in Support of Chapter 11 Petitions and First Day Pleadings, Debtors' Motion for an Order Authorizing Joint Administration of the Debtors' Chapter 11 Cases, Debtors' Motion Seeking Entry of Interim and Final Orders (I) Authorizing Consensual Use of Cash Collateral, (II) Granting Adequate Protection Liens and Superpriority Administrative Expense Claims to Prepetition Secured Parties, (III) Modifying Automatic Stay, (IV) Scheduling Final Hearing, and (V) Granting Related Relief, Debtors' Motion for Interim and Final Orders (I) Authorizing the Debtors to (A) Continue and Maintain Their Cash Management System, Including Bank Accounts and Business Forms, (B) Continue Intercompany Transactions, and (C) Honor Certain Prepetition Obligations Related Thereto, (II) Waiving Certain Operating Guidelines, (III) Extending the Time to Comply With Section 345(b) of the Bankruptcy Code, and (IV) Granting Related Relief, Debtors' Motion for Entry of Interim and Final Orders (I) Authorizing Debtors to (A) Pay Certain Prepetition Employment Obligations and (B) Maintain Employee Benefits Programs and (II) Granting Related Relief, Debtors' Motion for Entry of Interim and Final Orders (I) Authorizing the Debtors to Maintain and Administer Their Existing Member Programs and Honor Certain Prepetition Obligations Related Thereto, (II) Authorizing the Banks to Honor and Process Check and Electronic Transfer Requests Related Thereto, and (III) Granting Related Relief, Debtors' Motion for Entry of Interim and Final Orders (I) Authorizing the Debtors to Pay Prepetition Trade Claims in the Ordinary Course of Business and (II) Granting Related Relief, Debtors' Motion for Entry of an Order (I) Authorizing Debtors to Redact Certain Personally Identifiable Information, (II) Authorizing Electronic Noticing Procedures for Members, and (III) Granting Related Relief, Debtors' Motion for Entry of Interim and Final Orders (I) Establishing Notification Procedures and Approving Restrictions on Certain Transfers of Interests In, and Claims Against, the Debtors and (II) Granting Related Relief, Debtors' Application for Appointment of Kroll Restructuring Administration LLC as Claims and Noticing Agent, Debtors' Motion for Entry of Order (I) Restating and Enforcing Protections of 11 U.S.C. §§ 362, 365, 525, and 541(c), (II) Approving Notice Related to Non-Debtor Affiliates, and (III) Granting Related Relief, Debtors' Motion for Entry of Interim and Final Orders (I) Authorizing the Debtors to Continue and Pay All Prepetition Obligations Relating to Their (A) Prepetition Insurance Policies and (B) Surety Bond Program; (II) Authorizing the Debtors' Banks and Other Financial Institutions to Honor and Process Checks and Transfers Related Thereto; and (III) Granting Related Relief, Debtors' Motion for Interim and Final Orders (I) Authorizing the Debtors to Pay Certain Prepetition Taxes and Fees and Related Obligations, (II) Authorizing Banks to Honor and Process Check and Electronic Transfer Requests Related Thereto, and (III) Granting Related Relief, Debtors' Motion for Interim and Final Orders (I) Prohibiting Utility Companies from Altering, Refusing, Or Discontinuing Utility Services, (II) Deeming Utility Companies Adequately Assured of Future Payment, (III) Establishing Procedures for Resolving Objections by Utility Companies and Determining any Additional Adequate Assurance of Payment, and (IV) Granting Related Relief, Debtors' Motion for Entry of an Order (I) Scheduling Combined Hearing on Adequacy of the Disclosure Statement and Confirmation of the Plan; (II) Fixing Deadline to Object to Disclosure Statement and the Plan; (III) Approving Prepetition Solicitation Procedures and Form and Manner of Notice of Commencement, Combined Hearing and Objection Deadline; (IV) Approving Notice and Objection Procedures for the Assumption of Executory Contracts and Unexpired Leases; (V) Conditionally (A) Directing the United States Trustee Not to Convene Section 341(a) Meeting of Creditors and (B) Waiving Requirement of Filing Statements of Financial Affairs and Schedules of Assets and Liabilities and Rule 2015.3 Reports; and (VI) Granting Related Relief, Disclosure Statement Pursuant to Section 1125 of the Bankruptcy Code With Respect to Joint Plan of Reorganization of WW International, Inc. and Its Debtor Affiliates, Joint Prepackaged Plan of Reorganization of WW International, Inc. and Its Debtor Affiliates, and Notice of (I) Filing of Bankruptcy Petitions and Related Documents and (II) Agenda for Hearing on First Day Motions Scheduled for May 8, 2025 at 11:00 a.m. (ET) Before the Honorable Craig T. Goldblatt of the United States Bankruptcy Court for the District of Delaware. Filed by Kroll Restructuring Administration LLC. (related document(s)2, 3, 4, 5, 6, 7, 8, 9, 10, 11, 12, 13, 14, 15, 16, 17, 18, 34) (Steele, Benjamin) (Entered: 05/08/2025)",Affidavit/Declaration of Mailing,False,,,https://www.courtlistener.com/docket/70168961/52/ww-international-inc/,https://www.courtlistener.com/docket/70168961/ww-international-inc/,
A_universe,claims agent retention,True,deb,"WW International, Inc.",25-10829,2025-05-06,70168961,438929755,2025-05-08,64,,claims_agent,order,unknown,and Appointment of Kroll Restructuring Administration LLC,Order Authorizing Retention and Appointment of Kroll Restructuring Administration LLC as Claims and Noticing Agent (Related Doc # 11). Signed on 5/8/2025. (DCY) (Entered: 05/08/2025),Application to Appoint Claims/Noticing Agent,False,,,https://www.courtlistener.com/docket/70168961/64/ww-international-inc/,https://www.courtlistener.com/docket/70168961/ww-international-inc/,
A_universe,claims agent retention,True,deb,Wag! Group Co.,25-11358,2025-07-21,70864606,446319121,2025-07-21,4,,claims_agent,retention_application,unknown,,"Application to Appoint Claims/Noticing Agent EPIQ CORPORATE RESTRUCTURING, LLC Filed By Wag! Group Co. (Borovinskaya, Shella) (Entered: 07/21/2025)",Application to Appoint Claims/Noticing Agent,False,,,https://www.courtlistener.com/docket/70864606/4/wag-group-co/,https://www.courtlistener.com/docket/70864606/wag-group-co/,
A_universe,claims agent retention,True,deb,Wag! Group Co.,25-11358,2025-07-21,70864606,446530353,2025-07-22,28,,claims_agent,order,debtor,,"Order Approving Application Appointing EPIQ CORPORATE RESTRUCTURING, LLC as Claims and Noticing Agent for the Debtors Pursuant to 28 U.S.C. 156(c) (Related Doc # 4)(related document(s)4) Order Signed on 7/22/2025. (DRG) (Entered: 07/22/2025)",Application to Appoint Claims/Noticing Agent,False,,,https://www.courtlistener.com/docket/70864606/28/wag-group-co/,https://www.courtlistener.com/docket/70864606/wag-group-co/,
A_universe,claims agent retention,True,deb,"West Marine, LLC",26-10794,2026-05-17,73353950,479503349,2026-05-17,3,,claims_agent,retention_application,unknown,,"Application to Appoint Claims/Noticing Agent KURTZMAN CARSON CONSULTANTS, LLC Filed By West Marine, Inc. (Borovinskaya, Shella) (Entered: 05/17/2026)",Application to Appoint Claims/Noticing Agent,False,,,https://www.courtlistener.com/docket/73353950/3/west-marine-inc/,https://www.courtlistener.com/docket/73353950/west-marine-llc/,
A_universe,claims agent retention,True,deb,"West Marine, LLC",26-10794,2026-05-17,73353950,479703717,2026-05-19,60,,claims_agent,order,unknown,,"Order (I) Authorizing the Appointment of Kurtzman Carson Consultants, LLC dba Verita Global as Claims and Noticing Agent Effective as of the Petition Date and (II) Granting Related Relief (Related Doc # 3) Order Signed on 5/19/2026. (Mml) (Entered: 05/19/2026)",Application to Appoint Claims/Noticing Agent,False,,,https://www.courtlistener.com/docket/73353950/60/west-marine-inc/,https://www.courtlistener.com/docket/73353950/west-marine-llc/,
A_universe,claims agent retention,True,deb,"West Marine, LLC",26-10794,2026-05-17,73353950,491698361,2026-08-08,496,,claims_agent,other,unknown,,"Receipt of filing fee for Transfer/Assignment of Claim - Ch 11 with Claims Agent Assigned( 26-10794-KBO) [claims,trclm11] ( 28.00). Receipt Number A12775696, amount $ 28.00. (U.S. Treasury) (Entered: 08/08/2026)",,False,,,https://www.courtlistener.com/docket/73353950/496/west-marine-inc/,https://www.courtlistener.com/docket/73353950/west-marine-llc/,
B,artificial intelligence|machine learning,False,deb,Yellow Corporation,23-11069,2023-08-06,67670067,372042715,2023-08-30,376,3,counsel,retention_application,unknown,Goodmans LLP,"Application/Motion to Employ/Retain Goodmans LLP as Canadian Restructuring Counsel Effective as of August 6, 2023 Pursuant to Sedtion 327(e), 328(a), 330, and 363(b)(1) of the Bankruptcy Code Filed by Yellow Corporation. Hearing scheduled for 9/26/2023 at 12:00 PM at US Bankruptcy Court, 824 Market St., 3rd Fl., Courtroom #7, Wilmington, Delaware. Objections due by 9/13/2023. (Attachments: # 1 Notice # 2 Exhibit A - Proposed Order # 3 Exhibit B - Chadwick Declaration # 4 Exhibit C - Doheny Declaration) (Jones, Laura Davis) (Entered: 08/30/2023)",Exhibit B - Chadwick Declaration,True,68,recap/gov.uscourts.deb.190462/gov.uscourts.deb.190462.376.3.pdf,https://www.courtlistener.com/docket/67670067/376/3/yellow-corporation/,https://www.courtlistener.com/docket/67670067/yellow-corporation/,"may use collaborative technologies, artificial intelligence, machine learning document analysis"
A_universe,claims agent retention,False,deb,Yellow Corporation,23-11069,2023-08-06,67670067,441520025,2025-06-03,6443,,claims_agent,other,unknown,,"Receipt of filing fee for Transfer/Assignment of Claim - Ch 11 with Claims Agent Assigned( 23-11069-CTG) [claims,trclm11] ( 28.00). Receipt Number A12206249, amount $ 28.00. (U.S. Treasury) (Entered: 06/03/2025)",,False,,,https://www.courtlistener.com/docket/67670067/6443/yellow-corporation/,https://www.courtlistener.com/docket/67670067/yellow-corporation/,
A_universe,claims agent retention,False,deb,Yellow Corporation,23-11069,2023-08-06,67670067,441520026,2025-06-03,6444,,claims_agent,other,unknown,,"Receipt of filing fee for Transfer/Assignment of Claim - Ch 11 with Claims Agent Assigned( 23-11069-CTG) [claims,trclm11] ( 28.00). Receipt Number A12206249, amount $ 28.00. (U.S. Treasury) (Entered: 06/03/2025)",,False,,,https://www.courtlistener.com/docket/67670067/6444/yellow-corporation/,https://www.courtlistener.com/docket/67670067/yellow-corporation/,
A_universe,claims agent retention,False,deb,Yellow Corporation,23-11069,2023-08-06,67670067,448413239,2025-08-07,7421,,claims_agent,other,unknown,,"Receipt of filing fee for Transfer/Assignment of Claim - Ch 11 with Claims Agent Assigned( 23-11069-CTG) [claims,trclm11] ( 28.00). Receipt Number A12318847, amount $ 28.00. (U.S. Treasury) (Entered: 08/07/2025)",,False,,,https://www.courtlistener.com/docket/67670067/7421/yellow-corporation/,https://www.courtlistener.com/docket/67670067/yellow-corporation/,
A_universe,claims agent retention,True,deb,"Zen JV, LLC",25-11195,2025-06-24,70619299,450080044,2025-06-27,46,1,claims_agent,notice,unknown,,"Exhibit(s) (Notice of Filing of Revised Proposed Order (I) Authorizing and Approving the Appointment of Omni Agent Solutions, Inc. as Claims and Noticing Agent and (II) Granting Related Relief) (related document(s)4) Filed by Zen JV, LLC. (Attachments: # 1 Exhibit A # 2 Exhibit B) (Meehan, Colin) (Entered: 06/27/2025)",Exhibit A,False,22,,https://www.courtlistener.com/docket/70619299/46/1/zen-jv-llc/,https://www.courtlistener.com/docket/70619299/zen-jv-llc/,
A_universe,claims agent retention,True,deb,"Zen JV, LLC",25-11195,2025-06-24,70619299,450080045,2025-06-27,46,2,claims_agent,notice,unknown,,"Exhibit(s) (Notice of Filing of Revised Proposed Order (I) Authorizing and Approving the Appointment of Omni Agent Solutions, Inc. as Claims and Noticing Agent and (II) Granting Related Relief) (related document(s)4) Filed by Zen JV, LLC. (Attachments: # 1 Exhibit A # 2 Exhibit B) (Meehan, Colin) (Entered: 06/27/2025)",Exhibit B,False,7,,https://www.courtlistener.com/docket/70619299/46/2/zen-jv-llc/,https://www.courtlistener.com/docket/70619299/zen-jv-llc/,
A_universe,claims agent retention,True,deb,"Zen JV, LLC",25-11195,2025-06-24,70619299,450080048,2025-06-27,50,1,claims_agent,order,unknown,,"Order (I) Authorizing And Approving The Appointment Of Omni Agent Solutions, Inc. As Claims And Noticing Agent And (II) Granting Related Relief(Related Doc # 4)(related document(s)4) Order Signed on 6/27/2025. (Attachments: # 1 Exhibit 1) (AJL) (Entered: 06/27/2025)",Exhibit 1,False,18,,https://www.courtlistener.com/docket/70619299/50/1/zen-jv-llc/,https://www.courtlistener.com/docket/70619299/zen-jv-llc/,
B,artificial intelligence,True,deb,"Zen JV, LLC",25-11195,2025-06-24,70619299,445681249,2025-07-14,145,3,fa,retention_application,debtor,"AlixPartners, LLP","Application/Motion to Employ/Retain AlixPartners, LLP as Financial Advisor for the Debtors Effective as of the Petition Date Filed by Zen JV, LLC. Hearing scheduled for 8/21/2025 at 01:00 PM at US Bankruptcy Court, 824 Market St., 5th Fl., Courtroom #6, Wilmington, Delaware. Objections due by 7/28/2025. (Attachments: # 1 Notice # 2 Exhibit A # 3 Exhibit B # 4 Exhibit C) (Carlisle, Clint) (Entered: 07/14/2025)",Exhibit B,True,13,recap/gov.uscourts.deb.197516/gov.uscourts.deb.197516.145.3.pdf,https://www.courtlistener.com/docket/70619299/145/3/zen-jv-llc/,https://www.courtlistener.com/docket/70619299/zen-jv-llc/,creates specifically for the AlixPartners’ Artificial Intelligence (AI) technologies to Company in
A_universe,claims agent retention,True,deb,iM3NY LLC,25-10131,2025-01-27,69580321,428373520,2025-01-27,5,,claims_agent,retention_application,unknown,,"Application to Appoint Claims/Noticing Agent STRETTO Filed By iM3NY LLC (Olivere, Mark) (Entered: 01/27/2025)",Application to Appoint Claims/Noticing Agent,False,,,https://www.courtlistener.com/docket/69580321/5/im3ny-llc/,https://www.courtlistener.com/docket/69580321/im3ny-llc/,
A_universe,claims agent retention,True,deb,iM3NY LLC,25-10131,2025-01-27,69580321,428572772,2025-01-29,26,,claims_agent,order,debtor,,Order Approving Application Appointing STRETTO as Claims and Noticing Agent for the Debtors Pursuant to 28 U.S.C. 156(c) (Related Doc # 5) Order Signed on 1/29/2025. (Attachments: # 1 Exhibit 1 - Engagement Agreement) (JMW) (Entered: 01/29/2025),Application to Appoint Claims/Noticing Agent,False,,,https://www.courtlistener.com/docket/69580321/26/im3ny-llc/,https://www.courtlistener.com/docket/69580321/im3ny-llc/,
A_universe,claims agent retention,True,deb,iM3NY LLC,25-10131,2025-01-27,69580321,428790013,2025-01-30,36,,claims_agent,order,debtor,and Appointment of Stretto,"Affidavit/Declaration of Service re: Debtors Motion for Entry of an Order Directing Joint Administration of Cases (Docket No. 2), Debtors Motion for Entry of Interim and Final Orders (I) Authorizing Continued Use of Existing Cash Management System, Bank Accounts, and Business Forms and Payment of Related Prepetition Obligations; and (II) Modifying Certain Deposit Requirements and Honoring Related Prepetition Obligations (Docket No. 3), Debtors Motion for Interim and Final Orders Authorizing the Debtors to Pay Certain Prepetition Taxes and Related Obligations (Docket No. 4), Debtors Application for Appointment of Stretto, Inc. as Claims and Noticing Agent (Docket No. 5), Motion of Debtors for Entry of an Order (I) Authorizing Debtors to (A) File a Consolidated List of Creditors in Lieu of Submitting a Separate Mailing Matrix for Each Debtor; (B) File a Consolidated List of Top Twenty (20) Largest Unsecured Creditors; and (C) Redact Certain Personally Identifiable Information of Natural Persons; and (II) Granting Related Relief (Docket No. 6), Debtors Motion for Entry of Interim and Final Orders (I) Authorizing the Debtors to Pay Certain Prepetition Claims of Critical Vendors and (II) Granting Related Relief (Docket No. 7), Debtors Motion for Entry of Interim and Final Orders Authorizing Debtors to (I) Pay Prepetition Wages, Compensation, and Employee Benefits and (II) Maintain and Continue Employee Benefits and Employee-Related Programs (Docket No. 8), Debtors Motion for Entry of Interim and Final Orders Authorizing Debtors to (I) Maintain Existing Insurance Policies and Pay All Insurance Obligations Arising Thereunder, (II) Continue Insurance Premium Financing Program and Pay All Obligations Arising Thereunder, (III) Renew, Revise, Extend, Supplement, Change, or Enter Into New Insurance Policies, and (IV) Maintain Surety Bonds (Docket No. 9), Declaration of Lukasz P. Cianciara in Support of the Debtors Chapter 11 Petitions and First Day Pleadings (Docket No. 10), Debtors Motion Seeking Entry of Interim and Final Orders (I) Authorizing the Debtors to (A) Obtain Postpetition Financing and (B) Utilize Cash Collateral, (II) Granting Adequate Protection to Prepetition Secured Lender; (III) Modifying the Automatic Stay; (IV) Scheduling a Final Hearing; and (V) Granting Related Relief (Docket No. 11), Declaration of Rob Vanderbeek in Support of Debtors Motion Seeking Entry of Interim and Final Orders (I) Authorizing Debtors to (A) Obtain Postpetition Financing and (B) Utilize Cash Collateral, (II) Granting Adequate Protection to Prepetition Secured Lenders; (III) Modifying the Automatic Stay; (IV) Scheduling a Final Hearing; and (V) Granting Related Relief (Docket No. 12), Notice of Filing Revised Proposed Interim Order (I) Authorizing the Debtors to (A) Obtain Postpetition Financing and (B) Utilize Cash Collateral; (II) Granting Adequate Protection to Prepetition Secured Lender; (III) Modifying the Automatic Stay; (IV) Scheduling a Final Hearing; and (V) Granting Related Relief (Docket No. 22), Order Directing Joint Administration of Cases (Docket No. 23), Interim Order (I) Authorizing Continued Use of Existing Cash Management System, Bank Accounts, and Business Forms and Payment of Related Prepetition Obligations; and (II) Modifying Certain Deposit Requirements and Honoring Certain Related Prepetition Obligations (Docket No. 24), Interim Order Authorizing Debtors to Pay Certain Prepetition Taxes and Related Obligations (Docket No. 25), Order Authorizing Retention and Appointment of Stretto as Claims and Noticing Agent (Docket No. 26), Order (I) Authorizing Debtors to (A) File a Consolidated List of Creditors in Lieu of Submitting a Separate Mailing Matrix for Each Debtor; (B) File a Consolidated List of Top Twenty (20) Largest Unsecured Creditors; and (C) Redact Certain Personally Identifiable Information of Natural Persons; and (II) Granting Related Relief (Docket No. 27), Interim Order (I) Authorizing the Debtors to Pay Certain Prepetition Claims of Critical Vendors and (II) Granting Related Relief (Docket No. 28), Interim Order Authorizing Debtors to (I) Pay Prepetition Wages, Compensation, and Employee Benefits and (II) Maintain and Continue Employee Benefits and Employee-Related Programs (Docket No. 29), Interim Order Authorizing Debtors to (I) Maintain Existing Insurance Policies and Pay All Insurance Obligations Arising Thereunder, (II) Continue Insurance Premium Financing Program and Pay All Obligations Arising Thereunder, (III) Renew, Revise, Extend, Supplement, Change, or Enter Into New Insurance Policies, and (IV) Maintain Surety Bonds (Docket No. 30), Interim Order (I) Authorizing the Debtors to (A) Obtain Postpetition Financing and (B) Utilize Cash Collateral; (II) Granting Adequate Protection to Prepetition Secured Lender; (III) Modifying the Automatic Stay; (IV) Scheduling a Final Hearing; and (V) Granting Related Relief (Docket No. 31), Notice of Motions and Hearing (Docket No. 32), Order Scheduling Omnibus Hearing Date (Docket No. 34), Revised Notice of Motions and Hearing (Docket No. 35). Filed by Stretto. (related document(s)2, 3, 4, 5, 6, 7, 8, 9, 10, 11, 12, 22, 23, 24, 25, 26, 27, 28, 29, 30, 31, 32, 34, 35) (Betance, Sheryl) (Entered: 01/30/2025)",Affidavit/Declaration of Service,False,,,https://www.courtlistener.com/docket/69580321/36/im3ny-llc/,https://www.courtlistener.com/docket/69580321/im3ny-llc/,
A_universe,claims agent retention,True,deb,iRobot Corporation,25-12197,2025-12-14,72035284,461905615,2025-12-14,3,,claims_agent,retention_application,unknown,,"Application to Appoint Claims/Noticing Agent STRETTO Filed By iRobot Corporation (Borovinskaya, Shella) (Entered: 12/14/2025)",Application to Appoint Claims/Noticing Agent,False,,,https://www.courtlistener.com/docket/72035284/3/irobot-corporation/,https://www.courtlistener.com/docket/72035284/irobot-corporation/,
A_universe,claims agent retention,True,deb,iRobot Corporation,25-12197,2025-12-14,72035284,462145825,2025-12-16,43,,claims_agent,order,debtor,,Order Approving Application Appointing STRETTO as Claims and Noticing Agent for the Debtors Pursuant to 28 U.S.C. 156(c) (Related Doc # 3) Order Signed on 12/16/2025. (Attachments: # 1 Exhibit 1) (JMW) (Entered: 12/16/2025),Application to Appoint Claims/Noticing Agent,False,,,https://www.courtlistener.com/docket/72035284/43/irobot-corporation/,https://www.courtlistener.com/docket/72035284/irobot-corporation/,
A_universe,claims agent retention,True,deb,iRobot Corporation,25-12197,2025-12-14,72035284,462838247,2025-12-22,69,,claims_agent,ust_objection,debtor,"Stretto, Inc","Affidavit/Declaration of Service re: Debtors Application for Entry of an Order Authorizing the Debtors to Retain Stretto, Inc. as Claims and Noticing Agent, Effective as of the Petition Date (Docket No. 3), Debtors Motion for Entry of an Order (I) Restating and Enforcing the Worldwide Automatic Stay, Anti-Discrimination Provisions, and Ipso Facto Protections of the Bankruptcy Code; (II) Approving Notice Related to Non-Debtor Affiliates; and (III) Granting Related Relief (Docket No. 4), Debtors Motion for Entry of Interim and Final Orders (I) Prohibiting Utility Companies from Discontinuing, Altering, or Refusing Service; (II) Deeming Utility Companies to Have Adequate Assurance of Future Payment; (III) Establishing Procedures for Resolving Requests for Additional Assurance; and (IV) Granting Related Relief (Docket No. 5), Debtors Motion for Entry of an Order (I)authorizing the Debtors to File a Consolidated (A) Creditor Matrix and (B) List of the 30 Largest Unsecured Creditors; (II) Authorizing Redaction of Certain Personal Identification Information; (III) Modifying the Requirement to File a List of Equity Security Holders of iRobot Corporation and Waiving the Requirement to Provide Direct Notice Thereto; and (IV) Granting Related Relief (Docket No. 6), Debtors Motion for Entry of Interim and Final Orders (I) Authorizing the Payment of Certain Taxes and Fees and (II) Granting Related Relief (Docket No. 7), Debtors Motion for Entry of Interim and Final Orders (I) Authorizing the Debtors to Maintain and Administer Their Existing Customer Programs and Honor Certain Prepetition Obligations Related Thereto; (II) Authorizing the Banks to Honor and Process Check and Electronic Transfer Requests Related Thereto; and (III) Granting Related Relief (Docket No. 8), Debtors Motion for Entry of Interim and Final Orders (I) Authorizing the Debtors to Continue and Pay All Prepetition Obligations Relating to Their (A) Prepetition Insurance Policies, Including the Premium Finance Agreement, and (B) Surety Bond Program, Including the Letter of Credit; and (II) Granting Related Relief (Docket No. 9), Debtors Motion for Entry of Interim and Final Orders (I) Authorizing the Debtors to Pay Prepetition Trade Claims in the Ordinary Course of Business and (II) Granting Related Relief (Docket No. 10), Debtors Motion for Entry of Interim and Final Orders (I) Establishing Notification and Hearing Procedures for Certain Transfers of and Declarations of Worthlessness with Respect to Common Stock of iRobot Corporation; and (II) Granting Related Relief (Docket No. 11), Debtors Motion for Entry of Interim and Final Orders (I) Authorizing the Debtors to (A) Pay Prepetition Wages, Salaries, Other Compensation, and Reimbursable Expenses and (B) Continue Employee Benefits Programs; and (II) Granting Related Relief (Docket No. 12), Debtors Motion for Entry of Interim and Final Orders (I) Authorizing (A) Continued Use of Cash Management System, (B) Maintenance of Bank Accounts and Business Forms, (C) Honoring Certain Prepetition Obligations, and (D) Performance of Intercompany Transactions; (II) Granting Administrative Expense Priority Status to Postpetition Intercompany Claims Against the Debtors; (III) Suspending the Time to Comply With 11 U.S.C. § 345(b) and Waiving Certain Operating Guidelines, as Applicable; and (IV) Granting Related Relief (Docket No. 13), Debtors Motion for Entry of an Order (I) Scheduling Combined Hearing on (A) Adequacy of Disclosure Statement and (B) Confirmation of Prepackaged Plan; (II) Conditionally Approving Disclosure Statement; (III) Approving Solicitation Procedures and Form and Manner of Notice of Commencement, Combined Hearing, and Objection Deadline; (IV) Fixing Deadline to Object to Disclosure Statement and Prepackaged Plan; (V) Approving Notice and Objection Procedures for the Assumption of Executory Contracts and Unexpired Leases; (VI) Conditionally (A) Directing the United States Trustee Not to Convene Section 341 Meeting of Creditors and (B) Waiving Requirement of Filing Statements of Financial Affairs, Schedules of Assets and Liabilities, and 2015.3 Reports; and (VII) Granting Related Relief (Docket No. 14), Debtors Motion for Entry of Interim and Final Orders (I) Authorizing the Debtors to Use Cash Collateral, (II) Granting Adequate Protection, (III) Modifying the Automatic Stay, and (IV) Granting Related Relief (Docket No. 15), Declaration of Selwyn Perry of Stretto, Inc. Regarding the Solicitation and Tabulation of Votes on the Joint Prepackaged Chapter 11 Plan of Reorganization of iRobot Corporation and Its Debtor Affiliates (Docket No. 18), Declaration of Karian Wong in Support of Chapter 11 Petitions and First Day Motions (Docket No. 19), Order, Pursuant to Bankruptcy Rule 1015(b) and Local Rule 1015-1, Authorizing the Joint Administration of the Debtors Chapter 11 Cases (Docket No. 42), Order Authorizing the Debtors to Retain Stretto, Inc. as Claims and Noticing Agent, Effective as of the Petition Date (Docket No. 43), Order (I) Restating and Enforcing the Worldwide Automatic Stay, Anti- Discrimination Provisions, and Ipso Facto Protections of the Bankruptcy Code; (II) Approving Notice Related to Non-debtor Affiliates; and (III) Granting Related Relief (Docket No. 44), Interim Order (I) Prohibiting Utility Companies from Discontinuing, Altering, or Refusing Service; (II) Deeming Utility Companies to Have Adequate Assurance of Future Payment; (III) Establishing Procedures for Resolving Requests for Additional Assurance; and (IV) Granting Related Relief (Docket No. 45), Order (I) Authorizing the Debtors to File a Consolidated (A) Creditor Matrix and (B) List of the 30 Largest Unsecured Creditors; (II) Authorizing Redaction of Certain Personal Identification Information; (III) Modifying the Requirement to File a List of Equity Security Holders of iRobot Corporation and Waiving the Requirement to Provide Direct Notice Thereto; and (IV) Granting Related Relief (Docket No. 46), Interim Order (I) Authorizing the Debtors to Pay Certain Taxes and Fees and (II) Granting Related Relief (Docket No. 47), Interim Order (I) Authorizing the Debtors to Maintain and Administer Their Existing Customer Programs and Honor Certain Prepetition Obligations Related Thereto; (II) Authorizing the Banks to Honor and Process Check and Electronic Transfer Requests Related Thereto; and (III) Granting Related Relief (Docket No. 48), Interim Order (I) Authorizing the Debtors to Continue and Pay All Prepetition Obligations Relating to Their (A) Prepetition Insurance Policies, Including the Premium Finance Agreement, and (B) Surety Bond Program, Including the Letter of Credit; and (II) Granting Related Relief (Docket No. 49), Interim Order (I) Authorizing the Debtors to Pay Prepetition Trade Claims in the Ordinary Course of Business and (II) Granting Related Relief (Docket No. 50), Interim Order (I) Establishing Notification and Hearing Procedures for Certain Transfers of and Declarations of Worthlessness with Respect to Common Stock of iRobot Corporation; and (II) Granting Related Relief (Docket No. 51), Interim Order (I) Authorizing the Debtors to (a) Pay Prepetition Wages, Salaries, Other Compensation, and Reimbursable Expenses and (B) Continue Employee Benefits Programs; and (II) Granting Related Relief (Docket No. 52), Interim Order (I) Authorizing (A) Continued Use of Cash Management System, (B) Maintenance of Bank Accounts and Business Forms, (C) Honoring Certain Prepetition Obligations, (D) and Performance of Intercompany Transactions; (II) Granting Administrative Expense Priority Status to Postpetition Intercompany Claims Against the Debtors; (III) Suspending the Time to Comply With 11 U.S.C. § 345(b) and Waiving Certain Operating Guidelines, as Applicable; and (IV) Granting Related Relief (Docket No. 53), Order (I) Scheduling Combined Hearing on (A) Adequacy of Disclosure Statement and (B) Confirmation of Prepackaged Plan; (II) Conditionally Approving Disclosure Statement; (III) Approving Solicitation Procedures and Form and Manner of Notice of Commencement, Combined Hearing, and Objection Deadline; (IV) Fixing Deadline to Object to Disclosure Statement and Prepackaged Plan; (V) Approving Notice and Objection Procedures for the Assumption of Executory Contracts and Unexpired Leases; (VI) Conditionally (A) Directing the United States Trustee Not to Convene Section 341 Meeting of Creditors and (B) Waiving Requirement of Filing Statements of Financial Affairs, Schedules of Assets and Liabilities, and 2015.3 Reports; and (VII) Granting Related Relief (Docket No. 54), Interim Order (I) Authorizing the Debtors to Use Cash Collateral, (II) Granting Adequate Protection, (III) Modifying the Automatic Stay, and (IV) Granting Related Relief (Docket No. 56), Notice of (I) Disclosure Procedures Applicable to Certain Holders of Common Stock or Options, (II) Disclosure Procedures for Certain Transfers of and Declarations of Worthlessness with Respect to Common Stock, and (III) Final Hearing on the Application Thereof (Docket No. 58), Omnibus Notice of First Day Motions and Final Hearing Thereon (Docket No. 59). Filed by Stretto. (related document(s)3, 4, 5, 6, 7, 8, 9, 10, 11, 12, 13, 14, 15, 18, 19, 42, 43, 44, 45, 46, 47, 48, 49, 50, 51, 52, 53, 54, 56, 58, 59) (Betance, Sheryl) (Entered: 12/22/2025)",Affidavit/Declaration of Service,False,,,https://www.courtlistener.com/docket/72035284/69/irobot-corporation/,https://www.courtlistener.com/docket/72035284/irobot-corporation/,
A_universe,claims agent retention,True,ganb,"AFH Air Pros, LLC and Mauzy Air Pros, LLC",25-10356,2025-03-16,69742993,440032774,2025-05-19,389,,claims_agent,order,debtor,,"Order (A) Approving the Sale of the Debtors' Assets Free and Clear of All Liens, Claims, Encumbrances, and Interests, (B) Authorizing the Assumption and Assignment of Certain Executory Contracts and Unexpired Leases, and (C) Granting Related Relief as to Dallas Plumbing & Air Conditioning Business Unit. Service by Counsel for Debtor through Claims Agent. (related documents 34, 55, and 193) Entered on 5/19/2025. (kmw)",01-Order,False,,,https://www.courtlistener.com/docket/69742993/389/afh-air-pros-llc-and-mauzy-air-pros-llc/,https://www.courtlistener.com/docket/69742993/afh-air-pros-llc-and-mauzy-air-pros-llc/,
A_universe,claims agent retention,True,ganb,"AFH Air Pros, LLC and Mauzy Air Pros, LLC",25-10356,2025-03-16,69742993,440032667,2025-05-19,391,,claims_agent,order,debtor,,"Order (A) Approving the Sale of the Debtors' Assets Free and Clear of All Liens, Claims, Encumbrances, and Interests, (B) Authorizing the Assumption and Assignment of Certain Executory Contracts and Unexpired Leases, and (C) Granting Related Relief as to East Coast Mechanical, LLC. Service by Counsel for Debtor through Claims Agent. (related documents 34, 55, and 193) Entered on 5/19/2025. (kmw)",01-Order,False,,,https://www.courtlistener.com/docket/69742993/391/afh-air-pros-llc-and-mauzy-air-pros-llc/,https://www.courtlistener.com/docket/69742993/afh-air-pros-llc-and-mauzy-air-pros-llc/,
A_universe,claims agent retention,True,ganb,"AFH Air Pros, LLC and Mauzy Air Pros, LLC",25-10356,2025-03-16,69742993,440032630,2025-05-19,392,,claims_agent,order,debtor,,"Order (A) Approving the Sale of the Debtors' Assets Free and Clear of All Liens, Claims, Encumbrances, and Interests, (B) Authorizing the Assumption and Assignment of Certain Executory Contracts and Unexpired Leases, and (C) Granting Related Relief as to Air Pros Legacy Business Units. Service by Counsel for Debtor through Claims Agent. (related documents 34, 55, and 193) Entered on 5/19/2025. (kmw)",01-Order,False,,,https://www.courtlistener.com/docket/69742993/392/afh-air-pros-llc-and-mauzy-air-pros-llc/,https://www.courtlistener.com/docket/69742993/afh-air-pros-llc-and-mauzy-air-pros-llc/,
A_universe,claims agent retention,True,ganb,Georgia ProtonCare Center Inc.,26-50882,2026-01-22,72173631,465956772,2026-01-22,6,,claims_agent,retention_application,unknown,"Epiq Corporate Restructuring, LLC","Emergency Application to Employ Epiq Corporate Restructuring, LLC as Claims and Noticing Agent filed by David E. Gordon on behalf of Georgia ProtonCare Center Inc.. (Gordon, David)",07-Application to Employ,False,,,https://www.courtlistener.com/docket/72173631/6/georgia-protoncare-center-inc/,https://www.courtlistener.com/docket/72173631/georgia-protoncare-center-inc/,
A_universe,claims agent retention,True,ganb,Georgia ProtonCare Center Inc.,26-50882,2026-01-22,72173631,467579385,2026-02-04,56,,claims_agent,order,unknown,,"Order Appointing Epiq Corporate Restructuring, LLC as Claims and Noticing Agent Effective as of Petition Date. (Related Doc # 6). Service by BNC.. Entered on 2/4/2026. (cws)",Application to Employ,False,,,https://www.courtlistener.com/docket/72173631/56/georgia-protoncare-center-inc/,https://www.courtlistener.com/docket/72173631/georgia-protoncare-center-inc/,
A_universe,claims agent retention,True,ganb,"OTB Acquisition LLC and Kimco Lake Prairie TC, L.P.",25-52416,2025-03-04,69705031,443534048,2025-06-23,20,,claims_agent,notice,unknown,,"Notice of Satisfaction of Claim Number 16 (which is also assigned Claim No. 16 with the Claims Agent) and Claims Agent Claim No. 624 filed 06/05/2025 filed by Julie Anne Parsons on behalf of Midland Central Appraisal District. (Parsons, Julie)",Notice of Satisfaction of Claim,False,,,https://www.courtlistener.com/docket/69705031/20/otb-acquisition-llc-and-kimco-lake-prairie-tc-lp/,https://www.courtlistener.com/docket/69705031/otb-acquisition-llc-and-kimco-lake-prairie-tc-lp/,
A_universe,claims agent retention,True,ganb,"OTB Acquisition LLC and Kimco Lake Prairie TC, L.P.",25-52416,2025-03-04,69705031,469288112,2026-02-19,30,,claims_agent,order,unknown,,"Order Granting Motion of the Liquidating Trustee for Entry of a Final Decree and Order Closing Certain Chapter 11 Cases, Transferring Claims Asserted Therein to the Main Case, And Modifying the Caption of the Main Case. To be served by Noticing Agent. Entered on 2/19/2026. (mrw)",01-Order,False,,,https://www.courtlistener.com/docket/69705031/30/otb-acquisition-llc-and-kimco-lake-prairie-tc-lp/,https://www.courtlistener.com/docket/69705031/otb-acquisition-llc-and-kimco-lake-prairie-tc-lp/,
A_universe,claims agent retention,True,ganb,"Wellmade Floor Coverings International, Inc.",25-58764,2025-08-04,71019106,450129981,2025-08-25,95,,claims_agent,order,unknown,,"Second Interim Order Granting Emergency Motion For (A) (1) Authority To Incur Post-Petition Secured Indebtedness, (2) Authority To Grant Superpriority Status Pursuant To 11 U.S.C. § 364(c), (3) Authority To Grant Priming Liens Pursuant To 11 U.S.C. § 364(d), (B) Authorizing Postpetition Use Of Cash Collateral And Granting Adequate Protection, (C) Modifying The Automatic Stay, (D) Scheduling A Final Hearing, And (E) Granting Related Relief. Final Hearing to be held on 8/29/2025 at 12:00 PM in Courtroom 1201, Atlanta. [Review order for virtual hearing information.] To be served by Noticing Agent and BNC. Entered on 8/25/2025. (related document(s) 15) (mrw)Modified on 9/2/2025 (ngs).",01-Order,False,,,https://www.courtlistener.com/docket/71019106/95/wellmade-floor-coverings-international-inc/,https://www.courtlistener.com/docket/71019106/wellmade-floor-coverings-international-inc/,
A_universe,claims agent retention,True,ganb,"Wellmade Floor Coverings International, Inc.",25-58764,2025-08-04,71019106,450129950,2025-08-25,96,,claims_agent,order,unknown,,"Second Interim Order Granting Emergency Motion For (A) (1) Authority To Incur Post-Petition Secured Indebtedness, (2) Authority To Grant Superpriority Status Pursuant To 11 U.S.C. § 364(c), (3) Authority To Grant Priming Liens Pursuant To 11 U.S.C. § 364(d), (B) Authorizing Postpetition Use Of Cash Collateral And Granting Adequate Protection, (C) Modifying The Automatic Stay, (D) Scheduling A Final Hearing, And (E) Granting Related Relief. Final Hearing to be held on 8/29/2025 at 12:00 PM in Courtroom 1201, Atlanta. (related document(s) 15) [Review order for virtual hearing information.] To be served by Noticing Agent and BNC. Entered on 8/25/2025. (mrw)Modified on 9/2/2025 (ngs).",01-Order,False,,,https://www.courtlistener.com/docket/71019106/96/wellmade-floor-coverings-international-inc/,https://www.courtlistener.com/docket/71019106/wellmade-floor-coverings-international-inc/,
A_universe,claims agent retention,True,ganb,"Wellmade Floor Coverings International, Inc.",25-58764,2025-08-04,71019106,450178750,2025-08-25,99,,claims_agent,order,debtor,,"Order (A) Establishing Bidding Procedures Relating To The Sale Of The Debtors Assets, (B) Approving The Debtors Entry Into The Stalking Horse Purchase Agreement And related Bid Protections, (C) Establishing Procedures Relating To The Assumption And Assignment Of Certain Executory Contracts And Unexpired Leases, (D) Approving Form And Manner Of Notices Relating Thereto, (E) Scheduling A Hearing To Consider The Proposed Sale, And (F) Granting Related Relief. To be served by Noticing Agent. Entered on 8/25/2025. (related document(s) 38) (mrw)Modified on 9/2/2025 (ngs).",01-Order,False,,,https://www.courtlistener.com/docket/71019106/99/wellmade-floor-coverings-international-inc/,https://www.courtlistener.com/docket/71019106/wellmade-floor-coverings-international-inc/,
A_universe,claims agent retention,True,njb,"Baker & Taylor, LLC",26-12863,2026-03-16,72496796,473621070,2026-03-24,,,claims_agent,retention_application,debtor,,"Minute of Hearing Held, OUTCOME: Motion Granted (related document:7 Motion re: Retention of Noticing and Claims Agent Filed by Paul J. Winterhalter on behalf of Baker & Taylor, LLC. Hearing scheduled for 3/24/2026 at 02:00 PM, CMG - Courtroom 3, Trenton.. (Attachments: # 1 Certification In support of Engaging Noticing and Claims Agent # 2 Exhibit 1- to Deutch Declaration ISO retention of Noticing and Claims Agent # 3 Exhibit 2 to Deutch Certification ISO Retention- Rate Sheet # 4 Proposed Order Authroizing the Retention of a Noticing and Claims Agent) Filed by Debtor Baker & Taylor, LLC) (mjb)",,False,,,https://www.courtlistener.com,https://www.courtlistener.com/docket/72496796/baker-taylor-llc/,
A_universe,claims agent retention,True,njb,"Baker & Taylor, LLC",26-12863,2026-03-16,72496796,472780932,2026-03-16,7,1,claims_agent,retention_application,unknown,,"Motion re: Retention of Noticing and Claims Agent Filed by Paul J. Winterhalter on behalf of Baker & Taylor, LLC. Hearing scheduled for 3/24/2026 at 02:00 PM, CMG - Courtroom 3, Trenton.. (Attachments: # 1 Certification In support of Engaging Noticing and Claims Agent # 2 Exhibit 1- to Deutch Declaration ISO retention of Noticing and Claims Agent # 3 Exhibit 2 to Deutch Certification ISO Retention- Rate Sheet # 4 Proposed Order Authroizing the Retention of a Noticing and Claims Agent) (Winterhalter, Paul) (Entered: 03/16/2026)",Certification In support of Engaging Noticing and Claims Agent,False,5,,https://www.courtlistener.com/docket/72496796/7/1/baker-taylor-llc/,https://www.courtlistener.com/docket/72496796/baker-taylor-llc/,
A_universe,claims agent retention,True,njb,"Baker & Taylor, LLC",26-12863,2026-03-16,72496796,472780934,2026-03-16,7,3,claims_agent,retention_application,unknown,,"Motion re: Retention of Noticing and Claims Agent Filed by Paul J. Winterhalter on behalf of Baker & Taylor, LLC. Hearing scheduled for 3/24/2026 at 02:00 PM, CMG - Courtroom 3, Trenton.. (Attachments: # 1 Certification In support of Engaging Noticing and Claims Agent # 2 Exhibit 1- to Deutch Declaration ISO retention of Noticing and Claims Agent # 3 Exhibit 2 to Deutch Certification ISO Retention- Rate Sheet # 4 Proposed Order Authroizing the Retention of a Noticing and Claims Agent) (Winterhalter, Paul) (Entered: 03/16/2026)",Exhibit 2 to Deutch Certification ISO Retention- Rate Sheet,False,3,,https://www.courtlistener.com/docket/72496796/7/3/baker-taylor-llc/,https://www.courtlistener.com/docket/72496796/baker-taylor-llc/,
A_universe,claims agent retention,True,njb,CBRM Realty Inc.,25-15343,2025-05-19,70315194,440688078,2025-05-26,37,,claims_agent,order,debtor,,"Motion for an Order Authorizing Debtor to Retain a Claims and Noticing Agent Filed by Andrew Zatz on behalf of CBRM Realty Inc.. Hearing scheduled for 5/27/2025 at 11:30 AM, MBK - Courtroom 8, Trenton.. (Zatz, Andrew) (Entered: 05/26/2025)",Retain Claims and Noticing Agent,False,,,https://www.courtlistener.com/docket/70315194/37/cbrm-realty-inc/,https://www.courtlistener.com/docket/70315194/cbrm-realty-inc/,
A_universe,claims agent retention,True,njb,CBRM Realty Inc.,25-15343,2025-05-19,70315194,440688264,2025-05-27,38,,claims_agent,retention_application,debtor,,"Application for Expedited Consideration of First Day Matters (related document:20 Motion to Extend Time filed by Debtor CBRM Realty Inc., 30 Motion (Generic) filed by Debtor CBRM Realty Inc., 34 Motion (Generic) filed by Debtor CBRM Realty Inc., 37 Motion to Retain Claims and Noticing Agent filed by Debtor CBRM Realty Inc.) Filed by Andrew Zatz on behalf of CBRM Realty Inc.. (Attachments: # 1 Proposed Order) (Zatz, Andrew) (Entered: 05/27/2025)",Expedited Consideration of First Day Matters (For Ch. 11 Cases Only),False,,,https://www.courtlistener.com/docket/70315194/38/cbrm-realty-inc/,https://www.courtlistener.com/docket/70315194/cbrm-realty-inc/,
A_universe,claims agent retention,True,njb,CBRM Realty Inc.,25-15343,2025-05-19,70315194,440692840,2025-05-27,41,,claims_agent,order,debtor,,"ORDER REGARDING DEBTORS APPLICATION FOR EXPEDITED CONSIDERATION OF FIRST DAY MATTERS (related document:20 Motion to Extend Time to File Missing Schedules (related document:1 Voluntary Petition (Chapter 11) filed by Debtor CBRM Realty Inc.) filed by Debtor CBRM Realty Inc., 30 Motion re: Debtors' Motion for Entry of Interim and Final Orders (I) Authorizing the Debtors to (A) Continue Operating Their Cash Management System, (B) Honor Certain Obligations Related Thereto, (C) Maintain Existing Business Forms, and (D) Contin filed by Debtor CBRM Realty Inc., 34 Motion re: Debtors' Motion for Entry of Order Authorizing the Debtors to Continue Their Prepetition Business Operations, Policies, and Practices and Pay Related Claims in the Ordinary Course of Business on a Postpetition Basis filed by Debtor CBRM Realty Inc., 37 Motion for an Order Authorizing Debtor to Retain a Claims and Noticing Agent filed by Debtor CBRM Realty Inc., 38 Application for Expedited Consideration of First Day Matters. See BNC Certificate of Notice. Signed on 5/27/2025. Hearing scheduled for 5/27/2025 at 11:30 AM, MBK - Courtroom 8, Trenton. (wiq) (Entered: 05/27/2025)",Shorten Time,False,,,https://www.courtlistener.com/docket/70315194/41/cbrm-realty-inc/,https://www.courtlistener.com/docket/70315194/cbrm-realty-inc/,
A_universe,claims agent retention,True,njb,DAMIS Holdings LLC,26-16439,2026-06-04,73444275,484267333,2026-06-26,,,claims_agent,retention_application,debtor,,"Minute of Hearing Held, OUTCOME: GRANTED, ORDER TO BE SUBMITTED (related document:148 Application re: DAMIS Debtors' Application for Entry of an Order (I) Authorizing Appointment of Kroll Restructuring Administration LLC as Claims and Noticing Agent Effective as of the Petition Date and (II) Granting Related Relief Filed by Michael P. Pompeo on behalf of DAMIS Holdings LLC. (Attachments: # 1 Exhibit A # 2 Exhibit B) Filed by Debtor DAMIS Holdings LLC) (hwn)",,False,,,https://www.courtlistener.com,https://www.courtlistener.com/docket/73444275/damis-holdings-llc/,
A_universe,claims agent retention,True,njb,DAMIS Holdings LLC,26-16439,2026-06-04,73444275,483904214,2026-06-24,148,,claims_agent,retention_application,debtor,,"Application re: DAMIS Debtors' Application for Entry of an Order (I) Authorizing Appointment of Kroll Restructuring Administration LLC as Claims and Noticing Agent Effective as of the Petition Date and (II) Granting Related Relief Filed by Michael P. Pompeo on behalf of DAMIS Holdings LLC. (Attachments: # 1 Exhibit A # 2 Exhibit B) (Pompeo, Michael) (Entered: 06/24/2026)",Application (Generic) - Only use if no other event is applicable,False,,,https://www.courtlistener.com/docket/73444275/148/damis-holdings-llc/,https://www.courtlistener.com/docket/73444275/damis-holdings-llc/,
A_universe,claims agent retention,True,njb,DAMIS Holdings LLC,26-16439,2026-06-04,73444275,484279317,2026-06-26,218,,claims_agent,order,unknown,,"Order (I) Authorizing the Appointment of Kroll Restructuring Administration LLC as Claims and Noticing Agent Effective as of the Petition Date, and (II) Granting Related Relief (Related Doc # 148). Service of notice of the entry of this order pursuant to Rule 9022 was made on the appropriate parties. See BNC Certificate of Notice. Signed on 6/26/2026. (rms) (Entered: 06/26/2026)",Application (Generic),False,,,https://www.courtlistener.com/docket/73444275/218/damis-holdings-llc/,https://www.courtlistener.com/docket/73444275/damis-holdings-llc/,
A_universe,claims agent retention,True,njb,Del Monte Foods Corporation II Inc.,25-16984,2025-07-01,70687309,444858461,2025-07-02,,,claims_agent,order,debtor,,"Minute of 7/2/2025; Hearing Held, OUTCOME: GRANTED; ORDER TO BE SUBMITTED (related document:7 Motion for an Order Authorizing Debtor to Retain a Claims and Noticing Agent Filed by Michael D. Sirota on behalf of Del Monte Foods Corporation II Inc... Filed by Debtor Del Monte Foods Corporation II Inc.) (wiq)",,False,,,https://www.courtlistener.com,https://www.courtlistener.com/docket/70687309/del-monte-foods-corporation-ii-inc/,
A_universe,claims agent retention,True,njb,Del Monte Foods Corporation II Inc.,25-16984,2025-07-01,70687309,444830248,2025-07-03,,,claims_agent,order,debtor,,"Minute of 7/2/2025; Hearing Held, OUTCOME: GRANTED; ORDER TO BE SUBMITTED (related document:7 Motion for an Order Authorizing Debtor to Retain a Claims and Noticing Agent Filed by Michael D. Sirota on behalf of Del Monte Foods Corporation II Inc... Filed by Debtor Del Monte Foods Corporation II Inc.) (wiq)",,False,,,https://www.courtlistener.com,https://www.courtlistener.com/docket/70687309/del-monte-foods-corporation-ii-inc/,
A_universe,claims agent retention,True,njb,Del Monte Foods Corporation II Inc.,25-16984,2025-07-01,70687309,444670079,2025-07-03,70,,claims_agent,order,unknown,"AND APPOINTMENT OF STRETTO, INC","ORDER (I) AUTHORIZING RETENTION AND APPOINTMENT OF STRETTO, INC. AS CLAIMS AND NOTICING AGENT AND (II) GRANTING RELATED RELIEF (Related Doc # 7). Service of notice of the entry of this order pursuant to Rule 9022 was made on the appropriate parties. See BNC Certificate of Notice. Signed on 7/3/2025. (wiq) (Entered: 07/03/2025)",Order on Motion to Retain Claims and Noticing Agent,False,,,https://www.courtlistener.com/docket/70687309/70/del-monte-foods-corporation-ii-inc/,https://www.courtlistener.com/docket/70687309/del-monte-foods-corporation-ii-inc/,
A_universe,claims agent retention,True,njb,Eddie Bauer LLC,26-11422,2026-02-09,72247921,468489038,2026-02-10,,,claims_agent,order,debtor,,"Minute of Hearing Held, OUTCOME: Order to be Signed and Entered (related document:5 Motion for an Order Authorizing Debtor to Retain a Claims and Noticing Agent Filed by Michael D. Sirota on behalf of Debtor Eddie Bauer LLC) (rah)",,False,,,https://www.courtlistener.com,https://www.courtlistener.com/docket/72247921/eddie-bauer-llc/,
A_universe,claims agent retention,True,njb,Eddie Bauer LLC,26-11422,2026-02-09,72247921,468028889,2026-02-09,5,,claims_agent,order,debtor,,"Motion for an Order Authorizing Debtor to Retain a Claims and Noticing Agent Filed by Michael D. Sirota on behalf of Eddie Bauer LLC.. (Sirota, Michael) (Entered: 02/09/2026)",Retain Claims and Noticing Agent,False,,,https://www.courtlistener.com/docket/72247921/5/eddie-bauer-llc/,https://www.courtlistener.com/docket/72247921/eddie-bauer-llc/,
A_universe,claims agent retention,True,njb,Eddie Bauer LLC,26-11422,2026-02-09,72247921,468033131,2026-02-09,23,,claims_agent,retention_application,debtor,,"Application for Expedited Consideration of First Day Matters (related document:3 Motion for Joint Administration - Multi-Case, 4 Application for Designation as a Chapter 11 Complex Case filed by Debtor Eddie Bauer LLC, 5 Motion to Retain Claims and Noticing Agent filed by Debtor Eddie Bauer LLC, 6 Motion (Generic) filed by Debtor Eddie Bauer LLC, Credit Card/Debit Card Payment, 7 Motion (Generic) filed by Debtor Eddie Bauer LLC, 9 Motion (Generic) filed by Debtor Eddie Bauer LLC, 10 Motion (Generic) filed by Debtor Eddie Bauer LLC, 12 Motion (Generic) filed by Debtor Eddie Bauer LLC, 13 Motion (Generic) filed by Debtor Eddie Bauer LLC, 14 Motion (Generic) filed by Debtor Eddie Bauer LLC, 15 Motion (Generic) filed by Debtor Eddie Bauer LLC, 16 Motion (Generic) filed by Debtor Eddie Bauer LLC, 17 Motion (Generic) filed by Debtor Eddie Bauer LLC, 18 Motion (Generic) filed by Debtor Eddie Bauer LLC, 19 Motion (Generic) filed by Debtor Eddie Bauer LLC, 20 Motion (Generic) filed by Debtor Eddie Bauer LLC, 21 Motion to Extend Time filed by Debtor Eddie Bauer LLC) Filed by Michael D. Sirota on behalf of Eddie Bauer LLC. (Sirota, Michael) (Entered: 02/09/2026)",Expedited Consideration of First Day Matters (For Ch. 11 Cases Only),False,,,https://www.courtlistener.com/docket/72247921/23/eddie-bauer-llc/,https://www.courtlistener.com/docket/72247921/eddie-bauer-llc/,
A_universe,claims agent retention,True,njb,Flagship Resort Development Corporation,25-15047,2025-05-10,70242583,439216445,2025-05-12,16,,claims_agent,rule_2014_declaration,debtor,,"Declaration of Cherie Parks, Chief Financial Officer, In Support of Debtor's Chapter 11 Petition and First Day Motions in support of (related document:1 Voluntary Petition (Chapter 11) filed by Debtor Flagship Resort Development Corporation, 4 Application for Designation as a Chapter 11 Complex Case filed by Debtor Flagship Resort Development Corporation, 5 Motion to Extend Time filed by Debtor Flagship Resort Development Corporation, 6 Motion (Generic) filed by Debtor Flagship Resort Development Corporation, 7 Motion (Generic) filed by Debtor Flagship Resort Development Corporation, 8 Motion (Generic) filed by Debtor Flagship Resort Development Corporation, 9 Motion (Generic) filed by Debtor Flagship Resort Development Corporation, 10 Motion to Use Cash Collateral filed by Debtor Flagship Resort Development Corporation, 11 Motion (Generic) filed by Debtor Flagship Resort Development Corporation, 12 Support filed by Debtor Flagship Resort Development Corporation, 13 Motion (Generic) filed by Debtor Flagship Resort Development Corporation, 15 Motion to Retain Claims and Noticing Agent filed by Debtor Flagship Resort Development Corporation) filed by Warren J. Martin Jr. on behalf of Flagship Resort Development Corporation. (Attachments: # 1 Exhibit A - Related Entity Structure Chart # 2 Exhibit B - Unrelated Entity Corporate Structure Chart # 3 Exhibit C - Settlement Term Sheet # 4 Exhibit D - Budget/13 Week Cash Flow) (Martin, Warren) (Entered: 05/12/2025)",Support,True,30,recap/gov.uscourts.njb.1126248/gov.uscourts.njb.1126248.16.0.pdf,https://www.courtlistener.com/docket/70242583/16/flagship-resort-development-corporation/,https://www.courtlistener.com/docket/70242583/flagship-resort-development-corporation/,"Case 25-15047-JNP Doc 16 Filed 05/12/25 Entered 05/12/25 11:27:00 Desc Main Document Page 1 of 30 UNITED STATES BANKRUPTCY COURT DISTRICT OF NEW JERSEY Caption in Compliance with D.N.J. LBR 9004-1 PORZIO, BROMBERG &amp; NEWMAN, P.C. 100 Southgate Parkway P.O. Box 1997 Morristown, New Jersey 07962 (973) 538-4006 (973) 538-5146 Facsimile Warren J. Martin, Jr., Esq. (wjmartin@pbnlaw"
A_universe,claims agent retention,True,njb,Flagship Resort Development Corporation,25-15047,2025-05-10,70242583,439236666,2025-05-12,16,1,claims_agent,rule_2014_declaration,debtor,,"Declaration of Cherie Parks, Chief Financial Officer, In Support of Debtor's Chapter 11 Petition and First Day Motions in support of (related document:1 Voluntary Petition (Chapter 11) filed by Debtor Flagship Resort Development Corporation, 4 Application for Designation as a Chapter 11 Complex Case filed by Debtor Flagship Resort Development Corporation, 5 Motion to Extend Time filed by Debtor Flagship Resort Development Corporation, 6 Motion (Generic) filed by Debtor Flagship Resort Development Corporation, 7 Motion (Generic) filed by Debtor Flagship Resort Development Corporation, 8 Motion (Generic) filed by Debtor Flagship Resort Development Corporation, 9 Motion (Generic) filed by Debtor Flagship Resort Development Corporation, 10 Motion to Use Cash Collateral filed by Debtor Flagship Resort Development Corporation, 11 Motion (Generic) filed by Debtor Flagship Resort Development Corporation, 12 Support filed by Debtor Flagship Resort Development Corporation, 13 Motion (Generic) filed by Debtor Flagship Resort Development Corporation, 15 Motion to Retain Claims and Noticing Agent filed by Debtor Flagship Resort Development Corporation) filed by Warren J. Martin Jr. on behalf of Flagship Resort Development Corporation. (Attachments: # 1 Exhibit A - Related Entity Structure Chart # 2 Exhibit B - Unrelated Entity Corporate Structure Chart # 3 Exhibit C - Settlement Term Sheet # 4 Exhibit D - Budget/13 Week Cash Flow) (Martin, Warren) (Entered: 05/12/2025)",Exhibit A - Related Entity Structure Chart,False,2,,https://www.courtlistener.com/docket/70242583/16/1/flagship-resort-development-corporation/,https://www.courtlistener.com/docket/70242583/flagship-resort-development-corporation/,
A_universe,claims agent retention,True,njb,Flagship Resort Development Corporation,25-15047,2025-05-10,70242583,439236667,2025-05-12,16,2,claims_agent,rule_2014_declaration,debtor,,"Declaration of Cherie Parks, Chief Financial Officer, In Support of Debtor's Chapter 11 Petition and First Day Motions in support of (related document:1 Voluntary Petition (Chapter 11) filed by Debtor Flagship Resort Development Corporation, 4 Application for Designation as a Chapter 11 Complex Case filed by Debtor Flagship Resort Development Corporation, 5 Motion to Extend Time filed by Debtor Flagship Resort Development Corporation, 6 Motion (Generic) filed by Debtor Flagship Resort Development Corporation, 7 Motion (Generic) filed by Debtor Flagship Resort Development Corporation, 8 Motion (Generic) filed by Debtor Flagship Resort Development Corporation, 9 Motion (Generic) filed by Debtor Flagship Resort Development Corporation, 10 Motion to Use Cash Collateral filed by Debtor Flagship Resort Development Corporation, 11 Motion (Generic) filed by Debtor Flagship Resort Development Corporation, 12 Support filed by Debtor Flagship Resort Development Corporation, 13 Motion (Generic) filed by Debtor Flagship Resort Development Corporation, 15 Motion to Retain Claims and Noticing Agent filed by Debtor Flagship Resort Development Corporation) filed by Warren J. Martin Jr. on behalf of Flagship Resort Development Corporation. (Attachments: # 1 Exhibit A - Related Entity Structure Chart # 2 Exhibit B - Unrelated Entity Corporate Structure Chart # 3 Exhibit C - Settlement Term Sheet # 4 Exhibit D - Budget/13 Week Cash Flow) (Martin, Warren) (Entered: 05/12/2025)",Exhibit B - Unrelated Entity Corporate Structure Chart,False,2,,https://www.courtlistener.com/docket/70242583/16/2/flagship-resort-development-corporation/,https://www.courtlistener.com/docket/70242583/flagship-resort-development-corporation/,
A_universe,claims agent retention,True,njb,Francesca's Acquisition LLC,26-11312,2026-02-05,72236458,467782916,2026-02-05,17,1,claims_agent,order,debtor,,"Motion for an Order Authorizing Debtor to Retain a Claims and Noticing Agent Filed by Katie F. Warren on behalf of Francesca's Acquisition LLC. Hearing scheduled for 2/6/2026 at 11:00 AM, Zoom-Judge Hall: join.zoom.us Meeting ID 160 346 3948, Passcode 337273, or call 1-646-828-7666.. (Attachments: # 1 Exhibit A - Services Agreement # 2 Exhibit B - Betance Declaration # 3 Exhibit C - Proposed Order) (Warren, Katie) (Entered: 02/05/2026)",Exhibit A - Services Agreement,True,19,recap/gov.uscourts.njb.1137723/gov.uscourts.njb.1137723.17.1.pdf,https://www.courtlistener.com/docket/72236458/17/1/francescas-acquisition-llc-debtor/,https://www.courtlistener.com/docket/72236458/francescas-acquisition-llc/,"Exhibit A Services Agreement 4919-7448-4108, v. 3 Docusign Envelope ID: 9CC7277F-2C30-448A-9193-FB8F640FE795 Services Agreement This Services Agreement (this “Agreement”) is entered into as of January 24, 2026 between Stretto, Inc. (“Stretto”) and Francesca’s Acquisition LLC (together with its affiliates and subsidiaries, the “Company”).1 In consideration of the promises set"
A_universe,claims agent retention,True,njb,Francesca's Acquisition LLC,26-11312,2026-02-05,72236458,470664412,2026-03-03,230,,claims_agent,retention_application,debtor,"Claims and Noticing Agent filed by Debtor Francesca's Acquisition LLC, 18 Motion","Transcript regarding Hearing Held 02/06/26 (related document:2 Motion to Use Cash Collateral filed by Debtor Francesca's Acquisition LLC, 3 Motion to Assume filed by Debtor Francesca's Acquisition LLC, 6 Motion for Joint Administration filed by Debtor Francesca's Acquisition LLC, 10 Motion (Generic) filed by Debtor Francesca's Acquisition LLC, 15 Motion (Generic) filed by Debtor Francesca's Acquisition LLC, 16 Motion (Generic) filed by Debtor Francesca's Acquisition LLC, 17 Motion to Retain Claims and Noticing Agent filed by Debtor Francesca's Acquisition LLC, 18 Motion to Extend Time filed by Debtor Francesca's Acquisition LLC, 19 Motion (Generic) filed by Debtor Francesca's Acquisition LLC, 20 Motion (Generic) filed by Debtor Francesca's Acquisition LLC, 22 Motion (Generic) filed by Debtor Francesca's Acquisition LLC, 23 Motion (Generic) filed by Debtor Francesca's Acquisition LLC, 25 Application for Designation as a Chapter 11 Complex Case filed by Debtor Francesca's Acquisition LLC, 26 Motion (Generic) filed by Debtor Francesca's Acquisition LLC). The transcript may be viewed at the Bankruptcy Court Clerk's Office. For information about how to contact the transcriber, call the Clerk's Office. Notice of Intent to Request Redaction Deadline Due By 3/10/2026. List of Items to be Redacted Due By 03/24/2026. Redacted Transcript Submission Due By 04/6/2026. Remote electronic access to the transcript will be restricted through 06/1/2026. (J&J Court Transcribers) (Entered: 03/03/2026)",Transcript,False,,,https://www.courtlistener.com/docket/72236458/230/francescas-acquisition-llc/,https://www.courtlistener.com/docket/72236458/francescas-acquisition-llc/,
A_universe,claims agent retention,True,njb,Francesca's Acquisition LLC,26-11312,2026-02-05,72236458,488601454,2026-08-04,533,,claims_agent,retention_application,committee,,"Document re: Notice of Agenda of Matters Scheduled to be Heard on August 4, 2026 at 11:00 a.m. (ET) (related document:513 Chapter 11 Combined Plan and Disclosure Statement filed by Debtor Francesca's Acquisition LLC, Attorney Official Committee of Unsecured Creditors, 514 Motion (Generic) filed by Debtor Francesca's Acquisition LLC, 515 Application to Shorten Time filed by Debtor Francesca's Acquisition LLC, 518 Order on Application to Shorten Time, 530 Document filed by Debtor Francesca's Acquisition LLC, 531 Document filed by Debtor Francesca's Acquisition LLC, 532 Certificate of Mailing - Limited User filed by Noticing Agent Stretto) filed by Katie F. Warren on behalf of Francesca's Acquisition LLC. (Warren, Katie) (Entered: 08/04/2026)",Document,False,,,https://www.courtlistener.com/docket/72236458/533/francescas-acquisition-llc/,https://www.courtlistener.com/docket/72236458/francescas-acquisition-llc/,
A_universe,claims agent retention,True,njb,"FreshRealm, Inc.",26-14656,2026-04-27,73250355,479594358,2026-04-29,,,claims_agent,order,debtor,,"Minute of Hearing Held, OUTCOME: Granted (related document:6 Motion for an Order Authorizing Debtor to Retain a Claims and Noticing Agent Filed by Warren A. Usatine on behalf of FreshRealm, Inc... Filed by Debtor FreshRealm, Inc.) (rah)",,False,,,https://www.courtlistener.com,https://www.courtlistener.com/docket/73250355/freshrealm-inc/,
A_universe,claims agent retention,True,njb,"FreshRealm, Inc.",26-14656,2026-04-27,73250355,479594360,2026-04-29,,,claims_agent,other,unknown,,"Kroll Restructuring Administration LLC, Claims and Noticing Agent, added to case (rah)",,False,,,https://www.courtlistener.com,https://www.courtlistener.com/docket/73250355/freshrealm-inc/,
A_universe,claims agent retention,True,njb,"FreshRealm, Inc.",26-14656,2026-04-27,73250355,477242790,2026-04-27,6,,claims_agent,order,debtor,,"Motion for an Order Authorizing Debtor to Retain a Claims and Noticing Agent Filed by Warren A. Usatine on behalf of FreshRealm, Inc... (Usatine, Warren) (Entered: 04/27/2026)",Retain Claims and Noticing Agent,False,,,https://www.courtlistener.com/docket/73250355/6/freshrealm-inc/,https://www.courtlistener.com/docket/73250355/freshrealm-inc/,
A_universe,claims agent retention,True,njb,"International Warehouse Services, Inc.",26-10292,2026-01-12,72130668,491339552,2026-08-25,26,,claims_agent,retention_application,unknown,,"Notice of Hearing on Final Fee Applications in support of (related document:19 Application for Compensation, 20 Application for Compensation, 21 Application for Compensation, 22 Application for Compensation, 23 Application for Compensation filed by Noticing Agent Epiq Corporate Restructuring, LLC, 24 Application for Compensation, 25 Application for Compensation) filed by Michael D. Sirota on behalf of International Warehouse Services, Inc.. (Sirota, Michael) (Entered: 08/25/2026)",Support,False,,,https://www.courtlistener.com/docket/72130668/26/international-warehouse-services-inc/,https://www.courtlistener.com/docket/72130668/international-warehouse-services-inc/,
A_universe,claims agent retention,True,njb,LIV Golf New Jersey LLC,26-20189,2026-09-08,74760119,492890759,2026-09-08,13,,claims_agent,order,debtor,,"Motion for an Order Authorizing Debtor to Retain a Claims and Noticing Agent Filed by Michael D. Sirota on behalf of LIV Golf New Jersey LLC.. (Sirota, Michael) (Entered: 09/08/2026)",Motion to Retain Claims and Noticing Agent,True,78,recap/gov.uscourts.njb.1146983/gov.uscourts.njb.1146983.13.0.pdf,https://www.courtlistener.com/docket/74760119/13/liv-golf-new-jersey-llc/,https://www.courtlistener.com/docket/74760119/liv-golf-new-jersey-llc/,
A_universe,claims agent retention,True,njb,LIV Golf New Jersey LLC,26-20189,2026-09-08,74760119,492896943,2026-09-08,25,,claims_agent,retention_application,debtor,,"Application for Expedited Consideration of First Day Matters (related document:3 Application for Designation as a Chapter 11 Complex Case filed by Debtor LIV Golf New Jersey LLC, 4 Motion for Joint Administration - Multi-Case, 5 Motion (Generic) filed by Debtor LIV Golf New Jersey LLC, 6 Motion (Generic) filed by Debtor LIV Golf New Jersey LLC, 7 Motion (Generic) filed by Debtor LIV Golf New Jersey LLC, 8 Motion (Generic) filed by Debtor LIV Golf New Jersey LLC, 9 Motion (Generic) filed by Debtor LIV Golf New Jersey LLC, 11 Motion (Generic) filed by Debtor LIV Golf New Jersey LLC, 13 Motion to Retain Claims and Noticing Agent filed by Debtor LIV Golf New Jersey LLC, 14 Motion to Extend Time filed by Debtor LIV Golf New Jersey LLC, 19 Motion (Generic) filed by Debtor LIV Golf New Jersey LLC, 20 Motion (Generic) filed by Debtor LIV Golf New Jersey LLC, 21 Motion (Generic) filed by Debtor LIV Golf New Jersey LLC, 22 Motion (Generic) filed by Debtor LIV Golf New Jersey LLC) Filed by Michael D. Sirota on behalf of LIV Golf New Jersey LLC. (Attachments: # 1 Proposed Order) (Sirota, Michael) (Entered: 09/08/2026)",Application for Expedited Consideration of First Day Matters,True,10,recap/gov.uscourts.njb.1146983/gov.uscourts.njb.1146983.25.0.pdf,https://www.courtlistener.com/docket/74760119/25/liv-golf-new-jersey-llc/,https://www.courtlistener.com/docket/74760119/liv-golf-new-jersey-llc/,"Case 26-20189-MBK Doc 25 Filed 09/08/26 Entered 09/08/26 23:39:15 Desc Main Document Page 1 of 10 GIBSON, DUNN &amp; CRUTCHER LLP COLE SCHOTZ P.C. Scott J. Greenberg (pro hac vice pending) Michael D. Sirota, Esq. Matthew J. Williams (pro hac vice pending) Warren A. Usatine, Esq. Keith R. Martorana (pro hac vice pending)"
A_universe,claims agent retention,True,njb,LIV Golf New Jersey LLC,26-20189,2026-09-08,74760119,493139542,2026-09-10,68,,claims_agent,order,unknown,,"ORDER (I) AUTHORIZING THE APPOINTMENT OF OMNI AGENT SOLUTIONS, INC. AS CLAIMS AND NOTICING AGENT EFFECTIVE AS OF THE PETITION DATE AND (II) GRANTING RELATED RELIEF (Related Doc # 13). Service of notice of the entry of this order pursuant to Rule 9022 was made on the appropriate parties. See BNC Certificate of Notice. Signed on 9/10/2026. (llb) (Entered: 09/10/2026)",Order on Motion to Retain Claims and Noticing Agent,False,,,https://www.courtlistener.com/docket/74760119/68/liv-golf-new-jersey-llc/,https://www.courtlistener.com/docket/74760119/liv-golf-new-jersey-llc/,
A_universe,claims agent retention,True,njb,Multi-Color Corporation,26-10910,2026-01-29,72202377,466823526,2026-01-29,9,,claims_agent,order,debtor,,"Motion for an Order Authorizing Debtor to Retain a Claims and Noticing Agent Filed by Michael D. Sirota on behalf of Multi-Color Corporation.. (Sirota, Michael) (Entered: 01/29/2026)",Retain Claims and Noticing Agent,True,51,recap/gov.uscourts.njb.1137310/gov.uscourts.njb.1137310.9.0.pdf,https://www.courtlistener.com/docket/72202377/9/multi-color-corporation/,https://www.courtlistener.com/docket/72202377/multi-color-corporation/,"Case 26-10910-MBK Doc 9 Filed 01/29/26 Entered 01/29/26 03:16:13 Desc Main Document Page 1 of 51 KIRKLAND &amp; ELLIS LLP COLE SCHOTZ P.C. KIRKLAND &amp; ELLIS INTERNATIONAL LLP Michael D. Sirota, Esq. Steven N. Serajeddini, P.C. (pro hac vice pending) Warren A. Usatine, Esq. 601 Lexington Avenue"
A_universe,claims agent retention,True,njb,Multi-Color Corporation,26-10910,2026-01-29,72202377,466848795,2026-01-29,29,,claims_agent,retention_application,debtor,,"Application for Expedited Consideration of First Day Matters (related document:1 Voluntary Petition (Chapter 11) filed by Debtor Multi-Color Corporation, 3 Motion for Joint Administration - Multi-Case, 4 Application for Designation as a Chapter 11 Complex Case filed by Debtor Multi-Color Corporation, 5 Motion (Generic) filed by Debtor Multi-Color Corporation, 6 Motion (Generic) filed by Debtor Multi-Color Corporation, 7 Motion for Continuation of Utility Service filed by Debtor Multi-Color Corporation, 8 Motion (Generic) filed by Debtor Multi-Color Corporation, 9 Motion to Retain Claims and Noticing Agent filed by Debtor Multi-Color Corporation, 10 Motion (Generic) filed by Debtor Multi-Color Corporation, 11 Motion (Generic) filed by Debtor Multi-Color Corporation, 12 Motion (Generic) filed by Debtor Multi-Color Corporation, 13 Motion (Generic) filed by Debtor Multi-Color Corporation, 14 Motion (Generic) filed by Debtor Multi-Color Corporation, 15 Motion (Generic) filed by Debtor Multi-Color Corporation, 16 Motion (Generic) filed by Debtor Multi-Color Corporation, 17 Chapter 11 Plan filed by Debtor Multi-Color Corporation, 18 Disclosure Statement filed by Debtor Multi-Color Corporation, 23 Document filed by Debtor Multi-Color Corporation, 26 Motion (Generic) filed by Debtor Multi-Color Corporation) Filed by Michael D. Sirota on behalf of Multi-Color Corporation. (Sirota, Michael) (Entered: 01/29/2026)",Expedited Consideration of First Day Matters (For Ch. 11 Cases Only),False,,,https://www.courtlistener.com/docket/72202377/29/multi-color-corporation/,https://www.courtlistener.com/docket/72202377/multi-color-corporation/,
A_universe,claims agent retention,True,njb,Multi-Color Corporation,26-10910,2026-01-29,72202377,467249714,2026-02-02,85,,claims_agent,retention_application,debtor,,"Transcript regarding Hearing Held 01/30/26 (related document:4 Application for Designation as a Chapter 11 Complex Case filed by Debtor Multi-Color Corporation, 5 Motion (Generic) filed by Debtor Multi-Color Corporation, 6 Motion (Generic) filed by Debtor Multi-Color Corporation, 7 Motion for Continuation of Utility Service filed by Debtor Multi-Color Corporation, 8 Motion (Generic) filed by Debtor Multi-Color Corporation, 9 Motion to Retain Claims and Noticing Agent filed by Debtor Multi-Color Corporation, 10 Motion (Generic) filed by Debtor Multi-Color Corporation, 11 Motion (Generic) filed by Debtor Multi-Color Corporation, 12 Motion (Generic) filed by Debtor Multi-Color Corporation, 13 Motion (Generic) filed by Debtor Multi-Color Corporation, 14 Motion (Generic) filed by Debtor Multi-Color Corporation, 15 Motion (Generic) filed by Debtor Multi-Color Corporation, 16 Motion (Generic) filed by Debtor Multi-Color Corporation, 26 Motion (Generic) filed by Debtor Multi-Color Corporation). The transcript may be viewed at the Bankruptcy Court Clerk's Office. For information about how to contact the transcriber, call the Clerk's Office. Notice of Intent to Request Redaction Deadline Due By 2/9/2026. List of Items to be Redacted Due By 02/23/2026. Redacted Transcript Submission Due By 03/5/2026. Remote electronic access to the transcript will be restricted through 05/4/2026. (J&J Court Transcribers) (Entered: 02/02/2026)",,False,,,https://www.courtlistener.com/docket/72202377/85/multi-color-corporation/,https://www.courtlistener.com/docket/72202377/multi-color-corporation/,
A_universe,claims agent retention,True,njb,"New Rite Aid, LLC",25-14861,2025-05-05,70147736,438599153,2025-05-06,18,,claims_agent,order,debtor,,"Motion for an Order Authorizing Debtor to Retain a Claims and Noticing Agent Filed by Michael D. Sirota on behalf of New Rite Aid, LLC.. (Sirota, Michael) (Entered: 05/06/2025)",Motion to Retain Claims and Noticing Agent,False,,,https://www.courtlistener.com/docket/70147736/18/new-rite-aid-llc/,https://www.courtlistener.com/docket/70147736/new-rite-aid-llc/,
A_universe,claims agent retention,True,njb,"New Rite Aid, LLC",25-14861,2025-05-05,70147736,438852532,2025-05-07,140,,claims_agent,order,unknown,,ORDER (I) AUTHORIZING THE APPOINTMENT OF KROLL RESTRUCTURING ADMINISTRATION LLC AS CLAIMS AND NOTICING AGENT EFFECTIVE AS OF THE PETITION DATE AND (II) GRANTING RELATED RELIEF (Related Doc # 18). Service of notice of the entry of this order pursuant to Rule 9022 was made on the appropriate parties. See BNC Certificate of Notice. Signed on 5/7/2025. (wiq) (Entered: 05/07/2025),Order on Motion to Retain Claims and Noticing Agent,False,,,https://www.courtlistener.com/docket/70147736/140/new-rite-aid-llc/,https://www.courtlistener.com/docket/70147736/new-rite-aid-llc/,
A_universe,claims agent retention,True,njb,"New Rite Aid, LLC",25-14861,2025-05-05,70147736,439636221,2025-05-13,226,,claims_agent,retention_application,debtor,,"Transcript regarding Hearing Held 05/07/25 (related document:3 Motion for Joint Administration - Multi-Case, 4 Application for Designation as a Chapter 11 Complex Case filed by Debtor New Rite Aid, LLC, 5 Motion (Generic) filed by Debtor New Rite Aid, LLC, 7 Motion to Extend Time filed by Debtor New Rite Aid, LLC, 8 Motion (Generic) filed by Debtor New Rite Aid, LLC, 9 Motion (Generic) filed by Debtor New Rite Aid, LLC, 10 Motion (Generic) filed by Debtor New Rite Aid, LLC, 11 Motion (Generic) filed by Debtor New Rite Aid, LLC, 12 Motion (Generic) filed by Debtor New Rite Aid, LLC, 13 Motion (Generic) filed by Debtor New Rite Aid, LLC, 14 Motion (Generic) filed by Debtor New Rite Aid, LLC, 15 Motion (Generic) filed by Debtor New Rite Aid, LLC, 16 Motion (Generic) filed by Debtor New Rite Aid, LLC, 17 Motion (Generic) filed by Debtor New Rite Aid, LLC, 18 Motion to Retain Claims and Noticing Agent filed by Debtor New Rite Aid, LLC, 21 Motion (Generic) filed by Debtor New Rite Aid, LLC, 22 Motion (Generic) filed by Debtor New Rite Aid, LLC, 23 Motion (Generic) filed by Debtor New Rite Aid, LLC, 25 Motion (Generic) filed by Debtor New Rite Aid, LLC, 41 Motion (Generic) filed by Debtor New Rite Aid, LLC). The transcript may be viewed at the Bankruptcy Court Clerk's Office. For information about how to contact the transcriber, call the Clerk's Office. Notice of Intent to Request Redaction Deadline Due By 5/20/2025. List of Items to be Redacted Due By 06/3/2025. Redacted Transcript Submission Due By 06/13/2025. Remote electronic access to the transcript will be restricted through 08/11/2025. (J&J Court Transcribers) (Entered: 05/13/2025)",Transcript,False,,,https://www.courtlistener.com/docket/70147736/226/new-rite-aid-llc/,https://www.courtlistener.com/docket/70147736/new-rite-aid-llc/,
A_universe,claims agent retention,True,njb,Poolin Technology PTE. LTD,26-18325,2026-07-22,73657689,487237056,2026-07-22,18,,claims_agent,retention_application,unknown,"Professional Kurtzman Carson Consultants, LLC dba Verita Global","Application For Retention of Professional Kurtzman Carson Consultants, LLC dba Verita Global as Claims and Noticing Agent Filed by Stephen M. Packman on behalf of Poolin Technology PTE. LTD. Objections due by 8/12/2026. (Attachments: # 1 Exhibit A - Services Agreement # 2 Exhibit B - Gershbein Declaration # 3 Exhibit C - Proposed Order) (Packman, Stephen) (Entered: 07/22/2026)",Application for Retention,False,,,https://www.courtlistener.com/docket/73657689/18/poolin-technology-pte-ltd/,https://www.courtlistener.com/docket/73657689/poolin-technology-pte-ltd/,
A_universe,claims agent retention,True,njb,Poolin Technology PTE. LTD,26-18325,2026-07-22,73657689,487316316,2026-07-23,31,,claims_agent,order,debtor,"Professional Archer & Greiner, P.C","Order Regarding Application For Expedited Consideration Of First Day Matters (related document:3 Motion for Joint Administration for the following cases: 26-18325, 26-18326 and 26-18327 filed by Debtor Poolin Technology PTE. LTD, 5 Motion re: Debtors Motion for Entry of an Order (I) Designating Complex Chapter 11 Cases; (II) Establishing Certain Notice, Case Management, and Administrative Procedures; (III) Authorizing Service to Certain Parties by Email and SMS/Text Message; (IV) filed by Debtor Poolin Technology PTE. LTD, 6 Motion re: Debtors Motion for Entry of an Order (I) Authorizing Redaction of Certain Personally Identifiable Information of Natural Persons; and (II) Granting Related Relief filed by Debtor Poolin Technology PTE. LTD, 7 Motion re: Debtors Motion for Entry of Interim and Final Orders Authorizing (I) the Continued Use of Existing Cash Management System, on a Limited Basis; (II) the Continued Interim Use of a PNC Operating Bank Account, Cryptocurrency Exchange Accounts, R filed by Debtor Poolin Technology PTE. LTD, 8 Motion re: Motion of the Debtors for Entry of Interim and Final Orders (I) Authorizing the Debtors to (A) Pay Pre-Petition Employee Obligations and (B) Continue Employee Benefits Programs; and (II) Granting Related Relief filed by Debtor Poolin Technology PTE. LTD, 9 Motion re: Debtors Motion for Entry of Interim and Final Orders (I) Authorizing the Debtors to Continue, Renew, or Supplement Insurance Policies, (II) Authorizing the Debtors to Pay Insurance Premiums and Related Obligations Thereon, (III) Authorizing t filed by Debtor Poolin Technology PTE. LTD, 10 Motion re: Debtors' Motion for Entry of Interim and Final Orders (I) Authorizing Debtors to Pay Certain Taxes and Fees, (II) Authorizing Financial Institutions to Honor and Process Related Checks and Transfers, and (III) Granting Related Relief filed by Debtor Poolin Technology PTE. LTD, 11 Motion re: Debtors' Motion for Entry of Interim and Final Orders (I) Prohibiting the Debtors' Utility Providers from Altering, Refusing, or Discontinuing Services, (II) Permitting Debtors to Pay Current Utility Charges Including Pre-Petition A filed by Debtor Poolin Technology PTE. LTD, 14 Application For Retention of Professional Archer & Greiner, P.C. as Bankruptcy Counsel filed by Debtor Poolin Technology PTE. LTD, 15 Application For Retention of Professional DuFrayne LLC as Chief Restructuring Officer filed by Debtor Poolin Technology PTE. LTD, 16 Application For Retention of Professional DuFrayne LLC as Investment Banker filed by Debtor Poolin Technology PTE. LTD, 17 Application For Retention of Professional Oon & Bazul LLC as Singapore Insolvency Counsel filed by Debtor Poolin Technology PTE. LTD, 18 Application For Retention of Professional Kurtzman Carson Consultants, LLC dba Verita Global as Claims and Noticing Agent filed by Debtor Poolin Technology PTE. LTD, 19 Application For Retention of Professional Kurtzman Carson Consultant, LLC dba Verita Global as Administrative Advisor filed by Debtor Poolin Technology PTE. LTD, 24 Application For Retention of Professional McCarn, Weir & Sherwood P.C. as Oil, Gas, and Mineral Counsel filed by Debtor Poolin Technology PTE. LTD) Service of notice of the entry of this order pursuant to Rule 9022 was made on the appropriate parties. See BNC Certificate of Notice. Signed on 7/23/2026. Hearing scheduled for 7/27/2026 at 11:00 AM, EJO - Courtroom 2, Trenton.. (dmi) (Entered: 07/23/2026)",Shorten Time,True,4,recap/gov.uscourts.njb.1145057/gov.uscourts.njb.1145057.31.0.pdf,https://www.courtlistener.com/docket/73657689/31/poolin-technology-pte-ltd/,https://www.courtlistener.com/docket/73657689/poolin-technology-pte-ltd/,"Case 26-18325-EJO Doc31 Filed 07/23/26 Entered 07/23/26 13:13:05 Desc Main OF Ly, Document _ Court f Page 1 of 4 UNITED STATES BANKRUPTCY COURT DISTRICT OF NEW JERSEY Caption in Compliance with D.N.J. LBR 9004-1(b) Stephen M. Packman, Esq. Douglas G. Leney, Esq. Natasha M. Songonuga, Esq. Alexander J. Andrews, Esq. (Pro Hac Vice Admission Pending) ARCHER &amp; GREINER, P.C. 1025 Laurel Oak Road Voorhees, NJ 08043 Telephone: (856) 795-2121 Facsimile: (856) 795-0574 Email: spackman@archerlaw"
A_universe,claims agent retention,True,njb,Poolin Technology PTE. LTD,26-18325,2026-07-22,73657689,487787026,2026-07-28,53,,claims_agent,order,unknown,"and Retention of Kurtzman Carson Consultants,LLC DBA Verita Global","Order Authorizing the Employment and Retention of Kurtzman Carson Consultants,LLC DBA Verita Global as Claims and Noticing Agent Effective as of the PetitionDate (Related Doc # 18). Service of notice of the entry of this order pursuant to Rule 9022 was made on the appropriate parties. See BNC Certificate of Notice. Signed on 7/28/2026. (mjb) (Entered: 07/28/2026)",Order on Application For Retention,False,,,https://www.courtlistener.com/docket/73657689/53/poolin-technology-pte-ltd/,https://www.courtlistener.com/docket/73657689/poolin-technology-pte-ltd/,
A_universe,claims agent retention,True,njb,"Powin, LLC",25-16137,2025-06-10,70497339,442549464,2025-06-12,,,claims_agent,order,debtor,"a Claims and Noticing Agent Filed by Frank A. Oswald on behalf of Powin, LLC. He","Minute of Hearing Held, OUTCOME: Granted - Order to be Submitted (related document:9 Motion for an Order Authorizing Debtor to Retain a Claims and Noticing Agent Filed by Frank A. Oswald on behalf of Powin, LLC. Hearing scheduled for 6/12/2025 at 09:30 AM, MBK - Courtroom 8, Trenton or via Zoom webinar as indicated on website (https://www.njb.uscourts.gov/powin) . Filed by Debtor Powin, LLC) (llb)",,False,,,https://www.courtlistener.com,https://www.courtlistener.com/docket/70497339/powin-llc/,
A_universe,claims agent retention,True,njb,"Powin, LLC",25-16137,2025-06-10,70497339,442233291,2025-06-10,13,,claims_agent,retention_application,debtor,,"Document re: /Declaration of Gerard Uzzi In Support of Emergency First Day Motions of the Debtors (related document:1 Voluntary Petition (Chapter 11) filed by Debtor Powin, LLC, 3 Motion for Joint Administration filed by Debtor Powin, LLC, 6 Application for Designation as a Chapter 11 Complex Case filed by Debtor Powin, LLC, 7 Motion (Generic) filed by Debtor Powin, LLC, 8 Motion (Generic) filed by Debtor Powin, LLC, 9 Motion to Retain Claims and Noticing Agent filed by Debtor Powin, LLC, 10 Motion (Generic) filed by Debtor Powin, LLC, 11 Motion (Generic) filed by Debtor Powin, LLC, 12 Motion (Generic) filed by Debtor Powin, LLC) filed by Frank A. Oswald on behalf of Powin, LLC. (Oswald, Frank) (Entered: 06/10/2025)",Document,True,30,recap/gov.uscourts.njb.1127384/gov.uscourts.njb.1127384.13.0.pdf,https://www.courtlistener.com/docket/70497339/13/powin-llc/,https://www.courtlistener.com/docket/70497339/powin-llc/,"Case 25-16137-MBK Doc 13 Filed 06/10/25 Entered 06/10/25 13:21:18 Desc Main Document Page 1 of 30 DENTONS US LLP TOGUT, SEGAL &amp; SEGAL LLP Tania M. Moyron (pro hac vice forthcoming) Frank A. Oswald (admitted) Van C. Durrer, II (pro hac vice forthcoming) 550 Broad Street 601 S. Figueroa Street #2500 Suite 1508"
A_universe,claims agent retention,True,njb,"Powin, LLC",25-16137,2025-06-10,70497339,442662346,2025-06-13,66,,claims_agent,order,unknown,,"ORDER AUTHORIZING THE APPOINTMENT OF KURTZMAN CARSON CONSULTANTS, LLC DBA VERITA GLOBAL AS CLAIMS AND NOTICING AGENT EFFECTIVE AS OF THE PETITION DATE. (Related Doc # 9). Service of notice of the entry of this order pursuant to Rule 9022 was made on the appropriate parties. See BNC Certificate of Notice. Signed on 6/13/2025. (bwj) (Entered: 06/13/2025)",Retain Claims and Noticing Agent,False,,,https://www.courtlistener.com/docket/70497339/66/powin-llc/,https://www.courtlistener.com/docket/70497339/powin-llc/,
A_universe,claims agent retention,True,njb,"Pretium Packaging, L.L.C.",26-10896,2026-01-28,72201990,466824211,2026-01-29,20,,claims_agent,retention_application,debtor,,"Application for Expedited Consideration of First Day Matters (related document:3 Motion for Joint Administration - Multi-Case, 4 Application for Designation as a Chapter 11 Complex Case filed by Debtor Pretium Packaging, L.L.C., 7 Motion (Generic) filed by Debtor Pretium Packaging, L.L.C., 8 Motion (Generic) filed by Debtor Pretium Packaging, L.L.C., 9 Motion (Generic) filed by Debtor Pretium Packaging, L.L.C., 10 Motion (Generic) filed by Debtor Pretium Packaging, L.L.C., 11 Motion (Generic) filed by Debtor Pretium Packaging, L.L.C., 13 Motion to Retain Claims and Noticing Agent filed by Debtor Pretium Packaging, L.L.C., 14 Motion (Generic) filed by Debtor Pretium Packaging, L.L.C., 15 Motion (Generic) filed by Debtor Pretium Packaging, L.L.C., 16 Motion (Generic) filed by Debtor Pretium Packaging, L.L.C., 17 Motion (Generic) filed by Debtor Pretium Packaging, L.L.C., 19 Motion (Generic) filed by Debtor Pretium Packaging, L.L.C.) Filed by Michael D. Sirota on behalf of Pretium Packaging, L.L.C.. (Attachments: # 1 Exhibit A - Proposed Order Regarding Debtors' Application for Expedited Consideration of First Day Matters) (Sirota, Michael) (Entered: 01/29/2026)",Expedited Consideration of First Day Matters (For Ch. 11 Cases Only),False,,,https://www.courtlistener.com/docket/72201990/20/pretium-packaging-llc/,https://www.courtlistener.com/docket/72201990/pretium-packaging-llc/,
A_universe,claims agent retention,True,njb,"Pretium Packaging, L.L.C.",26-10896,2026-01-28,72201990,466843138,2026-01-29,20,1,claims_agent,retention_application,debtor,,"Application for Expedited Consideration of First Day Matters (related document:3 Motion for Joint Administration - Multi-Case, 4 Application for Designation as a Chapter 11 Complex Case filed by Debtor Pretium Packaging, L.L.C., 7 Motion (Generic) filed by Debtor Pretium Packaging, L.L.C., 8 Motion (Generic) filed by Debtor Pretium Packaging, L.L.C., 9 Motion (Generic) filed by Debtor Pretium Packaging, L.L.C., 10 Motion (Generic) filed by Debtor Pretium Packaging, L.L.C., 11 Motion (Generic) filed by Debtor Pretium Packaging, L.L.C., 13 Motion to Retain Claims and Noticing Agent filed by Debtor Pretium Packaging, L.L.C., 14 Motion (Generic) filed by Debtor Pretium Packaging, L.L.C., 15 Motion (Generic) filed by Debtor Pretium Packaging, L.L.C., 16 Motion (Generic) filed by Debtor Pretium Packaging, L.L.C., 17 Motion (Generic) filed by Debtor Pretium Packaging, L.L.C., 19 Motion (Generic) filed by Debtor Pretium Packaging, L.L.C.) Filed by Michael D. Sirota on behalf of Pretium Packaging, L.L.C.. (Attachments: # 1 Exhibit A - Proposed Order Regarding Debtors' Application for Expedited Consideration of First Day Matters) (Sirota, Michael) (Entered: 01/29/2026)",Exhibit A - Proposed Order Regarding Debtors' Application for Expedited Con,True,6,recap/gov.uscourts.njb.1137296/gov.uscourts.njb.1137296.20.1.pdf,https://www.courtlistener.com/docket/72201990/20/1/pretium-packaging-llc/,https://www.courtlistener.com/docket/72201990/pretium-packaging-llc/,Case 26-10896-CMG Doc 20-1 Filed 01/29/26 Entered 01/29/26 04:18:03 Desc Exhibit A - Proposed Order Regarding Debtors Application for Expedited Con Page 1 of 6 Exhibit A Proposed Order Case 26-10896-CMG Doc 20-1 Filed 01/29/26 Entered 01/29/26 04:18:03 Desc Exhibit A - Proposed Order Regarding Debtors Application for Expedited Con Page 2 of 6 UNITED STATES BANKRUPTCY COURT DISTRICT OF NEW JERSEY In
A_universe,claims agent retention,True,njb,"Pretium Packaging, L.L.C.",26-10896,2026-01-28,72201990,466835429,2026-01-29,22,,claims_agent,order,debtor,,"Order Regarding Application for Expedited Consideration of First Day Matters (related document:3 Motion for Joint Administration for the following cases: 26-10896, 26-10897, 26-10898, 26-10899, 26-10900, 26-10901, 26-10902, 26-10903, 26-10904, 26-10905, 4 Application for Designation as a Chapter 11 Complex Case filed by Debtor Pretium Packaging, L.L.C., 7 Motion re: Debtors' Motion for Entry of Interim and Final Orders (I) Authorizing the Debtors to (A) Continue Using the Cash Management System, (B) Honor Certain Prepetition Obligations Related Thereto, (C) Maintain Existing Debtor Bank Accounts, Bu filed by Debtor Pretium Packaging, L.L.C., 8 Motion re: Debtors' Motion for Entry of Interim and Final Orders (I) Authorizing Payment of All Trade Claims in the Ordinary Course of Business, (II) Granting Administrative Expense Priority to Undisputed Obligations on Account of Outstanding Orde filed by Debtor Pretium Packaging, L.L.C., 9 Motion re: Debtors' Motion for Entry of Interim and Final Orders (I) Authorizing the Payment of Certain Taxes and Fees and (II) Granting Related Relief filed by Debtor Pretium Packaging, L.L.C., 10 Motion re: Debtors' Motion for Entry of Interim and Final Orders (I) Authorizing the Debtors to Maintain Insurance Coverage and Letters of Credit Entered into Prepetition and Pay Related Prepetition Obligations, (B) Renew, Supplement, Modify, or P filed by Debtor Pretium Packaging, L.L.C., 11 Motion re: Debtors' Motion for Entry of Interim and Final Orders (I) Authorizing the Debtors to Maintain and Administer Their Customer Programs and (B) Honor Certain Prepetition Obligations Related Thereto and (II) Granting Related Relief filed by Debtor Pretium Packaging, L.L.C., 12 Motion re: Debtors' Motion for Entry of Interim and Final Orders (I) Approving the Debtors' Proposed Adequate Assurance of Payment for Future Utility Services, (II) Prohibiting Utility Providers from Altering, Refusing, or Discontinuing Servi filed by Debtor Pretium Packaging, L.L.C., 13 Motion for an Order Authorizing Debtor to Retain a Claims and Noticing Agent filed by Debtor Pretium Packaging, L.L.C., 14 Motion re: Debtors' Motion for Entry of Interim and Final Orders (I) Approving Notifications and Hearing Procedures for Certain Transfers of and Declarations of Worthlessness with Respect to Common Stock and Preferred Stock and (II) Granting Relat filed by Debtor Pretium Packaging, L.L.C., 15 Motion re: Debtors' Motion for Entry of Interim and Final Orders (I) Authorizing the Debtors to (A) File a Consolidated List of the Debtors' Thirty Largest Unsecured Creditors, (B) File a Consolidated List of Creditors in Lieu of Submitting a filed by Debtor Pretium Packaging, L.L.C., 16 Motion re: Debtors' Motion for Entry of Interim and Final Orders (I) Authorizing the Debtors to (A) Pay Prepetition Wages, Salaries, Other Compensation, and Reimbursable Expenses to Employees and Temporary Staff and (B) Continue Employee Benefits filed by Debtor Pretium Packaging, L.L.C., 17 Motion re: Debtors' Motion for Entry of Interim and Final Orders (I) Authorizing the Debtors to (A) Obtain PostPetition Financing, (B) Use Cash Collateral, and (C) Grant Liens and Superpriority Administrative Expense Claims, (II) Granting Adequate filed by Debtor Pretium Packaging, L.L.C., 19 Motion re: Debtors' Motion for Entry of an Order (I) Scheduling a Combined Disclosure Statement Approval and Plan Confirmation Hearing, (II) Approving Related Dates, Deadlines, Notices, and Procedures, (III) Approving the Solicitation Procedures an filed by Debtor Pretium Packaging, L.L.C.) Service of notice of the entry of this order pursuant to Rule 9022 was made on the appropriate parties. See BNC Certificate of Notice. Signed on 1/29/2026. Hearing scheduled for 1/30/2026 at 10:00 AM, Zoom-Judge Gravelle: join.zoom.us Meeting ID 161 864 0151, Passcode 069541, or call 1-646-828-7666. (rms) (Entered: 01/29/2026)",Shorten Time,True,3,recap/gov.uscourts.njb.1137296/gov.uscourts.njb.1137296.22.0.pdf,https://www.courtlistener.com/docket/72201990/22/pretium-packaging-llc/,https://www.courtlistener.com/docket/72201990/pretium-packaging-llc/,"UNITED STATES BANKRUPTCY COURT DISTRICT OF NEW JERSEY Caption in Compliance with D.N.J. LBR 9004-1(b) Order Filed on January 29, 2026 by Clerk U.S. Bankruptcy Court District of New Jersey"
A_universe,claims agent retention,False,njb,Rite Aid Corporation,23-18993,2023-10-15,67883424,417119144,2023-10-16,104,,claims_agent,order,debtor,,"Minute of Hearing Held, OUTCOME: Granted; Order to be Submitted (related document: 11 Motion for an Order Authorizing Debtor to Retain a Claims and Noticing Agent Filed by Michael D. Sirota on behalf of Rite Aid Corporation. Filed by Debtor Rite Aid Corporation) (km) (Entered: 10/17/2023)",Hearing Held,False,,,https://www.courtlistener.com/docket/67883424/104/rite-aid-corporation/,https://www.courtlistener.com/docket/67883424/rite-aid-corporation/,
A_universe,claims agent retention,True,njb,SIMAD Holdings Ltd.,26-16388,2026-06-04,73443160,482879693,2026-06-16,,,claims_agent,order,debtor,,"Hearing Rescheduled from 6/16/2026 (related document:53 Motion for an Order Authorizing Debtor to Retain a Claims and Noticing Agent Filed by Michael D. Sirota on behalf of SIMAD Holdings Ltd... Filed by Debtor SIMAD Holdings Ltd.) Hearing scheduled for 06/17/2026 at 01:00 PM, Zoom-Judge Gravelle: join.zoom.us Meeting ID 161 864 0151, Passcode 069541, or call 1-646-828-7666. (hwn)",,False,,,https://www.courtlistener.com,https://www.courtlistener.com/docket/73443160/simad-holdings-ltd/,
A_universe,claims agent retention,True,njb,SIMAD Holdings Ltd.,26-16388,2026-06-04,73443160,482845676,2026-06-16,92,,claims_agent,retention_application,debtor,,"Notice of Adjournment: Please be advised that all matters scheduled for 6/16 at 11 am have been ADJOURNED to 6/17 at 1 pm. Determination of Adjournment Request Granted. Hearing will be adjourned to 6/17/2026 at 1:00 pm. The hearing date is Not Peremptory. (related document:53 Motion to Retain Claims and Noticing Agent filed by Debtor SIMAD Holdings Ltd., 54 Motion to Extend Time filed by Debtor SIMAD Holdings Ltd., 55 Motion (Generic) filed by Debtor SIMAD Holdings Ltd., 56 Motion (Generic) filed by Debtor SIMAD Holdings Ltd., 57 Motion (Generic) filed by Debtor SIMAD Holdings Ltd., 58 Motion (Generic) filed by Debtor SIMAD Holdings Ltd., 59 Motion (Generic) filed by Debtor SIMAD Holdings Ltd., 60 Motion (Generic) filed by Debtor SIMAD Holdings Ltd., 61 Motion (Generic) filed by Debtor SIMAD Holdings Ltd.) (hwn)Modified on 6/16/2026 (hwn). (Entered: 06/16/2026)",Determination of Adjournment Request,False,,,https://www.courtlistener.com/docket/73443160/92/simad-holdings-ltd/,https://www.courtlistener.com/docket/73443160/simad-holdings-ltd/,
A_universe,claims agent retention,True,njb,SIMAD Holdings Ltd.,26-16388,2026-06-04,73443160,482879698,2026-06-16,93,,claims_agent,retention_application,debtor,,"Determination of Adjournment Request Granted. Hearing will be adjourned to 6/17/26 at 1:00 PM. The hearing date is Not Peremptory. (related document:53 Motion to Retain Claims and Noticing Agent filed by Debtor SIMAD Holdings Ltd., 54 Motion to Extend Time filed by Debtor SIMAD Holdings Ltd., 55 Motion (Generic) filed by Debtor SIMAD Holdings Ltd., 56 Motion (Generic) filed by Debtor SIMAD Holdings Ltd., 57 Motion (Generic) filed by Debtor SIMAD Holdings Ltd., 58 Motion (Generic) filed by Debtor SIMAD Holdings Ltd., 59 Motion (Generic) filed by Debtor SIMAD Holdings Ltd., 60 Motion (Generic) filed by Debtor SIMAD Holdings Ltd., 61 Motion (Generic) filed by Debtor SIMAD Holdings Ltd.) (dmi) (Entered: 06/16/2026)",Determination of Adjournment Request,False,,,https://www.courtlistener.com/docket/73443160/93/simad-holdings-ltd/,https://www.courtlistener.com/docket/73443160/simad-holdings-ltd/,
A_universe,claims agent retention,True,njb,"STG Logistics, Inc.",26-10258,2026-01-12,72130479,465189534,2026-01-13,,,claims_agent,order,debtor,,"Minute of Hearing Held, OUTCOME: Granted (related document:15 Motion for an Order Authorizing Debtor to Retain a Claims and Noticing Agent Filed by Michael D. Sirota on behalf of STG Logistics, Inc. Filed by Debtor STG Logistics, Inc.) (car)",,False,,,https://www.courtlistener.com,https://www.courtlistener.com/docket/72130479/stg-logistics-inc/,
A_universe,claims agent retention,True,njb,"STG Logistics, Inc.",26-10258,2026-01-12,72130479,464819135,2026-01-12,15,,claims_agent,order,debtor,,"Motion for an Order Authorizing Debtor to Retain a Claims and Noticing Agent Filed by Michael D. Sirota on behalf of STG Logistics, Inc... (Sirota, Michael) (Entered: 01/12/2026)",Retain Claims and Noticing Agent,False,,,https://www.courtlistener.com/docket/72130479/15/stg-logistics-inc/,https://www.courtlistener.com/docket/72130479/stg-logistics-inc/,
A_universe,claims agent retention,True,njb,"STG Logistics, Inc.",26-10258,2026-01-12,72130479,464833684,2026-01-12,22,,claims_agent,retention_application,debtor,,"Application for Expedited Consideration of First Day Matters (related document:1 Voluntary Petition (Chapter 11) filed by Debtor STG Logistics, Inc., 4 Application for Designation as a Chapter 11 Complex Case filed by Debtor STG Logistics, Inc., 5 Motion for Joint Administration - Multi-Case, 7 Motion (Generic) filed by Debtor STG Logistics, Inc., 8 Motion (Generic) filed by Debtor STG Logistics, Inc., 9 Motion (Generic) filed by Debtor STG Logistics, Inc., 10 Motion (Generic) filed by Debtor STG Logistics, Inc., 11 Motion (Generic) filed by Debtor STG Logistics, Inc., 12 Motion (Generic) filed by Debtor STG Logistics, Inc., 13 Motion (Generic) filed by Debtor STG Logistics, Inc., 14 Motion (Generic) filed by Debtor STG Logistics, Inc., 15 Motion to Retain Claims and Noticing Agent filed by Debtor STG Logistics, Inc., 16 Motion (Generic) filed by Debtor STG Logistics, Inc., 17 Motion (Generic) filed by Debtor STG Logistics, Inc., 18 Motion to Extend Time filed by Debtor STG Logistics, Inc., 19 Motion (Generic) filed by Debtor STG Logistics, Inc., 20 Support filed by Debtor STG Logistics, Inc., 21 Support filed by Debtor STG Logistics, Inc.) Filed by Michael D. Sirota on behalf of STG Logistics, Inc.. (Sirota, Michael) (Entered: 01/12/2026)",Expedited Consideration of First Day Matters (For Ch. 11 Cases Only),False,,,https://www.courtlistener.com/docket/72130479/22/stg-logistics-inc/,https://www.courtlistener.com/docket/72130479/stg-logistics-inc/,
A_universe,claims agent retention,True,njb,"Uniroyal Holding, Inc.",26-18668,2026-07-31,73702950,488317395,2026-07-31,10,,claims_agent,order,debtor,,"Motion for an Order Authorizing Debtor to Retain a Claims and Noticing Agent Filed by Morris S. Bauer on behalf of Uniroyal Holding, Inc... (Attachments: # 1 Proposed Order # 2 Deutch Declaration) (Bauer, Morris) (Entered: 07/31/2026)",Retain Claims and Noticing Agent,False,,,https://www.courtlistener.com/docket/73702950/10/uniroyal-holding-inc/,https://www.courtlistener.com/docket/73702950/uniroyal-holding-inc/,
A_universe,claims agent retention,True,njb,"Uniroyal Holding, Inc.",26-18668,2026-07-31,73702950,488317396,2026-07-31,11,,claims_agent,retention_application,debtor,,"Application for Expedited Consideration of First Day Matters (related document:3 Motion for Joint Administration filed by Debtor Uniroyal Holding, Inc., 4 Application for Designation as a Chapter 11 Complex Case filed by Debtor Uniroyal Holding, Inc., 7 Motion Establishing Noticing Procedure filed by Debtor Uniroyal Holding, Inc., 8 Motion (Generic) filed by Debtor Uniroyal Holding, Inc., 9 Motion (Generic) filed by Debtor Uniroyal Holding, Inc., 10 Motion to Retain Claims and Noticing Agent filed by Debtor Uniroyal Holding, Inc.) Filed by Morris S. Bauer on behalf of Uniroyal Holding, Inc.. (Attachments: # 1 Proposed Order) (Bauer, Morris) (Entered: 07/31/2026)",Expedited Consideration of First Day Matters (For Ch. 11 Cases Only),False,,,https://www.courtlistener.com/docket/73702950/11/uniroyal-holding-inc/,https://www.courtlistener.com/docket/73702950/uniroyal-holding-inc/,
A_universe,claims agent retention,True,njb,"Uniroyal Holding, Inc.",26-18668,2026-07-31,73702950,488327764,2026-07-31,14,,claims_agent,order,debtor,"a Claims and Noticing Agent filed by Debtor Uniroyal Holding, Inc., 11 Applicati","ORDER REGARDING DEBTORS APPLICATION FOR EXPEDITED CONSIDERATION OF FIRST DAY MATTERS (related document:3 Motion for Joint Administration for the following cases: 26-18668, 26-18671 filed by Debtor Uniroyal Holding, Inc., 4 Application for Designation as a Chapter 11 Complex Case filed by Debtor Uniroyal Holding, Inc., 7 Motion for an Order Establishing Noticing Procedure filed by Debtor Uniroyal Holding, Inc., 8 Motion re: Debtors Motion For Entry Of Interim And Final Orders (I) Authorizing The Debtors To (A) Pay And Honor Certain Prepetition Wages, Benefits, And Other Obligations And (B) Continue To Pay And Honor Workforce Obligations And (II) Granting Related filed by Debtor Uniroyal Holding, Inc., 9 Motion re: Debtors Motion For Entry Of Interim And Final Orders (I) Authorizing The Debtors To (A) Continue To Use Their Cash Management Accounts And Maintain Existing Business Forms And (B) Honor Certain Related Prepetition Obligations And (II) Grantin filed by Debtor Uniroyal Holding, Inc., 10 Motion for an Order Authorizing Debtor to Retain a Claims and Noticing Agent filed by Debtor Uniroyal Holding, Inc., 11 Application for Expedited Consideration of First Day Matters (related document:3 Motion for Joint Administration filed by Debtor Uniroyal Holding, Inc., 4 Application for Designation as a Chapter 11 Complex Case filed by Debtor Uniroyal Holding, filed by Debtor Uniroyal Holding, Inc.) Service of notice of the entry of this order pursuant to Rule 9022 was made on the appropriate parties. See BNC Certificate of Notice. Signed on 7/31/2026. Hearing scheduled for 8/3/2026 at 01:00 PM, MBK - Courtroom 8, Trenton. (wiq) (Entered: 07/31/2026)",Shorten Time,False,,,https://www.courtlistener.com/docket/73702950/14/uniroyal-holding-inc/,https://www.courtlistener.com/docket/73702950/uniroyal-holding-inc/,
A_universe,claims agent retention,True,njb,"United Site Services of Texas, Inc.",25-23647,2025-12-29,72082023,477852305,2026-04-20,,,claims_agent,other,unknown,,Bankruptcy Case Closed. The claims agent follow up deadline is 5/20/2026. (pbf),,False,,,https://www.courtlistener.com,https://www.courtlistener.com/docket/72082023/united-site-services-of-texas-inc/,
A_universe,claims agent retention,True,njb,"United Site Services, Inc.",25-23630,2025-12-29,72081992,476392876,2026-04-20,,,claims_agent,other,unknown,,Bankruptcy Case Closed. The claims agent follow up deadline is 5/20/2026. (pbf),Close Bankruptcy Case,False,,,https://www.courtlistener.com,https://www.courtlistener.com/docket/72081992/united-site-services-inc/,
A_universe,claims agent retention,True,njb,"United Site Services, Inc.",25-23630,2025-12-29,72081992,463351956,2025-12-29,22,,claims_agent,order,debtor,,"Motion for an Order Authorizing Debtor to Retain a Claims and Noticing Agent Filed by Michael D. Sirota on behalf of United Site Services, Inc... (Sirota, Michael) (Entered: 12/29/2025)",Retain Claims and Noticing Agent,False,,,https://www.courtlistener.com/docket/72081992/22/united-site-services-inc/,https://www.courtlistener.com/docket/72081992/united-site-services-inc/,
A_universe,claims agent retention,True,njb,"United Site Services, Inc.",25-23630,2025-12-29,72081992,463883305,2025-12-31,86,,claims_agent,retention_application,debtor,,"Transcript regarding Hearing Held 12/30/25 (related document:3 Motion for Joint Administration filed by Debtor United Site Services, Inc., 4 Application for Designation as a Chapter 11 Complex Case filed by Debtor United Site Services, Inc., 5 Motion (Generic) filed by Debtor United Site Services, Inc., 6 Motion (Generic) filed by Debtor United Site Services, Inc., 7 Motion (Generic) filed by Debtor United Site Services, Inc., 8 Motion (Generic) filed by Debtor United Site Services, Inc., 9 Motion (Generic) filed by Debtor United Site Services, Inc., 10 Motion (Generic) filed by Debtor United Site Services, Inc., 11 Motion (Generic) filed by Debtor United Site Services, Inc., 12 Motion (Generic) filed by Debtor United Site Services, Inc., 13 Motion (Generic) filed by Debtor United Site Services, Inc., 18 Motion (Generic) filed by Debtor United Site Services, Inc., 22 Motion to Retain Claims and Noticing Agent filed by Debtor United Site Services, Inc.). The transcript may be viewed at the Bankruptcy Court Clerk's Office. For information about how to contact the transcriber, call the Clerk's Office. Notice of Intent to Request Redaction Deadline Due By 1/7/2026. List of Items to be Redacted Due By 01/21/2026. Redacted Transcript Submission Due By 02/2/2026. Remote electronic access to the transcript will be restricted through 03/31/2026. (J&J Court Transcribers) (Entered: 12/31/2025)",,False,,,https://www.courtlistener.com/docket/72081992/86/united-site-services-inc/,https://www.courtlistener.com/docket/72081992/united-site-services-inc/,
A_universe,claims agent retention,True,nysb,382 Channel Drive LLC,25-10694,2025-04-09,69865944,435890547,2025-04-09,6,,claims_agent,retention_application,unknown,,"Motion to Appoint Omni Agent Solutions, Inc. as Claims and Noticing Agent filed by Stephanie R Sweeney on behalf of Publishers Clearing House LLC. (Attachments: # 1 Exhibit A - Proposed Order # 2 Exhibit B - Declaration # 3 Exhibit C - Services Agreement) (Sweeney, Stephanie) (Entered: 04/09/2025)","Motion, Appoint Claims and Noticing Agent",False,,,https://www.courtlistener.com/docket/69865944/6/publishers-clearing-house-llc/,https://www.courtlistener.com/docket/69865944/382-channel-drive-llc/,
A_universe,claims agent retention,True,nysb,382 Channel Drive LLC,25-10694,2025-04-09,69865944,436760977,2025-04-17,33,,claims_agent,retention_application,debtor,"Omni Agent Solutions, Inc","Application to Employ Omni Agent Solutions, Inc. as Claims and Noticing Agent for Debtor and Debtor-in- Possession filed by Stephanie R Sweeney on behalf of Publishers Clearing House LLC Responses due by 5/9/2025,. (Attachments: # 1 Exhibit A - Proposed Order # 2 Exhibit B - Deutch Declaration # 3 Exhibit C - Engagement Agreement) (Sweeney, Stephanie) (Entered: 04/17/2025)","Application, Employ",False,,,https://www.courtlistener.com/docket/69865944/33/publishers-clearing-house-llc/,https://www.courtlistener.com/docket/69865944/382-channel-drive-llc/,
A_universe,claims agent retention,True,nysb,382 Channel Drive LLC,25-10694,2025-04-09,69865944,438852428,2025-05-07,69,,claims_agent,order,debtor,"and Retention of Klestadt Winters Jureller Southard & Stevens, LLP","Affidavit of Service re: Debtors Application for an Order Authorizing the Employment and Retention of Klestadt Winters Jureller Southard & Stevens, LLP as Attorneys for the Debtor and Debtor-In-Possession Nunc Pro Tunc to the Petition Date [Docket No. 32], Debtors Application Pursuant to 28 U.S.C. § 156(c), 11 U.S.C. § 503(b)(1)(a), and Local Rule 5075-1 for Authority to Retain and Employ Omni Agent Solutions, Inc. as Claims and Noticing Agent Effective as of the Petition Date [Docket No. 33], Debtors Motion Authorizing the Retention and Compensation of Professionals Utilized in the Ordinary Course of Business [Docket No. 34], Debtors Motion for Entry of an Order Establishing Procedures for Interim Compensation and Reimbursement of Expenses of Professionals [Docket No. 35], Debtors First Omnibus Motion for Entry of an Order (I) Authorizing (A) the Rejection of Certain Unexpired Leases for Non-Residential Real Property as of the Petition Date, and (B) Abandonment of Any Personal Property Related Thereto, and (II) Granting Related Relief [Docket No. 36], Debtors Application for an Order Authorizing the Retention and Employment of Omni Agent Solutions, Inc. as Administrative Agent for the Debtor and Debtor in Possession Pursuant to 11 U.S.C. § 327(a) Effective as of the Petition Date [Docket No. 37], Debtors Motion for an Order Authorizing (I) the Retention and Employment of Getzler Henrich & Associates LLC, to Provide Restructuring Management Services, and (II) the Designation of William H. Henrich and Laurence Sax as Co-Chief Restructuring Officers to the Debtor, Effective as of the Petition Date [Docket No. 43], Debtors Motion for Entry of an Order Implementing Certain Notice and Case Management Procedures [Docket No. 54], Debtors Omnibus Motion for Entry of an Order, Pursuant to 11 U.S.C. § 365(a), Authorizing the Rejection of Certain Executory Contracts as of the Petition Date [Docket No. 55], Debtors Application for an Order Authorizing the Employment and Retention of SSG Advisors, LLC, as Investment Banker to the Debtor and Debtor-in-Possession Nunc Pro Tunc to the Petition Date [Docket No. 56], and Joint Notice of Hearing [Docket No. 57] (related document(s)55, 43, 35, 36, 33, 56, 57, 54, 37, 34, 32) filed by Omni Agent Solutions, Inc..(Lowry, Randy) (Entered: 05/07/2025)",Affidavit of Service,False,,,https://www.courtlistener.com/docket/69865944/69/publishers-clearing-house-llc/,https://www.courtlistener.com/docket/69865944/382-channel-drive-llc/,
A_universe,claims agent retention,True,nysb,Air Baltic Corporation AS,26-12188,2026-09-14,74784512,493432818,2026-09-14,9,,claims_agent,retention_application,debtor,,"Motion to Appoint / Debtors' Application for Entry of an Order (i) Authorizing and Approving Appointment of Epiq Corporate Restructuring, LLC as Claims and Noticing Agent for the Debtors Nunc Pro Tunc to the Petition Date and (ii) Granting Related Relief filed by Evan R. Fleck on behalf of Air Baltic Corporation AS. (Fleck, Evan) (Entered: 09/14/2026)",Motion to Appoint,False,,,https://www.courtlistener.com/docket/74784512/9/air-baltic-corporation-as/,https://www.courtlistener.com/docket/74784512/air-baltic-corporation-as/,
A_universe,claims agent retention,True,nysb,Air Baltic Corporation AS,26-12188,2026-09-14,74784512,493579315,2026-09-14,24,,claims_agent,other,unknown,,"Certificate of Mailing of Claims Agent by Amy Henault (related document(s)2, 5, 13, 12, 7, 11, 8, 6, 15, 14, 3, 20, 9, 4, 16, 10) filed by EPIQ CORPORATE RESTRUCTURING.(Garabato, Sid) (Entered: 09/14/2026)",Certificate of Mailing of Claims Agent,False,,,https://www.courtlistener.com/docket/74784512/24/air-baltic-corporation-as/,https://www.courtlistener.com/docket/74784512/air-baltic-corporation-as/,
A_universe,claims agent retention,True,nysb,Air Baltic Corporation AS,26-12188,2026-09-14,74784512,493913152,2026-09-16,39,,claims_agent,order,debtor,,"Order Signed On 9/16/2026. Re: (A) Authorizing And Approving The Appointment Of Epiq Corporate Restructuring, LLC As Claims And Noticing Agent To The Debtors Nunc Pro Tunc To The Petition Date And (B) Granting Related Relief (Related Doc # 9) . (Barrett, Chantel) (Entered: 09/16/2026)","Motion, Appoint",False,,,https://www.courtlistener.com/docket/74784512/39/air-baltic-corporation-as/,https://www.courtlistener.com/docket/74784512/air-baltic-corporation-as/,
A_universe,claims agent retention,True,nysb,Azul S.A.,25-11176,2025-05-28,70386277,440844199,2025-05-28,4,,claims_agent,retention_application,debtor,,"Application to Appoint / Application of the Debtors Seeking Entry of an Order (I) Authorizing and Approving the Appointment of Stretto, Inc. as Claims and Noticing Agent and (II) Granting Related Relief filed by Timothy E. Graulich on behalf of Azul S.A.. (Graulich, Timothy) (Entered: 05/28/2025)","Application, Appoint",False,,,https://www.courtlistener.com/docket/70386277/4/azul-sa/,https://www.courtlistener.com/docket/70386277/azul-sa/,
A_universe,claims agent retention,True,nysb,Azul S.A.,25-11176,2025-05-28,70386277,440989680,2025-05-29,39,,claims_agent,rule_2014_declaration,debtor,,"Affidavit of Service re: Motion of the Debtors for Entry of an Order (I) Directing Joint Administration of Chapter 11 Cases and (II) Granting Related Relief (Docket No. 2), Motion of the Debtors for Entry of a Standing Order Confirming the Statutory Protections of the Bankruptcy Code (Docket No. 3), Application of the Debtors Seeking Entry of an Order (I) Authorizing and Approving the Appointment of Stretto, Inc. as Claims and Noticing Agent and (II) Granting Related Relief (Docket No. 4), Motion of the Debtors for Entry of an Order (I) Waiving the Requirement to File a List of Equity Security Holders, (II) Waiving the Requirement that the Debtors File a List of Creditors and Authorizing a Consolidated List of Creditors in Lieu of Submitting a Formatted Mailing Matrix, (III) Authorizing Parties to Redact Personal Identifying Information, and (IV) Approving the Form and Manner of Notifying Creditors of the Commencement of the Chapter 11 Cases and Other Information (Docket No. 5), Motion of the Debtors for Entry of an Order Extending the Time to File Schedules and Statements of Financial Affairs (Docket No. 6), Declaration of Fabio Barros Franco de Campos in Support of the Chapter 11 Proceedings and First Day Pleadings (Docket No. 8), Declaration of Giuliano Colombo in Support of the Chapter 11 Proceedings and First Day Pleadings (Docket No. 9), Motion of Debtors for Entry of Interim and Final Orders, Pursuant to 11 U.S.C. §§ 105, 361, 362, 363, 364, 503, 506, 507, and 552, (A) Authorizing Debtors to Obtain Senior Secured Superpriority Postpetition Financing, (B) Authorizing Debtors to Use Cash Collateral, (C) Granting Liens and Providing Claims with Superpriority Administrative Expense Status, (D) Granting Adequate Protection to Prepetition Secured Parties, (E) Modifying the Automatic Stay, (F) Scheduling a Final Hearing and (G) Granting Related Relief (Docket No. 10), Motion of the Debtors for Entry of Interim and Final Orders Authorizing (I) the Debtors to Honor Prepetition Obligations to Customers and Otherwise Continue Customer Practices and (II) Financial Institutions to Honor and Process Related Checks and Transfers (Docket No. 11), Motion of the Debtors for Entry of Interim and Final Orders Authorizing (I) the Debtors to (A) Continue and Renew Their Liability, Property, Casualty, Surety Bond, and Other Corporate Insurance Programs, and Honor All Obligations in Respect Thereof and (B) Enter into New Premium Financing Agreements and (II) Financial Institutions to Honor and Process Related Checks and Transfers (Docket No. 12), Motion of the Debtors Pursuant to Sections 105(a) and 546(c) of the Bankruptcy Code for Approval of Procedures for the Treatment of Reclamation Claims (Docket No. 13), Motion of the Debtors for Entry of Interim and Final Orders Authorizing (I) the Debtors to (A) Honor Prepetition Employee Obligations and (B) Maintain Employee Benefits Programs and Pay Related Administrative Obligations, (II) Current and Former Employees to Proceed with Outstanding Workers Compensation Claims, and (III) Financial Institutions to Honor and Process Related Checks and Transfers (Docket No. 14), Motion of the Debtors for Entry of An Order (I) Prohibiting Utilities from Altering, Refusing, or Discontinuing Services, (II) Deeming Utilities Adequately Assured of Future Performance, and (III) Establishing Procedures for Determining Requests for Additional Adequate Assurance (Docket No. 15), Motion of the Debtors for Entry of Interim and Final Orders (I) Authorizing (A) the Debtors to Maintain Their Existing Cash Management System, Bank Accounts, Factoring Agreements, and Business Forms, (B) the Debtors to Open and Close Bank Accounts, and (C) Financial Institutions to Administer the Bank Accounts and Honor and Process Related Checks and Transfers, (II) Waiving Deposit and Investment Requirements, and (III) Allowing Intercompany Transactions and Affording Administrative Expense Priority to Post-Petition Intercompany Claims (Docket No. 16), Motion of the Debtors for Entry of Interim and Final Orders (I) Authorizing the Debtors to Satisfy Critical Airline Obligations, (II) Modifying the Automatic Stay, and (III) Authorizing Financial Institutions to Honor and Process Related Checks and Transfers (Docket No. 19), Motion of the Debtors for Entry of Interim and Final Orders Authorizing (I) the Debtors to Pay Certain Prepetition Taxes, Governmental Assessments, and Fees and (II) Financial Institutions to Honor and Process Related Checks and Transfers (Docket No. 20), Motion of the Debtors for Entry of Interim and Final Orders Implementing Certain Notice and Case Management Procedures (Docket No. 24), Motion of the Debtors for Entry of Interim and Final Orders (I) Authorizing the Debtors to (A) Enter Into, Terminate, and Continue Performance Under Derivative Contracts and (B) Enter Into and Perform Ancillary Transactions Related Thereto and (II) Granting Related Relief (Docket No. 26), Motion of the Debtors for Entry of An Order (I) Authorizing the Debtors to Reject Certain Aircraft and Engine Leases and (II) Approving the Equipment Return Procedures (Docket No. 27), Motion of the Debtors for Entry of Interim and Final Orders (I) Authorizing the Debtors to Satisfy Certain Prepetition Trade Claims in the Ordinary Course of Business, (II) Authorizing Financial Institutions to Honor and Process Related Checks and Transfers, and (III) Granting Related Relief (Docket No. 28), Motion of the Debtors for Entry of Interim and Final Orders (I) Authorizing the Debtors to Satisfy and Continue Performance in Connection with Certain Lien, Government Backed Financing, and Litigation Claims, (II) Authorizing Financial Institutions to Honor and Process Related Checks and Transfers, and (III) Granting Related Relief (Docket No. 34), Notice of Commencement of Chapter 11 Cases and Hearing on First Day Motions (Docket No. 35), Revised Notice of Commencement of Chapter 11 Cases and Hearing on First Day Motions (Docket No. 37) (related document(s)28, 2, 24, 12, 34, 6, 27, 26, 20, 8, 13, 35, 9, 10, 15, 19, 11, 4, 5, 3, 16, 14, 37) filed by Stretto, Inc.(Klamser, Robert) (Entered: 05/29/2025)",Affidavit of Service,False,,,https://www.courtlistener.com/docket/70386277/39/azul-sa/,https://www.courtlistener.com/docket/70386277/azul-sa/,
A_universe,claims agent retention,True,nysb,Azul S.A.,25-11176,2025-05-28,70386277,441209043,2025-05-30,56,,claims_agent,order,unknown,,"Order Signed On 5/30/2025, (I) Authorizing And Approving The Appointment Of Stretto, Inc. As Claims And Noticing Agent And (II) Granting Related Relief (Related Doc # 4) (Ebanks, Liza) (Entered: 05/30/2025)","Order RE: Application, Appoint",False,,,https://www.courtlistener.com/docket/70386277/56/azul-sa/,https://www.courtlistener.com/docket/70386277/azul-sa/,
A_universe,claims agent retention,True,nysb,"Broadway Realty I Co., LLC",25-11050,2025-05-21,70335865,441710419,2025-06-04,18,,claims_agent,retention_application,debtor,,"Motion to Appoint Stretto, Inc. as Claims and Noticing Agent / Debtors' Application Seeking an Order (I) Authorizing and Approving the Appointment of Stretto, Inc. as Claims and Noticing Agent to The Debtors and (II) Granting Related Relief filed by Gary Holtzer on behalf of Broadway Realty I Co., LLC with hearing to be held on 6/25/2025 at 10:00 AM at Courtroom 701 (DSJ) Objections due by 6/13/2025,. (Holtzer, Gary) (Entered: 06/04/2025)",Motion to Appoint Claims and Noticing Agent,False,,,https://www.courtlistener.com/docket/70335865/18/broadway-realty-i-co-llc/,https://www.courtlistener.com/docket/70335865/broadway-realty-i-co-llc/,
A_universe,claims agent retention,True,nysb,"Broadway Realty I Co., LLC",25-11050,2025-05-21,70335865,445647138,2025-07-14,247,,claims_agent,order,debtor,,"Order Signed on 7/14/2025 (I) Authorizing and Approving the Appointment of Stretto, Inc. as Claims and Noticing Agent to the Debtors and (II) Granting Related Relief. (Related Doc # 24) (Calderon, Lynda) (Entered: 07/14/2025)","Order on Motion, Appoint Claims and Noticing Agent",False,,,https://www.courtlistener.com/docket/70335865/247/broadway-realty-i-co-llc/,https://www.courtlistener.com/docket/70335865/broadway-realty-i-co-llc/,
A_universe,claims agent retention,True,nysb,"Broadway Realty I Co., LLC",25-11050,2025-05-21,70335865,446094808,2025-07-17,252,,claims_agent,rule_2014_declaration,debtor,"and Retention of Stretto, Inc","Affidavit of Service re: Order (I) Authorizing and Approving the Appointment of Stretto, Inc. as Claims and Noticing Agent to the Debtors and (II) Granting Related Relief (Docket No. 247), Order (I) Authorizing the Employment and Retention of Stretto, Inc. as Administrative Advisor for the Debtors Effective as of the Petition Date and (II) Granting Related Relief (Docket No. 248) (related document(s)248, 247) filed by Stretto, Inc.(Klamser, Robert) (Entered: 07/17/2025)",Affidavit of Service,False,,,https://www.courtlistener.com/docket/70335865/252/broadway-realty-i-co-llc/,https://www.courtlistener.com/docket/70335865/broadway-realty-i-co-llc/,
A_universe,claims agent retention,True,nysb,"Cold Spring Acquisition, LLC",25-22002,2025-01-02,69512812,426460581,2025-01-08,27,,claims_agent,retention_application,unknown,,"Motion to Appoint Omni Agent Solutions, Inc. as Claims and Noticing Agent filed by Schuyler Carroll on behalf of Cold Spring Acquisition, LLC. (Carroll, Schuyler) (Entered: 01/08/2025)",Motion to Appoint Claims and Noticing Agent,False,,,https://www.courtlistener.com/docket/69512812/27/cold-spring-acquisition-llc/,https://www.courtlistener.com/docket/69512812/cold-spring-acquisition-llc/,
A_universe,claims agent retention,True,nysb,"Cold Spring Acquisition, LLC",25-22002,2025-01-02,69512812,432669957,2025-03-10,211,,claims_agent,rule_2014_declaration,unknown,,"Affidavit of Service re: Notice of Hearing [Docket No. 205] (related document(s)205) filed by Omni Agent Solutions Claims Agent.(Lowry, Randy) (Entered: 03/10/2025)",Affidavit of Service,False,,,https://www.courtlistener.com/docket/69512812/211/cold-spring-acquisition-llc/,https://www.courtlistener.com/docket/69512812/cold-spring-acquisition-llc/,
A_universe,claims agent retention,True,nysb,"Cold Spring Acquisition, LLC",25-22002,2025-01-02,69512812,442666529,2025-06-13,345,,claims_agent,rule_2014_declaration,unknown,,"Affidavit of Service re: Supplemental Certification of Leslie A. Berkoff with Respect to the First Interim Application of Examiner and Moritt Hock & Hamroff LLP, as Counsel to the Examiner, for Allowance of Compensation and Reimbursement of Disbursements Pursuant to 11 U.S.C. §§ 330 and 331, Effective as of February 21, 2025 [Docket No. 338] (related document(s)338) filed by Omni Agent Solutions Claims Agent.(Lowry, Randy) (Entered: 06/13/2025)",Affidavit of Service,False,,,https://www.courtlistener.com/docket/69512812/345/cold-spring-acquisition-llc/,https://www.courtlistener.com/docket/69512812/cold-spring-acquisition-llc/,
A_universe,claims agent retention,True,nysb,Levy Ventures LLC,25-22182,2025-03-05,69708999,444380354,2025-06-05,,,claims_agent,other,unknown,,"Receipt of Transfer Agreement FRBP 3001(e) (NON CLAIMS AGENT CASES)( 25-22182-shl) [claims,740] ( 28.00) Filing Fee. Receipt number A17100123. Fee amount 28.00. (Re: Doc # 99) (U.S. Treasury)",,False,,,https://www.courtlistener.com,https://www.courtlistener.com/docket/69708999/levy-ventures-llc/,
A_universe,claims agent retention,True,nysb,Levy Ventures LLC,25-22182,2025-03-05,69708999,444380352,2025-06-05,,,claims_agent,other,unknown,,"Receipt of Transfer Agreement FRBP 3001(e) (NON CLAIMS AGENT CASES)( 25-22182-shl) [claims,740] ( 28.00) Filing Fee. Receipt number A17100104. Fee amount 28.00. (Re: Doc # 97) (U.S. Treasury)",,False,,,https://www.courtlistener.com,https://www.courtlistener.com/docket/69708999/levy-ventures-llc/,
A_universe,claims agent retention,True,nysb,Levy Ventures LLC,25-22182,2025-03-05,69708999,444380353,2025-06-05,,,claims_agent,other,unknown,,"Receipt of Transfer Agreement FRBP 3001(e) (NON CLAIMS AGENT CASES)( 25-22182-shl) [claims,740] ( 28.00) Filing Fee. Receipt number A17100116. Fee amount 28.00. (Re: Doc # 98) (U.S. Treasury)",,False,,,https://www.courtlistener.com,https://www.courtlistener.com/docket/69708999/levy-ventures-llc/,
A_universe,claims agent retention,True,nysb,S.M.F. Group Inc.,26-11893,2026-08-09,73739612,493782765,2026-09-16,170,,claims_agent,other,unknown,,"Certificate of Mailing of Claims Agent (related document(s)114) filed by Epiq Corporate Restructuring, LLC.(Garabato, Sid) (Entered: 09/16/2026)",Certificate of Mailing of Claims Agent,False,,,https://www.courtlistener.com/docket/73739612/170/smf-group-inc/,https://www.courtlistener.com/docket/73739612/smf-group-inc/,
A_universe,claims agent retention,True,nysb,S.M.F. Group Inc.,26-11893,2026-08-09,73739612,494106058,2026-09-18,183,,claims_agent,other,unknown,,"Certificate of Mailing of Claims Agent (related document(s)171, 173) filed by Epiq Corporate Restructuring, LLC.(Garabato, Sid) (Entered: 09/18/2026)",Certificate of Mailing of Claims Agent,False,,,https://www.courtlistener.com/docket/73739612/183/smf-group-inc/,https://www.courtlistener.com/docket/73739612/smf-group-inc/,
A_universe,claims agent retention,True,nysb,S.M.F. Group Inc.,26-11893,2026-08-09,73739612,494378713,2026-09-21,185,,claims_agent,other,unknown,,"Certificate of Mailing of Claims Agent (related document(s)176, 177, 178, 175, 179, 168, 180) filed by Epiq Corporate Restructuring, LLC.(Garabato, Sid) (Entered: 09/21/2026)",Certificate of Mailing of Claims Agent,False,,,https://www.courtlistener.com/docket/73739612/185/smf-group-inc/,https://www.courtlistener.com/docket/73739612/smf-group-inc/,
A_universe,claims agent retention,True,nysb,Sleep Number Corporation,26-11399,2026-06-12,73476260,482478365,2026-06-12,14,,claims_agent,retention_application,debtor,,"Motion to Appoint Kroll Restructuring Administration LLC as Claims and Noticing Agent / Debtors' Application for Appointment of Kroll Restructuring Administration LLC as Claims and Noticing Agent filed by Brian Resnick on behalf of Sleep Number Corporation. (Resnick, Brian) (Entered: 06/12/2026)","Motion, Appoint Claims and Noticing Agent",False,,,https://www.courtlistener.com/docket/73476260/14/sleep-number-corporation/,https://www.courtlistener.com/docket/73476260/sleep-number-corporation/,
A_universe,claims agent retention,True,nysb,Sleep Number Corporation,26-11399,2026-06-12,73476260,482572844,2026-06-12,36,,claims_agent,rule_2014_declaration,debtor,,"Affidavit of Service of Ryan Vyskocil Regarding Motion of the Debtors for Entry of an Order (I) Directing Joint Administration of the Chapter 11 Cases and (II) Granting Related Relief, Declaration of Amy OKeefe in Support of the Chapter 11 Proceedings and First Day Pleadings, Motion of Debtors for Entry of Interim and Final Orders, Pursuant to 11 U.S.C. §§ 105, 361, 362, 363, 364, 503, 506, 507, and 552 (I) Authorizing the Debtors to (A) Obtain Senior Secured Superpriority Postpetition Financing and (B) Use Cash Collateral, (II) Granting Liens and Providing Claims With Superpriority Administrative Expense Status, (III) Granting Adequate Protection to the Prepetition Secured Parties, (IV) Modifying the Automatic Stay, (V) Scheduling a Final Hearing, and (VI) Granting Related Relief, Motion of the Debtors for Entry of Interim and Final Orders Authorizing (I) the Debtors to (A) Honor Prepetition Employee Obligations and Director Obligations and (B) Maintain Employee Benefits Programs and Pay Related Administrative Obligations, (II) Current and Former Employees to Proceed with Outstanding Workers Compensation Claims, and (III) Financial Institutions to Honor and Process Related Checks and Transfers, Motion of the Debtors for Entry of Interim and Final Orders (I) Authorizing the Debtors to Satisfy Prepetition Claims of (A) Critical Vendors, (B) Foreign Vendors, (C) Lien Claimants, and (D) 503(b)(9) Claimants, (II) Confirming Administrative Status of Outstanding Orders, (III) Authorizing Financial Institutions to Honor and Process Related Checks and Transfers, and (IV) Granting Related Relief, Motion of the Debtors for Entry of an Order Implementing Certain Notice and Case Management Procedures, Motion of the Debtors for Entry of Interim and Final Orders (I) Authorizing (A) the Debtors to Maintain Their Existing Cash Management System, Bank Accounts, and Business Forms, (B) the Debtors to Open and Close Bank Accounts, and (C) Financial Institutions to Administer the Bank Accounts and Honor and Process Related Checks and Transfers, (II) Waiving Deposit and Investment Requirements, and (III) Allowing Intercompany Transactions and Affording Administrative Expense Priority to Post-Petition Intercompany Claims, Motion of the Debtors for Entry of Interim and Final Orders Authorizing (I) the Debtors to Honor Prepetition Obligations to Customers and Related Third Parties and Otherwise to Continue Customer Practices and (II) Financial Institutions to Honor and Process Related Checks and Transfers, Motion of the Debtors for Entry of Interim and Final Orders Authorizing (I) the Debtors to Continue and Renew Their Liability, Property, Casualty, Surety Bond, and Other Insurance Programs, and Honor All Obligations in Respect Thereof and (II) Financial Institutions to Honor and Process Related Checks and Transfers, Motion of the Debtors for Entry of Interim and Final Orders Authorizing (I) the Debtors to Pay Certain Prepetition Taxes, Governmental Assessments, and Fees and (II) Financial Institutions to Honor and Process Related Checks and Transfers, Motion of the Debtors for Entry of Interim and Final Orders (I) Establishing Notification and Hearing Procedures for, and Approving Restrictions on, Certain Transfers of and Declarations of Worthlessness with Respect to Interests in the Debtors Estates and (II) Establishing a Record Date for Notice and Sell-Down Procedures for Trading in Claims Against the Debtors Estates, Motion of the Debtors for Entry of an Order (I) Waiving the Requirement to File a List of Equity Security Holders, (II) Waiving the Requirement That Each Debtor File a Separate List of Creditors and Authorizing the Debtors to File a Consolidated List of the Debtors 30 Largest Unsecured Creditors, (III) Authorizing Parties to Redact Personal Identifying Information, and (IV) Approving the Form and Manner of Notifying Creditors of the Commencement of the Chapter 11 Cases and Other Information, Debtors Application for Appointment of Kroll Restructuring Administration LLC as Claims and Noticing Agent, Motion of the Debtors for Entry of an Order Extending the Time to File Schedules and Statements of Financial Affairs, Motion of the Debtors for Entry of a Standing Order Confirming the Statutory Protections of the Bankruptcy Code, Motion of Debtors for Entry of Orders (I) (A) Approving Bidding Procedures for Sale of the Debtors Assets, (B) Approving the Designation of SNBR Inc., an Affiliate of Sleep Country Canada, Inc., as the Stalking Horse Bidder for the Assets, (C) Authorizing and Approving Entry Into the Stalking Horse Asset Purchase Agreement, (D) Approving Bid Protections, (E) Scheduling an Auction for, and Hearing to Approve, the Sale of the Debtors Assets, (F) Approving the Form and Manner of Notices of Sale, Auction, and Sale Hearing, and (G) Approving the Assumption and Assignment Procedures, (II) (A) Approving the Sale of the Debtors Assets Free and Clear of Liens, Claims, Interests, and Encumbrances and (B) Authorizing Assumption and Assignment of Executory Contracts and Unexpired Leases, and (III) Granting Related Relief, Omnibus Motion for an Order (I) Approving the Rejection of Certain Real Property Lease Agreements, (II) Approving the Abandonment of Certain Excess Property, and (III) Granting Related Relief, Motion of the Debtors for Entry of an Order (I) Prohibiting Utilities from Altering, Refusing, or Discontinuing Service, (II) Deeming Utilities Adequately Assured of Future Performance, and (III) Establishing Procedures for Determining Requests for Additional Adequate Assurance, and Notice of Agenda for Hearing on First Day Applications and Motions on June 12, 2026, at 3:00 p.m. (prevailing Eastern Time) (related document(s)9, 7, 13, 14, 5, 4, 15, 10, 16, 3, 6, 2, 11, 12, 17, 18, 8, 19) filed by Kroll Restructuring Administration LLC.(Steele, Benjamin) (Entered: 06/12/2026)",Affidavit of Service,False,,,https://www.courtlistener.com/docket/73476260/36/sleep-number-corporation/,https://www.courtlistener.com/docket/73476260/sleep-number-corporation/,
A_universe,claims agent retention,True,nysb,Sleep Number Corporation,26-11399,2026-06-12,73476260,483807096,2026-06-23,113,,claims_agent,order,debtor,and Appointment of Kroll Restructuring Administration LLC,"Affidavit of Service of Ryan Vyskocil Regarding Omnibus Motion for an Order (I) Approving the Rejection of Certain Real Property Lease Agreements, (II) Approving the Abandonment of Certain Excess Property, and (III) Granting Related Relief, Motion of the Debtors for Entry of an Order (I) Directing Joint Administration of the Chapter 11 Cases and (II) Granting Related Relief, Declaration of Amy OKeefe in Support of the Chapter 11 Proceedings and First Day Pleadings, Motion of Debtors for Entry of Interim and Final Orders, Pursuant to 11 U.S.C. §§ 105, 361, 362, 363, 364, 503, 506, 507, and 552 (I) Authorizing the Debtors to (A) Obtain Senior Secured Superpriority Postpetition Financing and (B) Use Cash Collateral, (II) Granting Liens and Providing Claims With Superpriority Administrative Expense Status, (III) Granting Adequate Protection to the Prepetition Secured Parties, (IV) Modifying the Automatic Stay, (V) Scheduling a Final Hearing, and (VI) Granting Related Relief, Motion of the Debtors for Entry of Interim and Final Orders Authorizing (I) the Debtors to (A) Honor Prepetition Employee Obligations and Director Obligations and (B) Maintain Employee Benefits Programs and Pay Related Administrative Obligations, (II) Current and Former Employees to Proceed with Outstanding Workers Compensation Claims, and (III) Financial Institutions to Honor and Process Related Checks and Transfers, Motion of the Debtors for Entry of Interim and Final Orders (I) Authorizing the Debtors to Satisfy Prepetition Claims of (A) Critical Vendors, (B) Foreign Vendors, (C) Lien Claimants, and (D) 503(b)(9) Claimants, (II) Confirming Administrative Status of Outstanding Orders, (III) Authorizing Financial Institutions to Honor and Process Related Checks and Transfers, and (IV) Granting Related Relief, Motion of the Debtors for Entry of an Order Implementing Certain Notice and Case Management Procedures, Motion of the Debtors for Entry of Interim and Final Orders (I) Authorizing (A) the Debtors to Maintain Their Existing Cash Management System, Bank Accounts, and Business Forms, (B) the Debtors to Open and Close Bank Accounts, and (C) Financial Institutions to Administer the Bank Accounts and Honor and Process Related Checks and Transfers, (II) Waiving Deposit and Investment Requirements, and (III) Allowing Intercompany Transactions and Affording Administrative Expense Priority to Post-Petition Intercompany Claims, Motion of the Debtors for Entry of Interim and Final Orders Authorizing (I) the Debtors to Honor Prepetition Obligations to Customers and Related Third Parties and Otherwise to Continue Customer Practices and (II) Financial Institutions to Honor and Process Related Checks and Transfers, Motion of the Debtors for Entry of Interim and Final Orders Authorizing (I) the Debtors to Continue and Renew Their Liability, Property, Casualty, Surety Bond, and Other Insurance Programs, and Honor All Obligations in Respect Thereof and (II) Financial Institutions to Honor and Process Related Checks and Transfers, Motion of the Debtors for Entry of Interim and Final Orders Authorizing (I) the Debtors to Pay Certain Prepetition Taxes, Governmental Assessments, and Fees and (II) Financial Institutions to Honor and Process Related Checks and Transfers, Motion of the Debtors for Entry of Interim and Final Orders (I) Establishing Notification and Hearing Procedures for, and Approving Restrictions on, Certain Transfers of and Declarations of Worthlessness with Respect to Interests in the Debtors Estates and (II) Establishing a Record Date for Notice and Sell-Down Procedures for Trading in Claims Against the Debtors Estates, Motion of the Debtors for Entry of an Order (I) Waiving the Requirement to File a List of Equity Security Holders, (II) Waiving the Requirement That Each Debtor File a Separate List of Creditors and Authorizing the Debtors to File a Consolidated List of the Debtors 30 Largest Unsecured Creditors, (III) Authorizing Parties to Redact Personal Identifying Information, and (IV) Approving the Form and Manner of Notifying Creditors of the Commencement of the Chapter 11 Cases and Other Information, Debtors Application for Appointment of Kroll Restructuring Administration LLC as Claims and Noticing Agent, Motion of the Debtors for Entry of an Order Extending the Time to File Schedules and Statements of Financial Affairs, Motion of the Debtors for Entry of a Standing Order Confirming the Statutory Protections of the Bankruptcy Code, Motion of Debtors for Entry of Orders (I) (A) Approving Bidding Procedures for Sale of the Debtors Assets, (B) Approving the Designation of SNBR Inc., an Affiliate of Sleep Country Canada, Inc., as the Stalking Horse Bidder for the Assets, (C) Authorizing and Approving Entry Into the Stalking Horse Asset Purchase Agreement, (D) Approving Bid Protections, (E) Scheduling an Auction for, and Hearing to Approve, the Sale of the Debtors Assets, (F) Approving the Form and Manner of Notices of Sale, Auction, and Sale Hearing, and (G) Approving the Assumption and Assignment Procedures, (II) (A) Approving the Sale of the Debtors Assets Free and Clear of Liens, Claims, Interests, and Encumbrances and (B) Authorizing Assumption and Assignment of Executory Contracts and Unexpired Leases, and (III) Granting Related Relief, Motion of the Debtors for Entry of an Order (I) Prohibiting Utilities from Altering, Refusing, or Discontinuing Service, (II) Deeming Utilities Adequately Assured of Future Performance, and (III) Establishing Procedures for Determining Requests for Additional Adequate Assurance, Notice of Second-Day Hearing Date, Notice of Hearing Regarding Motion of Debtors for Entry of Orders (I) (A) Approving Bidding Procedures for Sale of the Debtors Assets, (B) Approving the Designation of SNBR Inc., an Affiliate of Sleep Country Canada, Inc., as the Stalking Horse Bidder for the Assets, (C) Authorizing and Approving Entry Into the Stalking Horse Asset Purchase Agreement, (D) Approving Bid Protections, (E) Scheduling an Auction for, and Hearing to Approve, the Sale of the Debtors Assets, (F) Approving the Form and Manner of Notices of Sale, Auction, and Sale Hearing, and (G) Approving the Assumption and Assignment Procedures, (II) (A) Approving the Sale of the Debtors Assets Free and Clear of Liens, Claims, Interests, and Encumbrances and (B) Authorizing Assumption and Assignment of Executory Contracts and Unexpired Leases, and (III) Granting Related Relief, Order (I) Directing Joint Administration of the Chapter 11 Cases and (II) Granting Related, Interim Order (I) Authorizing (A) the Debtors to Maintain Their Existing Cash Management System, Bank Accounts, and Business Forms, (B) the Debtors to Open and Close Bank Accounts, and (C) Financial Institutions to Administer the Bank Accounts and Honor and Process Related Checks and Transfers, (II) Waiving Deposit and Investment Requirements, and (III) Allowing Intercompany Transactions and Affording Administrative Expense Priority to Post-Petition Intercompany Claims. Hearing Scheduled for July 2, 2026 at 10:00 a.m. (prevailing Eastern Time), Interim Order Authorizing (I) the Debtors to (A) Honor Prepetition Employee Obligations and Director Obligations and (B) Maintain Employee Benefits Programs and Pay Related Administrative Obligations, (II) Current and Former Employees to Proceed with Outstanding Workers Compensation Claims, and (III) Financial Institutions to Honor and Process Related Checks and Transfers, Interim Order Establishing Notification and Hearing Procedures for, and Approving Restrictions on, Certain Transfers of and Declarations of Worthlessness with Respect to Interests in the Debtors Estates, Interim Order Authorizing (I) the Debtors to Pay Certain Prepetition Taxes, Governmental Assessments, and Fees and (II) Financial Institutions to Honor and Process Related Checks and Transfers, Order (I) Waiving the Requirement to File a List of Equity Security Holders, (II) Waiving the Requirement That Each Debtor File a Separate List of Creditors and Authorizing the Debtors to File a Consolidated List of the Debtors 30 Largest Unsecured Creditors, (III) Authorizing Parties to Redact Personal Identifying Information, and (IV) Approving the Form and Manner of Notifying Creditors of the Commencement of the Chapter 11 Cases and Other Information, Interim Order (I) Authorizing the Debtors to Satisfy Prepetition Claims of (A) Critical Vendors, (B) Foreign Vendors, (C) Lien Claimants, and (D) 503(b)(9) Claimants, (II) Confirming Administrative Status of Outstanding Orders, (III) Authorizing Financial Institutions to Honor and Process Related Checks and Transfers, and (IV) Granting Related Relief, Interim Order Authorizing (I) the Debtors to Continue and Renew Their Liability, Property, Casualty, Surety Bond, and Other Insurance Programs, and Honor All Obligations in Respect Thereof and (II) Financial Institutions to Honor and Process Related Checks and Transfers, Interim Order Authorizing (I) the Debtors to Honor Prepetition Obligations to Customers and Related Third Parties and to Otherwise Continue Customer Practices and (II) Financial Institutions to Honor and Process Related Checks and Transfers, Order Confirming the Statutory Protections of the Bankruptcy Code, Order Extending the Time to File Schedules and Statements of Financial Affairs, Order Authorizing Retention and Appointment of Kroll Restructuring Administration LLC as Claims and Noticing Agent, Interim Order (I) Authorizing the Debtors to (a) Obtain Senior Secured Superpriority Postpetition Financing and (B) Use Cash Collateral, (II) Granting Liens and Providing Claims with Superpriority Administrative Expense Status, (III) Granting Adequate Protection to the Prepetition Secured Parties, (IV) Modifying the Automatic Stay, (V) Scheduling a Final Hearing, and (VI) Granting Related Relief, Notice of Hearing Regarding Omnibus Motion for an Order (I) Approving the Rejection of Certain Real Property Lease Agreements, (II) Approving the Abandonment of Certain Excess Property, and (III) Granting Related Relief, Notice of Hearing Regarding Motion of the Debtors for Entry of an Order (I) Prohibiting Utilities from Altering, Refusing, or Discontinuing Service, (II) Deeming Utilities Adequately Assured of Future Performance, and (III) Establishing Procedures for Determining Requests for Additional Adequate Assurance, and Notice of (I) Disclosure Procedures Applicable to Certain Holders of Securities, Disclosure Procedures for Transfers of Securities, and Declarations of Worthlessness with Respect to Interests in the Debtors Estates, and (II) Final Hearing on the Application Thereof (related document(s)42, 9, 40, 43, 11, 7, 13, 41, 14, 5, 12, 48, 76, 4, 47, 15, 17, 52, 10, 49, 53, 46, 18, 8, 55, 51, 16, 3, 6, 75, 74, 19, 45, 2, 44) filed by Kroll Restructuring Administration LLC.(Steele, Benjamin) (Entered: 06/23/2026)",Affidavit of Service,False,,,https://www.courtlistener.com/docket/73476260/113/sleep-number-corporation/,https://www.courtlistener.com/docket/73476260/sleep-number-corporation/,
A_universe,claims agent retention,True,nysb,"Spirit Aviation Holdings, Inc.",25-11897,2025-08-29,71233134,450820316,2025-08-29,5,,claims_agent,retention_application,debtor,"Epiq Corporate Restructuring, LLC","Application to Employ Epiq Corporate Restructuring, LLC as Claims and Noticing Agent / Application of Debtors for Entry of an Order (A) Authorizing and Approving the Appointment of Epiq Corporate Restructuring, LLC as Claims and Noticing Agent to the Debtors and (B) Granting Related Relief filed by Darren S. Klein on behalf of Spirit Aviation Holdings, Inc.. (Klein, Darren) (Entered: 08/29/2025)",Application to Employ,False,,,https://www.courtlistener.com/docket/71233134/5/spirit-aviation-holdings-inc/,https://www.courtlistener.com/docket/71233134/spirit-aviation-holdings-inc/,
A_universe,claims agent retention,True,nysb,"Spirit Aviation Holdings, Inc.",25-11897,2025-08-29,71233134,451117442,2025-09-03,45,,claims_agent,order,debtor,,"Order Signed On 09/03/2025 (A) Authorizing And Approving The Appointment Of EPIQ Corporate Restructuring, LLC As Claims And Noticing Agent To The Debtors And (B) Granting Related Relief,(Related Doc.# 5). (Mercado, Tracey) (Entered: 09/03/2025)",Order RE: Application to Employ,False,,,https://www.courtlistener.com/docket/71233134/45/spirit-aviation-holdings-inc/,https://www.courtlistener.com/docket/71233134/spirit-aviation-holdings-inc/,
A_universe,claims agent retention,True,nysb,"Spirit Aviation Holdings, Inc.",25-11897,2025-08-29,71233134,452068876,2025-09-11,99,,claims_agent,retention_application,debtor,,"Certificate of Mailing of Claims Agent Regarding Order (I) Directing Joint Administration of the Chapter 11 Cases and (II) Granting Related Relief, Interim Order (I) Authorizing (A) the Debtors to Maintain its Existing Cash Management System, Bank Accounts, and Business Forms, (B) the Debtors to Open and Close Bank Accounts, and (C) Financial Institutions to Administer the Bank Accounts and Honor and Process Related Checks and Transfers, (II) Waiving Deposit and Investment Requirements, and (III) Allowing Intercompany Transactions and Affording Administrative Expense Priority to Post-Petition Intercompany Claims, and Notice of Hearing on the Motion of the Debtors for Entry of Interim and Final Orders (I) Authorizing the Debtors to Use Cash Collateral, (II) Granting Adequate Protection, (III) Modifying the Automatic Stay, (Iv) Scheduling a Further Hearing on the Motion, and (V) Granting Related Relief (related document(s)36, 35, 39) filed by Epiq Corporate Restructuring, LLC.(Garabato, Sid) (Entered: 09/11/2025)",Certificate of Mailing of Claims Agent,False,,,https://www.courtlistener.com/docket/71233134/99/spirit-aviation-holdings-inc/,https://www.courtlistener.com/docket/71233134/spirit-aviation-holdings-inc/,
A_universe,claims agent retention,True,nysb,Zahav Ventures LLC,25-22536,2025-06-17,70565326,455857390,2025-09-24,,,claims_agent,other,unknown,,"Receipt of Transfer Agreement FRBP 3001(e) (NON CLAIMS AGENT CASES)( 25-22536-shl) [claims,740] ( 28.00) Filing Fee. Receipt number A17236880. Fee amount 28.00. (Re: Doc # 44) (U.S. Treasury)",,False,,,https://www.courtlistener.com,https://www.courtlistener.com/docket/70565326/zahav-ventures-llc/,
A_universe,claims agent retention,True,txnb,"ASP Unifrax Holdings, Inc.",26-80008,2026-07-26,73672727,487597275,2026-07-26,20,,claims_agent,order,debtor,Kroll Restructuring Administration LLC,"Application to employ Kroll Restructuring Administration LLC as Claims Agent Debtors' Emergency Application for Entry of an Order Authorizing the Employment and Retention of Kroll Restructuring Administration LLC as Claims, Noticing, and Solicitation Agent Filed by Debtor ASP Unifrax Holdings, Inc. (Brookner, Jason)",Employ,False,,,https://www.courtlistener.com/docket/73672727/20/asp-unifrax-holdings-inc/,https://www.courtlistener.com/docket/73672727/asp-unifrax-holdings-inc/,
A_universe,claims agent retention,True,txnb,"ASP Unifrax Holdings, Inc.",26-80008,2026-07-26,73672727,487597923,2026-07-26,24,,claims_agent,order,debtor,Kroll Restructuring Administration LLC,"Notice of hearing Notice of First Day Hearing filed by Debtor ASP Unifrax Holdings, Inc. (RE: related document(s)2 Motion for joint administration of cases 26-80008; 26-80009; 26-80010; 26-80011; 26-80012; 26-80013; 26-80014; 26-80015; 26-80016; 26-80017; 26-80018 ; 26-80019; 26-80020 ; 26-80021; 26-80022; 26-80023; 26-80024; 26-80025; 26-80026; 26-80027; 26-80028; 26-80029; 26-80030; 26-80031; 26-80032; 26-80033; 26-80034; 26-80035; 26-80036; 26-80037; 26-80038; 26-80039; 26-80040; 26-80041; 26-80042; 26-80043; 26-80044; 26-80045; 26-80046; 26-80047; 26-80048; 26-80049; 26-80050; 26-80051; 26-80052; 26-80053; 26-80054; 26-80055; 26-80056; 26-80057; 26-80058; 26-80059; 26-80060; 26-80061; 26-80062; 26-80063; 26-80064; 26-80065; 26-80066; 26-80067; 26-80068; 26-80069; 26-80070 Filed by Debtor ASP Unifrax Holdings, Inc., 3 Notice of designation as complex chapter 11 case filed by Debtor ASP Unifrax Holdings, Inc.., 4 Motion for approval of form notice. Debtors' Emergency Motion for Entry of an Order (I) Authorizing the Debtors to (A) File a Consolidated (1) Creditor Matrix and (2) List of the 30 Largest Unsecured Creditors, (B) Redact Certain Confidential Information of Customers, and (C) Redact Certain Personally Identifiable Information of Natural Persons; (II) Approving the Form and Manner of Notifying Creditors of the Commencement of the Chapter 11 Cases and Other Information; and (III) Granting Related Relief Filed by Debtor ASP Unifrax Holdings, Inc., 5 Emergency Motion to pay tax debts Debtors' Emergency Motion for Entry of an Order (I) Authorizing the Payment of Certain Taxes and Fees and (II) Granting Related Relief Filed by Debtor ASP Unifrax Holdings, Inc., 6 Motion regarding pre or post petition contracts Insurance Policies. Debtors' Emergency Motion for Entry of an Order (I) Authorizing the Debtors to (A) Maintain Insurance, Surety Coverage, and Letters of Credit Entered into Prepetition and Satisfy Prepetition Obligations Related Thereto, (B) Renew, Amend, Supplement, Extend, Purchase, Cancel, or Enter into Insurance Policies, Surety Bonds, and Letters of Credit, (C) Honor and Renew the Premium Financing Agreement Entered into Prepetition, and (D) Continue to Pay Brokerage Fees, and (II) Granting Related Relief Filed by Debtor ASP Unifrax Holdings, Inc., 7 Motion regarding pre-petition claims Customer Programs. Debtors' Emergency Motion for Entry of an Order (I) Authorizing the Debtors to (A) Maintain and Administer Their Existing Customer Programs and (B) Honor Certain Prepetition Obligations Related Thereto and (II) Granting Related Relief Filed by Debtor ASP Unifrax Holdings, Inc., 8 Motion regarding pre or post petition contracts Hedging Contracts. Debtors' Emergency Motion for Entry of an Order (I) Authorizing the Debtors to (A) Continue to Perform under Existing Hedging Contracts, (B) Enter into New Hedging Contracts, (C) Grant Superpriority Claims, Provide Other Credit Support, and Honor Obligations under Hedging Contracts, and (II) Granting Related Relief Filed by Debtor ASP Unifrax Holdings, Inc., 9 Motion regarding utilities. Debtors' Emergency Motion for Entry of an Order (I) Approving the Debtors' Proposed Adequate Assurance of Payment for Future Utility Services, (II) Prohibiting Utility Providers from Altering, Refusing, or Discontinuing Services, (III) Approving the Debtors' Proposed Procedures for Resolving Adequate Assurance Requests, and (IV) Granting Related Relief Filed by Debtor ASP Unifrax Holdings, Inc., 10 Motion regarding pre-petition claims All Trade. Debtors' Emergency Motion for Entry of an Order (I) Authorizing the Payment of All Trade Claims, (II) Confirming the Administrative Expense Priority of Outstanding Orders, and (III) Granting Related Relief Filed by Debtor ASP Unifrax Holdings, Inc., 11 Motion to establish procedures. Debtors' Emergency Motion for Entry of an Order (I) Approving Notification and Hearing Procedures for Certain Transfers of and Declarations of Worthlessness with Respect to Stock, (II) Directing That Any Such Transfer or Declaration of Worthlessness in Violation of Such Procedures Be Null and Void Ab Initio, and (III) Granting Related Relief Filed by Debtor ASP Unifrax Holdings, Inc., 12 Motion for approval of form notice. Debtors' Emergency Motion for Entry of an Order (I) Restating and Enforcing the Worldwide Automatic Stay, Anti-Discrimination Provisions, and Ipso Facto Protections of the Bankruptcy Code, (II) Approving the Form and Manner of Notice, and (III) Granting Related Relief Filed by Debtor ASP Unifrax Holdings, Inc., 13 Motion to pay Debtors' Emergency Motion for Entry of an Order (I) Authorizing the Debtors to (A) Pay Prepetition Wages, Salaries, Other Compensation, and Reimbursable Expenses and (B) Continue the Compensation and Benefits Programs and (II) Granting Related Relief Filed by Debtor ASP Unifrax Holdings, Inc., 14 Motion for DIP financing. Debtors' Emergency Motion for Entry of Interim and Final Orders (I) Authorizing the Debtors to (A) Obtain Postpetition Financing and (B) Use Cash Collateral, (II) Granting Liens and Providing Superpriority Administrative Expense Claims, (III) Granting Adequate Protection to Certain Prepetition Secured Parties, (IV) Modifying the Automatic Stay, (V) Scheduling a Final Hearing, and (VI) Granting Related Relief Filed by Debtor ASP Unifrax Holdings, Inc., 15 Motion to use cash collateral Debtors' Emergency Motion for Entry of Interim and Final Orders (I) Authorizing the Debtors to (A) Obtain Postpetition Financing and (B) Use Cash Collateral, (II) Granting Liens and Providing Superpriority Administrative Expense Claims, (III) Granting Adequate Protection to Certain Prepetition Secured Parties, (IV) Modifying the Automatic Stay, (V) Scheduling a Final Hearing, and (VI) Granting Related Relief Filed by Debtor ASP Unifrax Holdings, Inc., 18 Motion to maintain bank accounts. Debtors' Emergency Motion for Entry of Interim and Final Orders (I) Authorizing the Debtors to (A) Continue to Operate Their Cash Management System, (B) Honor Certain Obligations Related Thereto, (C) Maintain Existing Bank Accounts, Business Forms, and Books and Records, and (D) Continue to Perform Intercompany Transactions, (II) Granting Administrative Expense Status to Postpetition Intercompany Claims, and (III) Granting Related Relief Filed by Debtor ASP Unifrax Holdings, Inc., 20 Application to employ Kroll Restructuring Administration LLC as Claims Agent Debtors' Emergency Application for Entry of an Order Authorizing the Employment and Retention of Kroll Restructuring Administration LLC as Claims, Noticing, and Solicitation Agent Filed by Debtor ASP Unifrax Holdings, Inc., 21 Motion to establish procedures. Debtors' Emergency Motion for Entry of an Order (I) Scheduling a Combined Disclosure Statement and Plan Confirmation Hearing, (II) Approving the Solicitation Procedures, (III) Approving the Equity Rights Offering Procedures, (IV) Approving the Deadlines and Notices Related Thereto, (V) Waiving Certain Requirements in Connection Therewith, and (VI) Granting Related Relief Filed by Debtor ASP Unifrax Holdings, Inc.). Hearing to be held on 7/28/2026 at 01:30 PM at https://us-courts.webex.com/meet/everett for 21 and for 18 and for 10 and for 11 and for 20 and for 6 and for 8 and for 9 and for 12 and for 7 and for 14 and for 2 and for 13 and for 15 and for 4 and for 3 and for 5, (Brookner, Jason)",Notice of hearing,False,,,https://www.courtlistener.com/docket/73672727/24/asp-unifrax-holdings-inc/,https://www.courtlistener.com/docket/73672727/asp-unifrax-holdings-inc/,
A_universe,claims agent retention,True,txnb,"Buckingham Senior Living Community, Inc.",25-80595,2025-11-17,71919873,485700652,2026-07-09,514,,claims_agent,notice,debtor,,"Certificate of service re: 1st Amended Combined DS Statement & Plan, Notice of Redline DS Statement & Plan, and Witness & Exhibit List for 7-9 Hearing Filed by Claims Agent Epiq Corporate Restructuring, LLC (related document(s)489 Amended chapter 11 plan filed by Debtor Buckingham Senior Living Community, Inc. (RE: related document(s)437 Disclosure statement, Chapter 11 plan). (Attachments: # 1 Exhibit A - Liquidation Analysis # 2 Exhibit B - Wind Down Budget # 3 Exhibit C - Notice of Effective Date) filed by Debtor Buckingham Senior Living Community, Inc., 490 Notice of Filing of Redline of Debtor's First Amended Combined Disclosure Statement and Chapter 11 Plan of Liquidation filed by Debtor Buckingham Senior Living Community, Inc. (RE: related document(s)489 Amended chapter 11 plan filed by Debtor Buckingham Senior Living Community, Inc. (RE: related document(s)437 Disclosure statement, Chapter 11 plan). (Attachments: # 1 Exhibit A - Liquidation Analysis # 2 Exhibit B - Wind Down Budget # 3 Exhibit C - Notice of Effective Date)). (Attachments: # 1 Exhibit A - Redline) filed by Debtor Buckingham Senior Living Community, Inc., 491 Witness and Exhibit List // Debtor's Witness and Exhibit List for Hearing on July 9, 2026 at 1:30 P.M. (CT) (Prevailing Central Time) filed by Debtor Buckingham Senior Living Community, Inc. (RE: related document(s)489 Chapter 11 plan). (Attachments: # 1 Exhibit 1 # 2 Exhibit 2 # 3 Exhibit 3 # 4 Exhibit 4) filed by Debtor Buckingham Senior Living Community, Inc.). (Mailloux, Kathryn)",Certificate of service,False,,,https://www.courtlistener.com/docket/71919873/514/buckingham-senior-living-community-inc/,https://www.courtlistener.com/docket/71919873/buckingham-senior-living-community-inc/,
A_universe,claims agent retention,True,txnb,"Buckingham Senior Living Community, Inc.",25-80595,2025-11-17,71919873,485860775,2026-07-10,519,,claims_agent,retention_application,committee,,"Certificate of service re: Order, Notice, Reply, Agenda, and Witness & Exhibit List Filed by Claims Agent Epiq Corporate Restructuring, LLC (related document(s)495 Notice // [Revised Proposed] Order (A) Approving Disclosures in Combined Plan and Disclosure Statement on an Interim Basis, (B) Establishing Procedures for Solicitation and Tabulation of Votes to Accept or Reject the Plan, (C) Approving the Form of Ballot and Solicitation Materials, (D) Establishing Voting Record Date, (E) Fixing the Date, Time, and Place for the Combined Hearing on Final Approval of the Disclosure Statement and Confirmation of the Plan and the Deadline for Filing Objections Thereto, and (F) Approving Related Notice Procedures and Deadlines filed by Debtor Buckingham Senior Living Community, Inc. (RE: related document(s)438 Motion for conditional approval of disclosure statement. (related documents 437 Disclosure statement, Chapter 11 plan) Filed by Debtor Buckingham Senior Living Community, Inc. (Attachments: # 1 Exhibit A - Proposed Interim Approval and Procedures Order)). filed by Debtor Buckingham Senior Living Community, Inc., 497 Notice of Filing of Redline of Revised Proposed Order (A) Approving Disclosures in Combined Plan and Disclosure Statement on an Interim Basis, (B) Establishing Procedures for Solicitation and Tabulation of Votes to Accept or Reject the Plan, (C) Approving the Form of Ballot and Solicitation Materials, (D) Establishing Voting Record Date, (E) Fixing the Date, Time, and Place for the Combined Hearing on Final Approval of the Disclosure Statement and Confirmation of the Plan and the Deadline for Filing Objections Thereto, and (F) Approving Related Notice Procedures and Deadlines filed by Debtor Buckingham Senior Living Community, Inc. (RE: related document(s)495 Notice // [Revised Proposed] Order (A) Approving Disclosures in Combined Plan and Disclosure Statement on an Interim Basis, (B) Establishing Procedures for Solicitation and Tabulation of Votes to Accept or Reject the Plan, (C) Approving the Form of Ballot and Solicitation Materials, (D) Establishing Voting Record Date, (E) Fixing the Date, Time, and Place for the Combined Hearing on Final Approval of the Disclosure Statement and Confirmation of the Plan and the Deadline for Filing Objections Thereto, and (F) Approving Related Notice Procedures and Deadlines filed by Debtor Buckingham Senior Living Community, Inc. (RE: related document(s)438 Motion for conditional approval of disclosure statement. (related documents 437 Disclosure statement, Chapter 11 plan) Filed by Debtor Buckingham Senior Living Community, Inc. (Attachments: # 1 Exhibit A - Proposed Interim Approval and Procedures Order)).). (Attachments: # 1 Exhibit A - Redline) filed by Debtor Buckingham Senior Living Community, Inc., 498 Reply to (related document(s): 480 Objection filed by Creditor Committee Official Committee of Unsecured Creditors) // Debtor's Reply to the Official Committee of Unsecured Creditors' Objection to Solicitation Procedures Motion filed by Debtor Buckingham Senior Living Community, Inc.. filed by Debtor Buckingham Senior Living Community, Inc., 499 Agenda for Hearing scheduled on 7/9/2026 filed by Debtor Buckingham Senior Living Community, Inc. (RE: related document(s)442 Notice of hearing// Notice of Continued Hearing on Motion of the Debtor for Entry of an Order (A) Approving Disclosures in Combined Plan and Disclosure Statement on an Interim Basis, (B) Establishing Procedures for Solicitation and Tabulation of Votes to Accept or Reject the Plan, (C) Approving the Form of Ballot and Solicitation Materials, (D) Establishing Voting Record Date, (E) Fixing the Date, Time, and Place for the Combined Hearing on Final Approval of the Disclosure Statement and Confirmation of the Plan and the Deadline for Filing Objections Thereto, and (F) Approving Related Notice Procedures and Deadlines Set for July 9, 2026 at 1:30 P.M. (CT) filed by Debtor Buckingham Senior Living Community, Inc. (RE: related document(s)437 Disclosure statement, Chapter 11 plan filed by Debtor Buckingham Senior Living Community, Inc.. (Attachments: # 1 Exhibit A - Liquidation Analysis # 2 Exhibit B - Notice of Effective Date), 438 Motion for conditional approval of disclosure statement. (related documents 437 Disclosure statement, Chapter 11 plan) Filed by Debtor Buckingham Senior Living Community, Inc. (Attachments: # 1 Exhibit A - Proposed Interim Approval and Procedures Order)). Hearing to be held on 7/9/2026 at 01:30 PM at https://us-courts.webex.com/meet/larson for 438 and for 437,). filed by Debtor Buckingham Senior Living Community, Inc., 503 Amended Exhibit List // Debtor's Supplemental Exhibit List for Hearing on July 9, 2026 at 1:30 P.M. (CT) (Prevailing Central Time) filed by Debtor Buckingham Senior Living Community, Inc. (RE: related document(s)491 List (witness/exhibit/generic)). (Attachments: # 1 Exhibit 5 - Revised Proposed Solicitation Procedures Order # 2 Exhibit 6 - Notice of Redline of Revised Proposed Solictation Procedures Order # 3 Exhibit 7 - Reply in Support of Solicitation Procedures Motion) filed by Debtor Buckingham Senior Living Community, Inc.). (Mailloux, Kathryn)",Certificate of service,False,,,https://www.courtlistener.com/docket/71919873/519/buckingham-senior-living-community-inc/,https://www.courtlistener.com/docket/71919873/buckingham-senior-living-community-inc/,
A_universe,claims agent retention,True,txnb,"Buckingham Senior Living Community, Inc.",25-80595,2025-11-17,71919873,486236964,2026-07-14,537,,claims_agent,order,committee,,"Certificate of service re: Order Approving Disclosures Filed by Claims Agent Epiq Corporate Restructuring, LLC (related document(s)517 Order conditionally approving disclosure statement and setting hearing on confirmation of plan (RE: related document(s)330 Disclosure statement filed by Creditor Committee Official Committee of Unsecured Creditors, 489 Chapter 11 plan filed by Debtor Buckingham Senior Living Community, Inc.). Confirmation hearing to be held on 8/21/2026 at 09:30 AM at https://us-courts.webex.com/meet/larson. Entered on 7/10/2026 (Harden, D.)). (Mailloux, Kathryn)",Certificate of service,False,,,https://www.courtlistener.com/docket/71919873/537/buckingham-senior-living-community-inc/,https://www.courtlistener.com/docket/71919873/buckingham-senior-living-community-inc/,
A_universe,claims agent retention,True,txnb,"Genesis Healthcare, Inc.",25-80185,2025-07-09,70746227,461257165,2025-12-04,,,claims_agent,other,unknown,,"Receipt of filing fee for Assignment/Transfer of claim (Claims Agent)( 25-80185-sgj11) [claims,trclmagt] ( 28.00). Receipt number A33185497, amount $ 28.00 (re: Doc# 1719). (U.S. Treasury)",,False,,,https://www.courtlistener.com,https://www.courtlistener.com/docket/70746227/genesis-healthcare-inc/,
A_universe,claims agent retention,True,txnb,"Genesis Healthcare, Inc.",25-80185,2025-07-09,70746227,461257220,2025-12-07,,,claims_agent,other,unknown,,"Receipt of filing fee for Assignment/Transfer of claim (Claims Agent)( 25-80185-sgj11) [claims,trclmagt] ( 28.00). Receipt number A33194534, amount $ 28.00 (re: Doc# 1754). (U.S. Treasury)",,False,,,https://www.courtlistener.com,https://www.courtlistener.com/docket/70746227/genesis-healthcare-inc/,
A_universe,claims agent retention,True,txnb,"Genesis Healthcare, Inc.",25-80185,2025-07-09,70746227,462237748,2025-12-17,1950,,claims_agent,notice,debtor,,"Certificate of service re: Supplemental Service Filed by Claims Agent Epiq Corporate Restructuring, LLC (related document(s)91 Notice of Commencement of Chapter 11 Bankruptcy Case filed by Debtor Genesis Healthcare, Inc.. filed by Debtor Genesis Healthcare, Inc.). (Mailloux, Kathryn)",Certificate of service,False,,,https://www.courtlistener.com/docket/70746227/1950/genesis-healthcare-inc/,https://www.courtlistener.com/docket/70746227/genesis-healthcare-inc/,
A_universe,claims agent retention,True,txnb,"Groff Tractor Mid Atlantic, LLC",25-90010,2025-10-14,71647078,473898355,2026-03-27,614,,claims_agent,order,debtor,,"Certificate of service re: various documents by Angela Chachoff Filed by Claims Agent Epiq Corporation Restructuring, LLC (related document(s)544 Notice of Filing of First Amendment to Asset Purchase Agreement filed by Debtor Groff Tractor Mid Atlantic, LLC (RE: related document(s)466 Order Approving the Sale of Debtors' Assets Free and Clear of Liens, Claims, Interests and Encumbrances and Granting Related Relief (related document 100) Entered on 1/29/2026.). filed by Debtor Groff Tractor Mid Atlantic, LLC, 555 Emergency Motion to enforce (i) the automatic Stay, (ii) order Prohibiting Utility Providers from altering, refusing, or discontinuing service, and (iii) 11 U.S.C. § 366(a) as to Verizon (related document(s): 63 Order on first day motion) Filed by Debtor Groff Tractor Mid Atlantic, LLC (Attachments: # 1 Proposed Order) filed by Debtor Groff Tractor Mid Atlantic, LLC, 556 Emergency Notice of hearing filed by Debtor Groff Tractor Mid Atlantic, LLC (RE: related document(s)555 Emergency Motion to enforce (i) the automatic Stay, (ii) order Prohibiting Utility Providers from altering, refusing, or discontinuing service, and (iii) 11 U.S.C. § 366(a) as to Verizon (related document(s): 63 Order on first day motion) Filed by Debtor Groff Tractor Mid Atlantic, LLC (Attachments: # 1 Proposed Order)). Hearing to be held on 2/24/2026 at 09:30 AM Ft. Worth, Judge Morris Ctrm. for 555, filed by Debtor Groff Tractor Mid Atlantic, LLC, 558 Order denying motion to extend automatic stay(related document 485) Entered on 2/19/2026.). (Mailloux, Kathryn)",Certificate of service,False,,,https://www.courtlistener.com/docket/71647078/614/groff-tractor-mid-atlantic-llc/,https://www.courtlistener.com/docket/71647078/groff-tractor-mid-atlantic-llc/,
A_universe,claims agent retention,True,txnb,"Groff Tractor Mid Atlantic, LLC",25-90010,2025-10-14,71647078,473898350,2026-03-27,615,,claims_agent,order,debtor,,"Certificate of service re: various documents by Angela Chachoff Filed by Claims Agent Epiq Corporation Restructuring, LLC (related document(s)581 Second Amended Order (I) Authorizing Debtors and Debtors-in-Possession to (A) Obtain Postpetition Financing, (B) Grant Liens and Super-Priority Claims, and (C) Grant Adequate Protection; (II) Modifying the Automatic Stay; (III) Granting Related Relief (related document 567) Entered on 2/24/2026., 583 Notice of Exhibit A to Schedule 1.1 to the Successful Bidder Asset Purchase Agreement filed by Debtor Groff Tractor Mid Atlantic, LLC (RE: related document(s)466 Order Approving the Sale of Debtors' Assets Free and Clear of Liens, Claims, Interests and Encumbrances and Granting Related Relief (related document 100) Entered on 1/29/2026.). filed by Debtor Groff Tractor Mid Atlantic, LLC, 584 ORDER APPROVING THE BACK-UP BID SALE OF DEBTORS ASSETS FREE AND CLEAR OF LIENS, CLAIMS, INTERESTS AND ENCUMBRANCES AND GRANTING RELATED RELIEF (related document 100) Entered on 2/26/2026.). (Mailloux, Kathryn)",Certificate of service,False,,,https://www.courtlistener.com/docket/71647078/615/groff-tractor-mid-atlantic-llc/,https://www.courtlistener.com/docket/71647078/groff-tractor-mid-atlantic-llc/,
A_universe,claims agent retention,True,txnb,"Groff Tractor Mid Atlantic, LLC",25-90010,2025-10-14,71647078,474402399,2026-04-01,622,,claims_agent,notice,unknown,,"Certificate of service re: Notice of Final Exhibit A of Amy Henault filed by Claims Agent Epiq Corporation Restructuring, LLC (RE: related document(s)616 Notice (generic)). (Mailloux, Kathryn)",Certificate of service,False,,,https://www.courtlistener.com/docket/71647078/622/groff-tractor-mid-atlantic-llc/,https://www.courtlistener.com/docket/71647078/groff-tractor-mid-atlantic-llc/,
A_universe,claims agent retention,True,txnb,"Hallmark Financial Services, Inc.",26-80007,2026-06-15,73483901,483085899,2026-06-16,30,,claims_agent,order,debtor,"Stretto, Inc","Certificate of service re: First-Day Pleadings Filed by Claims Agent Stretto (related document(s)2 Notice of designation as complex chapter 11 case filed by Debtor Hallmark Financial Services, Inc.. filed by Debtor Hallmark Financial Services, Inc., 3 Motion to establish procedures. Debtor's Emergency Motion for Entry of an Order (I) Authorizing the Debtor to Redact Certain Personal Identification Information, (II) Approving the Form and Manner of Notifying Creditors of the Commencement of the Debtor's Chapter 11 Case and Bar Dates, (III) Establishing a Master Service List and (IV) Granting Related Relief Filed by Debtor Hallmark Financial Services, Inc. filed by Debtor Hallmark Financial Services, Inc., 4 Motion regarding pre-petition claims. Debtor's Emergency Motion for Entry of an Order (I) Authorizing the Debtor to (A) Pay Prepetition Wages, Salaries, Other Compensation, and Reimbursable Expenses and (B) Continue Employee Benefits Programs, and (II) Granting Related Relief Filed by Debtor Hallmark Financial Services, Inc. filed by Debtor Hallmark Financial Services, Inc., 5 Motion to assume / Debtor's Emergency Motion for Entry of an Order (I) Authorizing the Assumption of the Management Services Agreement and (II) Granting Related Relief Filed by Debtor Hallmark Financial Services, Inc. filed by Debtor Hallmark Financial Services, Inc., 6 Motion to maintain bank accounts. Debtor's Emergency Motion for Entry of Interim and Final Orders (I) Authorizing the Debtor to Continue to Operate Its Cash Management System and Honor Certain Prepetition Obligations Related Thereto, and (II) Granting Related Relief Filed by Debtor Hallmark Financial Services, Inc. filed by Debtor Hallmark Financial Services, Inc., 7 Application to employ Stretto, Inc. as Claims Agent Debtor's Emergency Application for Entry of an Order Authorizing the Employment and Retention of Stretto, Inc. as Claims, Noticing, and Solicitation Agent Effective as of the Petition Date Filed by Debtor Hallmark Financial Services, Inc. filed by Debtor Hallmark Financial Services, Inc., 8 Motion regarding pre-petition claims. Debtor's Emergency Motion for Entry of an Order (I) Authorizing the Payment of Certain Prepetition and Postpetition Taxes and Fees and (II) Granting Related Relief Filed by Debtor Hallmark Financial Services, Inc. filed by Debtor Hallmark Financial Services, Inc., 9 Motion regarding pre-petition claims. Debtor's Emergency Motion for Entry of an Order (I) Authorizing the Debtor to (A) Continue Its Insurance Policies and Honor All Obligations in Respect Thereof, (B) Renew, Supplement, and Enter into New Insurance Policies, and (C) Pay Premiums Thereunder, and (II) Granting Related Relief Filed by Debtor Hallmark Financial Services, Inc. filed by Debtor Hallmark Financial Services, Inc., 13 Motion to establish procedures. Debtor's Emergency Motion for Entry of an Order (I) Approving Notification and Hearing Procedures for Certain Transfers of and Declarations of Worthlessness with Respect to Stock, (II) Directing That Any Such Transfer or Declaration of Worthlessness in Violation of Such Procedures Be Null and Void Ab Initio, and (III) Granting Related Relief Filed by Debtor Hallmark Financial Services, Inc. filed by Debtor Hallmark Financial Services, Inc., 14 Motion regarding pre-petition claims. Debtor's Emergency Motion for Entry of an Order (I) Authorizing the Payment of All Trade Claims and (II) Granting Related Relief Filed by Debtor Hallmark Financial Services, Inc. filed by Debtor Hallmark Financial Services, Inc., 15 Declaration re: Declaration of William Snyder, Chief Restructuring Officer, in Support of Chapter 11 Petition and First Day Motions filed by Debtor Hallmark Financial Services, Inc. (RE: related document(s)2 Notice of designation as complex chapter 11 case, 3 Motion to establish procedures. Debtor's Emergency Motion for Entry of an Order (I) Authorizing the Debtor to Redact Certain Personal Identification Information, (II) Approving the Form and Manner of Notifying Creditors of the Commencement of t, 4 Motion regarding pre-petition claims. Debtor's Emergency Motion for Entry of an Order (I) Authorizing the Debtor to (A) Pay Prepetition Wages, Salaries, Other Compensation, and Reimbursable Expenses and (B) Continue Employee Benefits Programs,, 5 Motion to assume / Debtor's Emergency Motion for Entry of an Order (I) Authorizing the Assumption of the Management Services Agreement and (II) Granting Related Relief, 6 Motion to maintain bank accounts. Debtor's Emergency Motion for Entry of Interim and Final Orders (I) Authorizing the Debtor to Continue to Operate Its Cash Management System and Honor Certain Prepetition Obligations Related Thereto, and (II) G, 7 Application to employ Stretto, Inc. as Claims Agent Debtor's Emergency Application for Entry of an Order Authorizing the Employment and Retention of Stretto, Inc. as Claims, Noticing, and Solicitation Agent Effective as of the Petition Date, 8 Motion regarding pre-petition claims. Debtor's Emergency Motion for Entry of an Order (I) Authorizing the Payment of Certain Prepetition and Postpetition Taxes and Fees and (II) Granting Related Relief, 9 Motion regarding pre-petition claims. Debtor's Emergency Motion for Entry of an Order (I) Authorizing the Debtor to (A) Continue Its Insurance Policies and Honor All Obligations in Respect Thereof, (B) Renew, Supplement, and Enter into New Insu, 13 Motion to establish procedures. Debtor's Emergency Motion for Entry of an Order (I) Approving Notification and Hearing Procedures for Certain Transfers of and Declarations of Worthlessness with Respect to Stock, (II) Directing That Any Such Tra, 14 Motion regarding pre-petition claims. Debtor's Emergency Motion for Entry of an Order (I) Authorizing the Payment of All Trade Claims and (II) Granting Related Relief). filed by Debtor Hallmark Financial Services, Inc., 16 Notice of hearing / Notice of First Day Hearings filed by Debtor Hallmark Financial Services, Inc. (RE: related document(s)1 Non-individual Chapter 11 Voluntary Petition. Fee Amount $1738 Filed by Hallmark Financial Services, Inc. Chapter 11 Plan due by 10/13/2026. Disclosure Statement due by 10/13/2026., 2 Notice of designation as complex chapter 11 case filed by Debtor Hallmark Financial Services, Inc.., 3 Motion to establish procedures. Debtor's Emergency Motion for Entry of an Order (I) Authorizing the Debtor to Redact Certain Personal Identification Information, (II) Approving the Form and Manner of Notifying Creditors of the Commencement of the Debtor's Chapter 11 Case and Bar Dates, (III) Establishing a Master Service List and (IV) Granting Related Relief Filed by Debtor Hallmark Financial Services, Inc., 4 Motion regarding pre-petition claims. Debtor's Emergency Motion for Entry of an Order (I) Authorizing the Debtor to (A) Pay Prepetition Wages, Salaries, Other Compensation, and Reimbursable Expenses and (B) Continue Employee Benefits Programs, and (II) Granting Related Relief Filed by Debtor Hallmark Financial Services, Inc., 5 Motion to assume / Debtor's Emergency Motion for Entry of an Order (I) Authorizing the Assumption of the Management Services Agreement and (II) Granting Related Relief Filed by Debtor Hallmark Financial Services, Inc., 6 Motion to maintain bank accounts. Debtor's Emergency Motion for Entry of Interim and Final Orders (I) Authorizing the Debtor to Continue to Operate Its Cash Management System and Honor Certain Prepetition Obligations Related Thereto, and (II) Granting Related Relief Filed by Debtor Hallmark Financial Services, Inc., 7 Application to employ Stretto, Inc. as Claims Agent Debtor's Emergency Application for Entry of an Order Authorizing the Employment and Retention of Stretto, Inc. as Claims, Noticing, and Solicitation Agent Effective as of the Petition Date Filed by Debtor Hallmark Financial Services, Inc., 8 Motion regarding pre-petition claims. Debtor's Emergency Motion for Entry of an Order (I) Authorizing the Payment of Certain Prepetition and Postpetition Taxes and Fees and (II) Granting Related Relief Filed by Debtor Hallmark Financial Services, Inc., 9 Motion regarding pre-petition claims. Debtor's Emergency Motion for Entry of an Order (I) Authorizing the Debtor to (A) Continue Its Insurance Policies and Honor All Obligations in Respect Thereof, (B) Renew, Supplement, and Enter into New Insurance Policies, and (C) Pay Premiums Thereunder, and (II) Granting Related Relief Filed by Debtor Hallmark Financial Services, Inc., 13 Motion to establish procedures. Debtor's Emergency Motion for Entry of an Order (I) Approving Notification and Hearing Procedures for Certain Transfers of and Declarations of Worthlessness with Respect to Stock, (II) Directing That Any Such Transfer or Declaration of Worthlessness in Violation of Such Procedures Be Null and Void Ab Initio, and (III) Granting Related Relief Filed by Debtor Hallmark Financial Services, Inc., 14 Motion regarding pre-petition claims. Debtor's Emergency Motion for Entry of an Order (I) Authorizing the Payment of All Trade Claims and (II) Granting Related Relief Filed by Debtor Hallmark Financial Services, Inc., 15 Declaration re: Declaration of William Snyder, Chief Restructuring Officer, in Support of Chapter 11 Petition and First Day Motions filed by Debtor Hallmark Financial Services, Inc. (RE: related document(s)2 Notice of designation as complex chapter 11 case, 3 Motion to establish procedures. Debtor's Emergency Motion for Entry of an Order (I) Authorizing the Debtor to Redact Certain Personal Identification Information, (II) Approving the Form and Manner of Notifying Creditors of the Commencement of t, 4 Motion regarding pre-petition claims. Debtor's Emergency Motion for Entry of an Order (I) Authorizing the Debtor to (A) Pay Prepetition Wages, Salaries, Other Compensation, and Reimbursable Expenses and (B) Continue Employee Benefits Programs,, 5 Motion to assume / Debtor's Emergency Motion for Entry of an Order (I) Authorizing the Assumption of the Management Services Agreement and (II) Granting Related Relief, 6 Motion to maintain bank accounts. Debtor's Emergency Motion for Entry of Interim and Final Orders (I) Authorizing the Debtor to Continue to Operate Its Cash Management System and Honor Certain Prepetition Obligations Related Thereto, and (II) G, 7 Application to employ Stretto, Inc. as Claims Agent Debtor's Emergency Application for Entry of an Order Authorizing the Employment and Retention of Stretto, Inc. as Claims, Noticing, and Solicitation Agent Effective as of the Petition Date, 8 Motion regarding pre-petition claims. Debtor's Emergency Motion for Entry of an Order (I) Authorizing the Payment of Certain Prepetition and Postpetition Taxes and Fees and (II) Granting Related Relief, 9 Motion regarding pre-petition claims. Debtor's Emergency Motion for Entry of an Order (I) Authorizing the Debtor to (A) Continue Its Insurance Policies and Honor All Obligations in Respect Thereof, (B) Renew, Supplement, and Enter into New Insu, 13 Motion to establish procedures. Debtor's Emergency Motion for Entry of an Order (I) Approving Notification and Hearing Procedures for Certain Transfers of and Declarations of Worthlessness with Respect to Stock, (II) Directing That Any Such Tra, 14 Motion regarding pre-petition claims. Debtor's Emergency Motion for Entry of an Order (I) Authorizing the Payment of All Trade Claims and (II) Granting Related Relief).). Hearing to be held on 6/18/2026 at 10:30 AM at https://us-courts.webex.com/meet/larson for 14 and for 13 and for 5 and for 15 and for 2 and for 7 and for 9 and for 1 and for 4 and for 3 and for 6 and for 8, filed by Debtor Hallmark Financial Services, Inc.). (Betance, Sheryl)",Certificate of service,False,,,https://www.courtlistener.com/docket/73483901/30/hallmark-financial-services-inc/,https://www.courtlistener.com/docket/73483901/hallmark-financial-services-inc/,
A_universe,claims agent retention,True,txnb,"Hallmark Financial Services, Inc.",26-80007,2026-06-15,73483901,483115381,2026-06-17,32,,claims_agent,order,debtor,"Stretto, Inc","Witness and Exhibit List for June 18, 2026, First Day Hearings filed by Debtor Hallmark Financial Services, Inc. (RE: related document(s)2 Notice of designation as complex chapter 11 case, 3 Motion to establish procedures. Debtor's Emergency Motion for Entry of an Order (I) Authorizing the Debtor to Redact Certain Personal Identification Information, (II) Approving the Form and Manner of Notifying Creditors of the Commencement of t, 4 Motion regarding pre-petition claims. Debtor's Emergency Motion for Entry of an Order (I) Authorizing the Debtor to (A) Pay Prepetition Wages, Salaries, Other Compensation, and Reimbursable Expenses and (B) Continue Employee Benefits Programs,, 5 Motion to assume / Debtor's Emergency Motion for Entry of an Order (I) Authorizing the Assumption of the Management Services Agreement and (II) Granting Related Relief, 6 Motion to maintain bank accounts. Debtor's Emergency Motion for Entry of Interim and Final Orders (I) Authorizing the Debtor to Continue to Operate Its Cash Management System and Honor Certain Prepetition Obligations Related Thereto, and (II) G, 7 Application to employ Stretto, Inc. as Claims Agent Debtor's Emergency Application for Entry of an Order Authorizing the Employment and Retention of Stretto, Inc. as Claims, Noticing, and Solicitation Agent Effective as of the Petition Date, 8 Motion regarding pre-petition claims. Debtor's Emergency Motion for Entry of an Order (I) Authorizing the Payment of Certain Prepetition and Postpetition Taxes and Fees and (II) Granting Related Relief, 9 Motion regarding pre-petition claims. Debtor's Emergency Motion for Entry of an Order (I) Authorizing the Debtor to (A) Continue Its Insurance Policies and Honor All Obligations in Respect Thereof, (B) Renew, Supplement, and Enter into New Insu, 13 Motion to establish procedures. Debtor's Emergency Motion for Entry of an Order (I) Approving Notification and Hearing Procedures for Certain Transfers of and Declarations of Worthlessness with Respect to Stock, (II) Directing That Any Such Tra, 14 Motion regarding pre-petition claims. Debtor's Emergency Motion for Entry of an Order (I) Authorizing the Payment of All Trade Claims and (II) Granting Related Relief). (Attachments: # 1 Exhibit 1 # 2 Exhibit 2 # 3 Exhibit 3 # 4 Exhibit 4 # 5 Exhibit 5 # 6 Exhibit 6 # 7 Exhibit 7 # 8 Exhibit 8 # 9 Exhibit 9 # 10 Exhibit 10 # 11 Exhibit 11 # 12 Exhibit 12 # 13 Exhibit 13) (Kaufman, Aaron)",List (witness/exhibit/generic),False,,,https://www.courtlistener.com/docket/73483901/32/hallmark-financial-services-inc/,https://www.courtlistener.com/docket/73483901/hallmark-financial-services-inc/,
A_universe,claims agent retention,True,txnb,"Hallmark Financial Services, Inc.",26-80007,2026-06-15,73483901,483120267,2026-06-17,33,,claims_agent,order,debtor,"Stretto, Inc","Agenda for Hearing scheduled on 6/18/2026 Agenda for First Day Hearings on June 18, 2026, at 10:30 a.m. Central Time filed by Debtor Hallmark Financial Services, Inc. (RE: related document(s)2 Notice of designation as complex chapter 11 case filed by Debtor Hallmark Financial Services, Inc.., 3 Motion to establish procedures. Debtor's Emergency Motion for Entry of an Order (I) Authorizing the Debtor to Redact Certain Personal Identification Information, (II) Approving the Form and Manner of Notifying Creditors of the Commencement of the Debtor's Chapter 11 Case and Bar Dates, (III) Establishing a Master Service List and (IV) Granting Related Relief Filed by Debtor Hallmark Financial Services, Inc., 4 Motion regarding pre-petition claims. Debtor's Emergency Motion for Entry of an Order (I) Authorizing the Debtor to (A) Pay Prepetition Wages, Salaries, Other Compensation, and Reimbursable Expenses and (B) Continue Employee Benefits Programs, and (II) Granting Related Relief Filed by Debtor Hallmark Financial Services, Inc., 5 Motion to assume / Debtor's Emergency Motion for Entry of an Order (I) Authorizing the Assumption of the Management Services Agreement and (II) Granting Related Relief Filed by Debtor Hallmark Financial Services, Inc., 6 Motion to maintain bank accounts. Debtor's Emergency Motion for Entry of Interim and Final Orders (I) Authorizing the Debtor to Continue to Operate Its Cash Management System and Honor Certain Prepetition Obligations Related Thereto, and (II) Granting Related Relief Filed by Debtor Hallmark Financial Services, Inc., 7 Application to employ Stretto, Inc. as Claims Agent Debtor's Emergency Application for Entry of an Order Authorizing the Employment and Retention of Stretto, Inc. as Claims, Noticing, and Solicitation Agent Effective as of the Petition Date Filed by Debtor Hallmark Financial Services, Inc., 8 Motion regarding pre-petition claims. Debtor's Emergency Motion for Entry of an Order (I) Authorizing the Payment of Certain Prepetition and Postpetition Taxes and Fees and (II) Granting Related Relief Filed by Debtor Hallmark Financial Services, Inc., 9 Motion regarding pre-petition claims. Debtor's Emergency Motion for Entry of an Order (I) Authorizing the Debtor to (A) Continue Its Insurance Policies and Honor All Obligations in Respect Thereof, (B) Renew, Supplement, and Enter into New Insurance Policies, and (C) Pay Premiums Thereunder, and (II) Granting Related Relief Filed by Debtor Hallmark Financial Services, Inc., 13 Motion to establish procedures. Debtor's Emergency Motion for Entry of an Order (I) Approving Notification and Hearing Procedures for Certain Transfers of and Declarations of Worthlessness with Respect to Stock, (II) Directing That Any Such Transfer or Declaration of Worthlessness in Violation of Such Procedures Be Null and Void Ab Initio, and (III) Granting Related Relief Filed by Debtor Hallmark Financial Services, Inc., 14 Motion regarding pre-petition claims. Debtor's Emergency Motion for Entry of an Order (I) Authorizing the Payment of All Trade Claims and (II) Granting Related Relief Filed by Debtor Hallmark Financial Services, Inc.). (Kaufman, Aaron)",Agenda for Complex Chapter 11,False,,,https://www.courtlistener.com/docket/73483901/33/hallmark-financial-services-inc/,https://www.courtlistener.com/docket/73483901/hallmark-financial-services-inc/,
A_universe,claims agent retention,True,txnb,"Harvest Meat Company, Inc.",25-80108,2025-05-05,70143002,449674897,2025-07-19,413,,claims_agent,other,unknown,,"Certificate of service re: Witness List and Agenda by Sharna Wilson filed by Claims Agent Epiq Corporate Restructuring, LLC (RE: related document(s)385 List (witness/exhibit/generic), 390 Agenda for Complex Chapter 11). (Garabato, Sid)",,False,,,https://www.courtlistener.com/docket/70143002/413/harvest-sherwood-food-distributors-inc/,https://www.courtlistener.com/docket/70143002/harvest-meat-company-inc/,
A_universe,claims agent retention,True,txnb,"Harvest Meat Company, Inc.",25-80108,2025-05-05,70143002,449674898,2025-07-19,414,,claims_agent,notice,unknown,,"Certificate of service re: by Sharna Wilson filed by Claims Agent Epiq Corporate Restructuring, LLC (RE: related document(s)395 Declaration, 398 Notice (generic)). (Garabato, Sid)",,False,,,https://www.courtlistener.com/docket/70143002/414/harvest-sherwood-food-distributors-inc/,https://www.courtlistener.com/docket/70143002/harvest-meat-company-inc/,
A_universe,claims agent retention,True,txnb,"Harvest Meat Company, Inc.",25-80108,2025-05-05,70143002,449674906,2025-07-25,421,,claims_agent,retention_application,unknown,,"Certificate of service re: MOR, Orders by Sharna Wilson filed by Claims Agent Epiq Corporate Restructuring, LLC (RE: related document(s)407 Chapter 11 Monthly Operating Report UST Form 11-MOR, 409 Order on motion to compromise controversy, 411 Order on application to employ, 412 Order on application to employ). (Garabato, Sid)",,False,,,https://www.courtlistener.com/docket/70143002/421/harvest-sherwood-food-distributors-inc/,https://www.courtlistener.com/docket/70143002/harvest-meat-company-inc/,
A_universe,claims agent retention,True,txnb,"Harvest Sherwood Food Distributors, Inc.",25-80109,2025-05-05,70143231,438588130,2025-05-05,3,,claims_agent,order,debtor,"Epiq Corporate Restructuring, LLC","Application to employ Epiq Corporate Restructuring, LLC as Claims Agent Debtors' Emergency Application for Entry of an Order Authorizing the Employment and Retention of Epiq Corporate Restructuring, LLC as Claims, Noticing, and Solicitation Agent Effective as of the Petition Date Filed by Debtor Harvest Sherwood Food Distributors, Inc. (Attachments: # 1 Exhibit A # 2 Exhibit B) (Califano, Thomas)",Employ,False,,,https://www.courtlistener.com/docket/70143231/3/harvest-sherwood-food-distributors-inc/,https://www.courtlistener.com/docket/70143231/harvest-sherwood-food-distributors-inc/,
A_universe,claims agent retention,True,txnb,"Harvest Sherwood Food Distributors, Inc.",25-80109,2025-05-05,70143231,438654047,2025-05-06,24,,claims_agent,order,debtor,"Epiq Corporate Restructuring, LLC","Notice of hearing for May 9, 2025 Setting filed by Debtor Harvest Sherwood Food Distributors, Inc. (RE: related document(s)2 Motion for joint administration of cases 25-80109 (SGJ), 25-80108 (SGJ), 25-80111 (SGJ), 25-80112 (SGJ), 25-80113 (SGJ), 25-80114 (SGJ), 25-80115 (SGJ), 25-80116 (SGJ), 25-80117 (SGJ), 25-80118 (SGJ), 25-80110 (SGJ), 25-80119 (SGJ), 25-80120 (SGJ) Debtors' Emergency Motion for Entry of An Order Directing Joint Administration of Related Chapter 11 Cases Filed by Debtor Harvest Sherwood Food Distributors, Inc. (Attachments: # 1 Exhibit A), 3 Application to employ Epiq Corporate Restructuring, LLC as Claims Agent Debtors' Emergency Application for Entry of an Order Authorizing the Employment and Retention of Epiq Corporate Restructuring, LLC as Claims, Noticing, and Solicitation Agent Effective as of the Petition Date Filed by Debtor Harvest Sherwood Food Distributors, Inc. (Attachments: # 1 Exhibit A # 2 Exhibit B), 4 Notice of designation as complex chapter 11 case filed by Debtor Harvest Sherwood Food Distributors, Inc.. (Attachments: # 1 Exhibit A), 5 Motion for approval of form notice. Debtors' Emergency Motion for Entry of an Order (I) Authorizing the Debtors to File a Consolidated (A) Creditor Matrix and (B) List of 30 Largest Unsecured Creditors; (II) Authorizing the Debtors to Redact Certain Personally Identifiable Information; (III) Establishing a Complex Service List; (IV) Approving the Form and Manner of the Notice of Commencement; and (V) granting Related Relief Filed by Debtor Harvest Sherwood Food Distributors, Inc. (Attachments: # 1 Exhibit A), 6 Motion to extend time to file schedules or new case deficiencies, excluding matrix Filed by Debtor Harvest Sherwood Food Distributors, Inc. (Attachments: # 1 Exhibit A), 7 Motion to maintain bank accounts. Debtors' Emergency Motion for Entry of Interim and Final Orders (I) Authorizing Debtors to Continue to Operate their Existing Cash Management System; and (II) granting Related Relief Filed by Debtor Harvest Sherwood Food Distributors, Inc. (Attachments: # 1 Exhibit A # 2 Exhibit B # 3 Exhibit C # 4 Exhibit D # 5 Exhibit E # 6 Exhibit F), 8 Motion regarding pre-petition claims of Critical Vendors. Debtors' Emergency Motion for Entry of Interim and Final Orders (I) Authorizing Debtors to Pay Certain Prepetition Claims of Critical Vendors; and (II) Granting Related Relief Filed by Debtor Harvest Sherwood Food Distributors, Inc. (Attachments: # 1 Exhibit A # 2 Exhibit B # 3 Exhibit C # 4 Exhibit D # 5 Exhibit E # 6 Exhibit F), 9 Motion regarding pre-petition claims Contractor Obligations. Debtors' Emergency Motion for Entry of Interim and Final Orders (I) Authorizing Debtors to Satisfy Certain Prepetition Contractor Obligations; and (II) Granting Related Relief Filed by Debtor Harvest Sherwood Food Distributors, Inc. (Attachments: # 1 Exhibit A # 2 Exhibit B # 3 Exhibit C # 4 Exhibit D # 5 Exhibit E # 6 Exhibit F), 10 Motion regarding pre-petition claims. Debtors' Emergency Motion for Entry of Interim and Final Orders (I) Authorizing Debtors to Pay Certain Prepetition Taxes and Fees; and (II) Granting Related Relief Filed by Debtor Harvest Sherwood Food Distributors, Inc. (Attachments: # 1 Exhibit A # 2 Exhibit B # 3 Exhibit C # 4 Exhibit D # 5 Exhibit E # 6 Exhibit F), 11 Motion regarding utilities. Debtors' Emergency Motion for Entry of Interim and Final Orders (I) Authorizing Debtors to Continue Use of LC Facility; and (II) Granting Related Relief Filed by Debtor Harvest Sherwood Food Distributors, Inc. (Attachments: # 1 Exhibit A # 2 Exhibit B # 3 Exhibit C # 4 Exhibit D # 5 Exhibit E # 6 Exhibit F), 12 Motion for DIP financing. Debtors' Emergency Motion for Entry of Interim and Final Orders (I) Authorizing Debtors to (A) Obtain Post-petition Financing, (B) Use Cash Collateral, (C) Grant Senior Secured Liens and provide Claims with Superpriority Administrative Expense Status, and (D) Grant Adequate Protection to the Prepetition Secured Parties; (II) Modifying the Automatic Stay; (III) Scheduling a Final Hearing, and (IV) Granting Related Relief Filed by Debtor Harvest Sherwood Food Distributors, Inc. (Attachments: # 1 Exhibit A)). Hearing to be held on 5/9/2025 at 09:30 AM at https://us-courts.webex.com/meet/jerniga for 12 and for 9 and for 11 and for 8 and for 7 and for 5 and for 10 and for 6 and for 3 and for 2 and for 4, (Califano, Thomas)",Notice of hearing,False,,,https://www.courtlistener.com/docket/70143231/24/harvest-sherwood-food-distributors-inc/,https://www.courtlistener.com/docket/70143231/harvest-sherwood-food-distributors-inc/,
A_universe,claims agent retention,True,txnb,"Harvest Sherwood Food Distributors, Inc.",25-80109,2025-05-05,70143231,449572566,2025-08-19,448,,claims_agent,retention_application,debtor,,"Certificate of service re: Declaration, Motion by Sharna Wilson filed by Claims Agent Epiq Corporate Restructuring, LLC (RE: related document(s)442 Declaration, 444 Motion to compromise controversy with Debtors Motion Seeking Entry of an Order (A) Approving A Settlement Agreement with Pilgrims Pride Corporation Pursuant to Federal Rule of Bankruptcy Procedure 9019 and (B) Granting Related Relief., 445 Declaration). (Garabato, Sid)",Certificate of service,False,,,https://www.courtlistener.com/docket/70143231/448/harvest-sherwood-food-distributors-inc/,https://www.courtlistener.com/docket/70143231/harvest-sherwood-food-distributors-inc/,
A_universe,claims agent retention,True,txnb,"Higher Ground Education, Inc.",25-80121,2025-06-17,70568234,443065410,2025-06-18,6,,claims_agent,retention_application,debtor,"Kurtzman Carson Consultants, LLC dba Verita Global","Application to employ Kurtzman Carson Consultants, LLC dba Verita Global as Claims Agent Filed by Debtor Higher Ground Education, Inc. (Attachments: # 1 Exhibit A # 2 Exhibit B # 3 Exhibit C) (O'Neil, Holland)",Application to employ,False,,,https://www.courtlistener.com/docket/70568234/6/higher-ground-education-inc/,https://www.courtlistener.com/docket/70568234/higher-ground-education-inc/,
A_universe,claims agent retention,True,txnb,"Higher Ground Education, Inc.",25-80121,2025-06-17,70568234,443647057,2025-06-20,71,,claims_agent,retention_application,debtor,"Kurtzman Carson Consultants, LLC dba Verita Global","Hearing held on 6/20/2025. (RE: related document(s)6 Application to employ Kurtzman Carson Consultants, LLC dba Verita Global as Claims Agent Filed by Debtor Higher Ground Education, Inc. (Attachments: # 1 Exhibit A # 2 Exhibit B # 3 Exhibit C) (O'Neil, Holland)) (Hearing Held: Counsel appeared for the Debtors, Guidepost Global Education, Inc., Yu Capital LLC, EB5AN Investment Mngt, RTS Orchards, LLC, Cosmic, Venture Lending and Leasing IX, Inc. and WTI Fund X, Inc., Quatro Development, 2HR Learning, Inc., the Office of the United States Trustee, County of Williamson and Denton, Dallas County, Tarrant County, City of Frisco, Lewisville ISD, and R. Girn. J. McCarthy testified. Application APPROVED as set forth on the record.) (Harden, D.) (Entered: 06/23/2025)",Hearing held,False,,,https://www.courtlistener.com/docket/70568234/71/higher-ground-education-inc/,https://www.courtlistener.com/docket/70568234/higher-ground-education-inc/,
A_universe,claims agent retention,True,txnb,"Higher Ground Education, Inc.",25-80121,2025-06-17,70568234,452602738,2025-07-24,268,,claims_agent,retention_application,debtor,"Kurtzman Carson Consultants, LLC dba Verita Global","Transcript regarding Hearing Held 06/20/2025 before Judge Michelle V. Larson (116 pages) RE: First Day Motions. THIS TRANSCRIPT WILL BE MADE ELECTRONICALLY AVAILABLE TO THE GENERAL PUBLIC 90 DAYS AFTER THE DATE OF FILING. TRANSCRIPT RELEASE DATE IS 10/22/2025. Until that time the transcript may be viewed at the Clerk's Office or a copy may be obtained from the official court transcriber. Court Reporter/Transcriber Kathy Rehling, kathyrehlingtranscripts@gmail.com, Telephone number 972-786-3063. (RE: related document(s) 67 Hearing held on 6/20/2025. (RE: related document(s)2 Motion for joint administration of cases 25-80121, 25-80122, 25-80123, 25-80124, 25-80125, 25-80126, 25-80127, 25-80128, 25-80129, 25-80130, 25-80131, 25-80132, 25-80133, 25-80134, 25-80135, 25-80136, 25-80137, 25-80138, 25-80139, 25-80140, 25-80141, 25-80142, 25-80143, 25-80144, 25-80145, 25-80146, 25-80147, 25-80148, 25-80149, 25-80150, 25-80151, 25-80152, 25-80153, 25-80154, 25-80155 Filed by Debtor Higher Ground Education, Inc. (Attachments: # 1 Exhibit A - Proposed Order) (O'Neil, Holland)) (Hearing Held: Counsel appeared for the Debtors, Guidepost Global Education, Inc., Yu Capital LLC, EB5AN Investment Mngt, RTS Orchards, LLC, Cosmic, Venture Lending and Leasing IX, Inc. and WTI Fund X, Inc., Quatro Development, 2HR Learning, Inc., the Office of the United States Trustee, County of Williamson and Denton, Dallas County, Tarrant County, City of Frisco, Lewisville ISD, and R. Girn. J. McCarthy testified. Motion GRANTED. Case Nos. 25-80121 through 25-80155 to be jointly administered with 25-80121 as the lead case.) (Harden, D.), 68 Hearing held on 6/20/2025. (RE: related document(s)3 Notice of designation as complex chapter 11 case filed by Debtor Higher Ground Education, Inc.. (Attachments: # 1 Exhibit A- Proposed Order) (O'Neil, Holland)) (Hearing Held: Counsel appeared for the Debtors, Guidepost Global Education, Inc., Yu Capital LLC, EB5AN Investment Mngt, RTS Orchards, LLC, Cosmic, Venture Lending and Leasing IX, Inc. and WTI Fund X, Inc., Quatro Development, 2HR Learning, Inc., the Office of the United States Trustee, County of Williamson and Denton, Dallas County, Tarrant County, City of Frisco, Lewisville ISD, and R. Girn. J. McCarthy testified. Motion GRANTED.) (Harden, D.), 69 Hearing held on 6/20/2025. (RE: related document(s)4 Motion to extend time to file schedules or new case deficiencies, excluding matrix Filed by Debtor Higher Ground Education, Inc. (Attachments: # 1 Exhibit A - Proposed Order) (O'Neil, Holland)) (Hearing Held: Counsel appeared for the Debtors, Guidepost Global Education, Inc., Yu Capital LLC, EB5AN Investment Mngt, RTS Orchards, LLC, Cosmic, Venture Lending and Leasing IX, Inc. and WTI Fund X, Inc., Quatro Development, 2HR Learning, Inc., the Office of the United States Trustee, County of Williamson and Denton, Dallas County, Tarrant County, City of Frisco, Lewisville ISD, and R. Girn. J. McCarthy testified. Motion GRANTED. Deadline to file statements and schedules extended to 7/8/25.) (Harden, D.), 70 Hearing held on 6/20/2025. (RE: related document(s)5 Motion for approval of form notice. /Debtors Emergency Motion for Entry of an Order (I) Authorizing the Debtors to Serve a Consolidated List of Creditors (II) Authorizing the Debtors to Redact Certain Personal Identification Information; (III) Approving the Form and Manner of Notifying Creditors of the Commencement of the Debtors Chapter 11 Cases and Bar Dates; and (IV) Granting Related Relief Filed by Debtor Higher Ground Education, Inc. (Attachments: # 1 Exhibit A - Proposed Order) (O'Neil, Holland)) (Hearing Held: Counsel appeared for the Debtors, Guidepost Global Education, Inc., Yu Capital LLC, EB5AN Investment Mngt, RTS Orchards, LLC, Cosmic, Venture Lending and Leasing IX, Inc. and WTI Fund X, Inc., Quatro Development, 2HR Learning, Inc., the Office of the United States Trustee, County of Williamson and Denton, Dallas County, Tarrant County, City of Frisco, Lewisville ISD, and R. Girn. J. McCarthy testified. Motion GRANTED.) (Harden, D.), 71 Hearing held on 6/20/2025. (RE: related document(s)6 Application to employ Kurtzman Carson Consultants, LLC dba Verita Global as Claims Agent Filed by Debtor Higher Ground Education, Inc. (Attachments: # 1 Exhibit A # 2 Exhibit B # 3 Exhibit C) (O'Neil, Holland)) (Hearing Held: Counsel appeared for the Debtors, Guidepost Global Education, Inc., Yu Capital LLC, EB5AN Investment Mngt, RTS Orchards, LLC, Cosmic, Venture Lending and Leasing IX, Inc. and WTI Fund X, Inc., Quatro Development, 2HR Learning, Inc., the Office of the United States Trustee, County of Williamson and Denton, Dallas County, Tarrant County, City of Frisco, Lewisville ISD, and R. Girn. J. McCarthy testified. Application APPROVED as set forth on the record.) (Harden, D.), 72 Hearing held on 6/20/2025. (RE: related document(s)7 Motion to establish procedures to Reject Executory Contracts and Unexpired Leases.. Filed by Debtor Higher Ground Education, Inc. (Attachments: # 1 Exhibit A - Proposed Order) (O'Neil, Holland)) (Hearing Held: Counsel appeared for the Debtors, Guidepost Global Education, Inc., Yu Capital LLC, EB5AN Investment Mngt, RTS Orchards, LLC, Cosmic, Venture Lending and Leasing IX, Inc. and WTI Fund X, Inc., Quatro Development, 2HR Learning, Inc., the Office of the United States Trustee, County of Williamson and Denton, Dallas County, Tarrant County, City of Frisco, Lewisville ISD, and R. Girn. J. McCarthy testified. Motion GRANTED.) (Harden, D.), 73 Hearing held on 6/20/2025. (RE: related document(s)8 Motion regarding pre or post petition contracts. /Debtors Emergency Motion for Entry of an Order (I) Authorizing the Debtors to (A) Continue Their Insurance Policies and Honor All Obligations in Respect Thereof, (B) Renew, Supplement, and Enter Into New Insurance Policies, and (C) Pay Premiums Thereunder, and (II) Granting Related Relief Filed by Debtor Higher Ground Education, Inc. (Attachments: # 1 Exhibit A # 2 Exhibit B) (O'Neil, Holland)) (Hearing Held: Counsel appeared for the Debtors, Guidepost Global Education, Inc., Yu Capital LLC, EB5AN Investment Mngt, RTS Orchards, LLC, Cosmic, Venture Lending and Leasing IX, Inc. and WTI Fund X, Inc., Quatro Development, 2HR Learning, Inc., the Office of the United States Trustee, County of Williamson and Denton, Dallas County, Tarrant County, City of Frisco, Lewisville ISD, and R. Girn. J. McCarthy testified. Motion GRANTED on final basis.) (Harden, D.), 74 Hearing held on 6/20/2025. (RE: related document(s)9 Emergency Motion to pay tax debts/Debtors Emergency Motion for Entry of an Order (I) Authorizing the Payment of Certain Prepetition Taxes and Postpetition Taxes and (II) Granting Related Relie Filed by Debtor Higher Ground Education, Inc. (Attachments: # 1 Exhibit A # 2 Exhibit B) (O'Neil, Holland)) (Hearing Held: Counsel appeared for the Debtors, Guidepost Global Education, Inc., Yu Capital LLC, EB5AN Investment Mngt, RTS Orchards, LLC, Cosmic, Venture Lending and Leasing IX, Inc. and WTI Fund X, Inc., Quatro Development, 2HR Learning, Inc., the Office of the United States Trustee, County of Williamson and Denton, Dallas County, Tarrant County, City of Frisco, Lewisville ISD, and R. Girn. J. McCarthy testified. Motion GRANTED on final basis.) (Harden, D.), 75 Hearing held on 6/20/2025. (RE: related document(s)10 Motion regarding pre or post petition contracts. /Debtors Emergency Motion for Entry of an Order (I) Authorizing the Debtors to Maintain and Administer Their Existing Deposit Programs and Honor Certain Prepetition Obligations Related Thereto and (II) Granting Related Relief Filed by Debtor Higher Ground Education, Inc. (Attachments: # 1 Exhibit A) (O'Neil, Holland)) (Hearing Held: Counsel appeared for the Debtors, Guidepost Global Education, Inc., Yu Capital LLC, EB5AN Investment Mngt, RTS Orchards, LLC, Cosmic, Venture Lending and Leasing IX, Inc. and WTI Fund X, Inc., Quatro Development, 2HR Learning, Inc., the Office of the United States Trustee, County of Williamson and Denton, Dallas County, Tarrant County, City of Frisco, Lewisville ISD, and R. Girn. J. McCarthy testified. Motion GRANTED on final basis.) (Harden, D.), 76 Hearing held on 6/20/2025. (RE: related document(s)12 Motion to pay pre-petition debt/Debtors Emergency Motion for Entry of an Order (I) Authorizing Debtors to (A) Pay Prepetition Wages, Salaries, Other Compensation, and Reimbursable Expenses, (B) Continue Employee Benefits Programs, and (II) Grant Related Relief Filed by Debtor Higher Ground Education, Inc. (Attachments: # 1 Exhibit A) (O'Neil, Holland)) (Hearing Held: Counsel appeared for the Debtors, Guidepost Global Education, Inc., Yu Capital LLC, EB5AN Investment Mngt, RTS Orchards, LLC, Cosmic, Venture Lending and Leasing IX, Inc. and WTI Fund X, Inc., Quatro Development, 2HR Learning, Inc., the Office of the United States Trustee, County of Williamson and Denton, Dallas County, Tarrant County, City of Frisco, Lewisville ISD, and R. Girn. J. McCarthy testified. Motion adjourned to subsequent hearing to be held on 7/21/2025 at 09:30 a.m.) (Harden, D.), 77 Hearing held on 6/20/2025. (RE: related document(s)12 Motion to pay pre-petition debt/Debtors Emergency Motion for Entry of an Order (I) Authorizing Debtors to (A) Pay Prepetition Wages, Salaries, Other Compensation, and Reimbursable Expenses, (B) Continue Employee Benefits Programs, and (II) Grant Related Relief Filed by Debtor Higher Ground Education, Inc. (Attachments: # 1 Exhibit A) (O'Neil, Holland)) (Hearing Held: Counsel appeared for the Debtors, Guidepost Global Education, Inc., Yu Capital LLC, EB5AN Investment Mngt, RTS Orchards, LLC, Cosmic, Venture Lending and Leasing IX, Inc. and WTI Fund X, Inc., Quatro Development, 2HR Learning, Inc., the Office of the United States Trustee, County of Williamson and Denton, Dallas County, Tarrant County, City of Frisco, Lewisville ISD, and R. Girn. J. McCarthy testified. As set forth more particularly on the record, Motion GRANTED on final basis as to Workforce Programs, provided however, relief relative to Employee Incentive Program shall be passed to subsequent hearing to be held on 7/21/2025 at 09:30 a.m.) (Harden, D.), 78 Hearing held on 6/20/2025. (RE: related document(s)13 Motion to maintain bank accounts. /Debtors Emergency Motion for Entry of an Order (I) Authorizing Debtors to (A) Continue to Operate Their Cash Management System, (B) Honor Certain Prepetition Obligations Related Thereto, (C) Maintain Existing Business Forms, and (D) Continue Certain Intercompany Transactions, and (II) Granting Related Relief Filed by Debtor Higher Ground Education, Inc. (Attachments: # 1 Exhibit A # 2 Exhibit B # 3 Exhibit C) (O'Neil, Holland)) (Hearing Held: Counsel appeared for the Debtors, Guidepost Global Education, Inc., Yu Capital LLC, EB5AN Investment Mngt, RTS Orchards, LLC, Cosmic, Venture Lending and Leasing IX, Inc. and WTI Fund X, Inc., Quatro Development, 2HR Learning, Inc., the Office of the United States Trustee, County of Williamson and Denton, Dallas County, Tarrant County, City of Frisco, Lewisville ISD, and R. Girn. J. McCarthy testified. Motion GRANTED on interim basis. Final Hearing to be held on 7/21/2025 at 09:30 a.m.) (Harden, D.), 79 Hearing held on 6/20/2025. (RE: related document(s)14 Motion for DIP financing. /Debtors Emergency Motion for Entry of Interim and Final Orders (I) Authorizing the Debtors to (A) Obtain Postpetition Senior Secured Financing from 2HR Learning, Inc.; (B) Obtain PostPetition Junior Secured Financing from Guidepost Global Education, Inc.; (C) Utilize Cash Collateral; and (D) Pay Certain Related Fees and Charges; (II) Granting Adequate Protection to the Prepetition Lender; (III) Modifying the Automatic Stay; (IV) Scheduling a Final Hearing; and (V) Granting Related Relie Filed by Debtor Higher Ground Education, Inc. (Attachments: # 1 Exhibit A # 2 Exhibit B) (O'Neil, Holland)) (Hearing Held: Counsel appeared for the Debtors, Guidepost Global Education, Inc., Yu Capital LLC, EB5AN Investment Mngt, RTS Orchards, LLC, Cosmic, Venture Lending and Leasing IX, Inc. and WTI Fund X, Inc., Quatro Development, 2HR Learning, Inc., the Office of the United States Trustee, County of Williamson and Denton, Dallas County, Tarrant County, City of Frisco, Lewisville ISD, and R. Girn. J. McCarthy testified. As set forth more particularly on the record, Motion GRANTED on interim basis. Final Hearing to be held on 7/21/2025 at 09:30 a.m.) (Harden, D.)). Transcript to be made available to the public on 10/22/2025. (Rehling, Kathy)",Transcript,False,,,https://www.courtlistener.com/docket/70568234/268/higher-ground-education-inc/,https://www.courtlistener.com/docket/70568234/higher-ground-education-inc/,
A_universe,claims agent retention,True,txnb,"Hooters of America, LLC and Wind-Down Entities",25-80078,2025-03-31,69826539,448998709,2025-08-13,759,,claims_agent,order,debtor,,"Certificate of service re: of Amy Castillo Regarding Order Approving (I) Sale and Abandonment Procedures for Certain of the Debtors De Minimis Assets; and (II) Granting Related Relief, Lease Rejection Order, and Third Lease Rejection Notice Filed by Claims Agent Kroll Restructuring Administration LLC (related document(s)708 Order approving (I) Sale and abandonment procedures for certain of the Debtors' de minimis assets; and (II) Granting related relief (related document 549) Entered on 7/31/2025., 709 Order I) Authorizing Debtors to (A) Reject certain unexpired leases of nonresidential real property and (B) Abandon property in connection therewith and (II) Granting related relief (RE: related document(s)547 Notice (generic) filed by Debtor Hooters of America, LLC). Entered on 7/31/2025, 710 Third Notice of Rejection of Unexpired Leases filed by Debtor Hooters of America, LLC (RE: related document(s)158 Order (I) Authorizing and approving procedures to reject executory contracts and unexpired leases and (II) Granting related relief (related document 16) Entered on 4/7/2025.). (Attachments: # 1 Schedule 1 # 2 Exhibit A - Proposed Rejection Order) filed by Debtor Hooters of America, LLC). (Steele, Benjamin)",Certificate of service,False,,,https://www.courtlistener.com/docket/69826539/759/hooters-of-america-llc/,https://www.courtlistener.com/docket/69826539/hooters-of-america-llc-and-wind-down-entities/,
A_universe,claims agent retention,True,txnb,"Hooters of America, LLC and Wind-Down Entities",25-80078,2025-03-31,69826539,449151903,2025-08-14,763,,claims_agent,notice,debtor,,"Certificate of service re: of Sonia Akter Regarding Second Supplemental Notice of Possible Assumption and Assignment with Respect to Executory Contracts and Unexpired Leases of the Debtors, Notice of Filing of Plan Supplement, and Notice of Filing of Proposed Order (I) Approving the Disclosure Statement on a Final Basis and (II) Confirming the Second Amended Joint Chapter 11 Plan of Reorganization of Hooters of America, LLC and Its Affiliated Debtors Filed by Claims Agent Kroll Restructuring Administration LLC (related document(s)721 Notice /Second Supplemental Notice of Possible Assumption and Assignment with Respect to Executory Contracts and Unexpired Leases of the Debtors filed by Debtor Hooters of America, LLC (RE: related document(s)563 Notice of Filing of Second Amended Joint Chapter 11 Plan of Reorganization of Hooters of America, LLC and Its Affiliated Debtors filed by Debtor Hooters of America, LLC (RE: related document(s)261 Chapter 11 plan filed by Debtor Hooters of America, LLC. (O'Neil, Holland)). (Attachments: # 1 Exhibit A - Second Amended Plan # 2 Exhibit B - Redline of Second Amended Plan) (O'Neil, Holland)). (O'Neil, Holland) filed by Debtor Hooters of America, LLC, 722 Notice of Filing of Plan Supplement filed by Debtor Hooters of America, LLC (RE: related document(s)563 Notice of Filing of Second Amended Joint Chapter 11 Plan of Reorganization of Hooters of America, LLC and Its Affiliated Debtors filed by Debtor Hooters of America, LLC (RE: related document(s)261 Chapter 11 plan filed by Debtor Hooters of America, LLC. (O'Neil, Holland)). (Attachments: # 1 Exhibit A - Second Amended Plan # 2 Exhibit B - Redline of Second Amended Plan) (O'Neil, Holland)). (Attachments: # 1 Exhibit A # 2 Exhibit B # 3 Exhibit C # 4 Exhibit D # 5 Exhibit E # 6 Exhibit F # 7 Exhibit G # 8 Exhibit H # 9 Exhibit I # 10 Exhibit J # 11 Exhibit K # 12 Exhibit L # 13 Exhibit M # 14 Exhibit N) (O'Neil, Holland) filed by Debtor Hooters of America, LLC, 723 Notice of Filing of Proposed Order (I) Approving the Disclosure Statement on a Final Basis and (II) Confirming the Second Amended Joint Plan of Reorganization of Hooters of America, LLC and Its Affiliated Debtors filed by Debtor Hooters of America, LLC filed by Debtor Hooters of America, LLC (RE: related document(s)563 Notice of Filing of Second Amended Joint Chapter 11 Plan of Reorganization of Hooters of America, LLC and Its Affiliated Debtors filed by Debtor Hooters of America, LLC (RE: related document(s)261 Chapter 11 plan filed by Debtor Hooters of America, LLC. (O'Neil, Holland)). (Attachments: # 1 Exhibit A - Second Amended Plan # 2 Exhibit B - Redline of Second Amended Plan) (O'Neil, Holland), 564 Notice of Filing of Disclosure Statement for the Second Amended Joint Plan of Reorganization of Hooters of America, LLC and Its Affiliated Debtors filed by Debtor Hooters of America, LLC (RE: related document(s)262 Disclosure statement filed by Debtor Hooters of America, LLC (RE: related document(s)1 Voluntary petition (chapter 11)). (Attachments: # 1 Exhibit A - Chapter 11 Plan # 2 Exhibit B - Restructuring Support Agreement # 3 Exhibit C - Debtors' Org Structure # 4 Exhibit D - Financial Projections - To Come # 5 Exhibit E - Liquidation Analysis - To Come)(O'Neil, Holland)). (Attachments: # 1 Exhibit A - Second Amended Disclosure Statement # 2 Exhibit B - Redline of Second Amended Disclosure Statement) (O'Neil, Holland)). (Attachments: # 1 Exhibit A - Proposed Confirmation Order) (O'Neil, Holland) filed by Debtor Hooters of America, LLC). (Steele, Benjamin)",Certificate of service,False,,,https://www.courtlistener.com/docket/69826539/763/hooters-of-america-llc/,https://www.courtlistener.com/docket/69826539/hooters-of-america-llc-and-wind-down-entities/,
A_universe,claims agent retention,True,txnb,"Hooters of America, LLC and Wind-Down Entities",25-80078,2025-03-31,69826539,449162068,2025-08-14,765,,claims_agent,notice,debtor,,"Certificate of service re: of Stanislav Kesler Regarding Solicitation Materials Filed by Claims Agent Kroll Restructuring Administration LLC (related document(s)563 Notice of Filing of Second Amended Joint Chapter 11 Plan of Reorganization of Hooters of America, LLC and Its Affiliated Debtors filed by Debtor Hooters of America, LLC (RE: related document(s)261 Chapter 11 plan filed by Debtor Hooters of America, LLC. (O'Neil, Holland)). (Attachments: # 1 Exhibit A - Second Amended Plan # 2 Exhibit B - Redline of Second Amended Plan) (O'Neil, Holland) filed by Debtor Hooters of America, LLC, 564 Notice of Filing of Disclosure Statement for the Second Amended Joint Plan of Reorganization of Hooters of America, LLC and Its Affiliated Debtors filed by Debtor Hooters of America, LLC (RE: related document(s)262 Disclosure statement filed by Debtor Hooters of America, LLC (RE: related document(s)1 Voluntary petition (chapter 11)). (Attachments: # 1 Exhibit A - Chapter 11 Plan # 2 Exhibit B - Restructuring Support Agreement # 3 Exhibit C - Debtors' Org Structure # 4 Exhibit D - Financial Projections - To Come # 5 Exhibit E - Liquidation Analysis - To Come)(O'Neil, Holland)). (Attachments: # 1 Exhibit A - Second Amended Disclosure Statement # 2 Exhibit B - Redline of Second Amended Disclosure Statement) (O'Neil, Holland) filed by Debtor Hooters of America, LLC, 567 Order (I) Scheduling A Combined Hearing on (A) Adequacy of Disclosure Statement on a Final Basis and (B) Plan Confirmation; Approval and Plan Confirmation; (III) Approving (A) Solicitation and Voting Procedures, (B) Form and Manner of Combined Hearing Notice and Objection Deadline, and (C) Notice of Non-voting Status (IV) Conditionally Approving the Disclosure Statement; and (V) Granting Related Relief (related document 263) Confirmation hearing to be held on 8/20/2025 at 09:30 AM Dallas Judge Everett Ctrm. (Attachments: # 1 Exhibit 1 # 2 Exhibit 8 # 3 Exhibit 9 # 4 Exhibit 10 # 5 Exhibit 2 # 6 Exhibit 3 # 7 Exhibit 4 # 8 Exhibit 5A # 9 Exhibit 5B # 10 Exhibit 6A # 11 Exhibit 6B # 12 Exhibit 7) Entered on 7/8/2025.). (Steele, Benjamin)",Certificate of service,False,,,https://www.courtlistener.com/docket/69826539/765/hooters-of-america-llc/,https://www.courtlistener.com/docket/69826539/hooters-of-america-llc-and-wind-down-entities/,
A_universe,claims agent retention,True,txnb,"Inspired Healthcare Capital Holdings, LLC",26-90004,2026-02-02,72222161,482145987,2026-06-09,807,,claims_agent,other,unknown,,"Certificate of service re: filed by Claims Agent Epiq Corporate Restructuring, LLC (RE: related document(s)773 Objection). (Mailloux, Kathryn)",Certificate of service,False,,,https://www.courtlistener.com/docket/72222161/807/inspired-healthcare-capital-holdings-llc/,https://www.courtlistener.com/docket/72222161/inspired-healthcare-capital-holdings-llc/,
A_universe,claims agent retention,True,txnb,"Inspired Healthcare Capital Holdings, LLC",26-90004,2026-02-02,72222161,482145986,2026-06-09,808,,claims_agent,notice,unknown,,"Certificate of service re: filed by Claims Agent Epiq Corporate Restructuring, LLC (RE: related document(s)779 Notice (generic)). (Mailloux, Kathryn)",Certificate of service,False,,,https://www.courtlistener.com/docket/72222161/808/inspired-healthcare-capital-holdings-llc/,https://www.courtlistener.com/docket/72222161/inspired-healthcare-capital-holdings-llc/,
A_universe,claims agent retention,True,txnb,"Inspired Healthcare Capital Holdings, LLC",26-90004,2026-02-02,72222161,482279295,2026-06-10,813,,claims_agent,notice,debtor,,"Certificate of service re: 2nd Monthly Fee Statement Hallie Dreiman Filed by Claims Agent Epiq Corporate Restructuring, LLC (related document(s)792 Notice // Second Monthly Fee Statement of Raymond James & Associates, Inc. as Investment Banker to the Debtors, for Compensation for Services Rendered and Reimbursement of Expenses Incurred for the Period June 2026 filed by Debtor Inspired Healthcare Capital Holdings, LLC. filed by Debtor Inspired Healthcare Capital Holdings, LLC). (Mailloux, Kathryn)",Certificate of service,False,,,https://www.courtlistener.com/docket/72222161/813/inspired-healthcare-capital-holdings-llc/,https://www.courtlistener.com/docket/72222161/inspired-healthcare-capital-holdings-llc/,
A_universe,claims agent retention,True,txnb,Inspired Senior Living of Delray Beach DST,26-90004,2026-02-02,72222785,468394722,2026-02-04,50,,claims_agent,order,debtor,"Epiq Corporate Restructuring, LLC","Certificate of service re: Filed by Claims Agent Epiq Corporate Restructuring, LLC (related document(s)2 Notice of designation as complex chapter 11 case filed by Debtor Inspired Healthcare Capital Holdings, LLC. filed by Debtor Inspired Healthcare Capital Holdings, LLC, 3 Motion for joint administration of cases 26-90001 thru 26-90161// Debtors' Emergency Motion for Entry of an Order (I) Directing Joint Administration of the Debtors' Chapter 11 Cases and (II) Granting Related Relief Filed by Debtor Inspired Healthcare Capital Holdings, LLC filed by Debtor Inspired Healthcare Capital Holdings, LLC, 4 Motion to establish procedures // Debtors Emergency Motion for Entry of an (I) Authorizing the Debtors to (A) File (1) a Consolidated Creditor Matrix, (2) a Consolidated List of Their 30 Largest Unsecured Creditors, and (3) 33 Consolidated Monthly Operating Reports, (B) Redact Certain Personally Identifiable Information for Individual Creditors, and (C) Implement Procedures to Protect Confidential Resident Information; (II) Establishing a Complex Service List; (III) Approving the Form and Manner of Notifying Creditors of Commencement of These Chapter 11 Cases; And (IV) Granting Related Relief. Filed by Debtor Inspired Healthcare Capital Holdings, LLC filed by Debtor Inspired Healthcare Capital Holdings, LLC, 5 Application to employ Epiq Corporate Restructuring, LLC as Claims Agent // Debtors' Emergency Application for Entry of Order Authorizing the Retention and Employment of Epiq Corporate Restructuring, LLC as Claims, Noticing, Solicitation, and Administrative Agent Effective as of the Petition Date Filed by Debtor Inspired Healthcare Capital Holdings, LLC filed by Debtor Inspired Healthcare Capital Holdings, LLC, 6 Motion to extend time to file schedules or new case deficiencies, excluding matrix (RE: related document(s)1 Voluntary petition (chapter 11)) Filed by Debtor Inspired Healthcare Capital Holdings, LLC filed by Debtor Inspired Healthcare Capital Holdings, LLC, 7 Motion regarding pre or post petition contracts regarding insurance. // Debtors' Emergency Motion for Entry of an Order (A) Authorizing the Debtors to (I) Maintain Their Insurance Policies and Surety Bonds, (B) Honor All Obligations Related Thereto, and (C) Amend, Renew, Supplement, Extend, or Replace Existing Coverage; (D) Modifying the Automatic Stay; and (II) Granting Related Relief Filed by Debtor Inspired Healthcare Capital Holdings, LLC filed by Debtor Inspired Healthcare Capital Holdings, LLC, 8 Motion regarding utilities. // Debtors' Emergency Motion for Entry of an Order (I)Approving Debtors Proposed Form of Adequate Assurance of Payment; (II) Establishing Procedures for Resolving Objections by Utility Companies; (III) Prohibiting Utility Companies from Altering, Refusing, or Discontinuing Service; and (IV) Granting Related Relief Filed by Debtor Inspired Healthcare Capital Holdings, LLC filed by Debtor Inspired Healthcare Capital Holdings, LLC, 9 Motion regarding pre-petition claims taxes and fees. // Debtors' Emergency Motion for Entry of Interim and Final Orders (I) Authorizing the Debtors to Pay Prepetition Taxes and Fees; and (II) Granting Related Relief Filed by Debtor Inspired Healthcare Capital Holdings, LLC filed by Debtor Inspired Healthcare Capital Holdings, LLC, 10 Motion regarding pre-petition claims for employee compensation. // Debtors' Emergency Motion for Entry of an Order (I) Authorizing the Debtors to (A) Satisfy Prepetition Employee Compensation and Benefit Obligations and (B) Continue Their Employee Programs, Policies, and Procedures in the Ordinary Course; and (III) Granting Related Relief Filed by Debtor Inspired Healthcare Capital Holdings, LLC filed by Debtor Inspired Healthcare Capital Holdings, LLC, 11 Motion to maintain bank accounts. // Debtors' Emergency Motion for Entry of an Order (I) Authorizing the Debtors to (A) Continue Their Existing Cash Management System and Maintain Their Existing Bank Accounts, (B) Continue to Perform Intercompany Transactions, and (C) Maintain Existing Business Forms and Books and Records; and (II) Granting Related Relief Filed by Debtor Inspired Healthcare Capital Holdings, LLC filed by Debtor Inspired Healthcare Capital Holdings, LLC, 13 Motion to establish procedures relating to the debtors' third-party managers. // Debtors' Emergency Motion for Entry of Interim and Final Orders (I) Authorizing the Debtors to (A) Honor and Incur Obligations to Third-Party Managers and (B) Obtain New Third-Party Management Agreements, (II) Extending Statutory Protections to Third-Party Managers, and (III) Granting Related Relief Filed by Debtor Inspired Healthcare Capital Holdings, LLC filed by Debtor Inspired Healthcare Capital Holdings, LLC, 14 Motion to reject executory contract or unexpired lease Filed by Debtor Inspired Healthcare Capital Holdings, LLC filed by Debtor Inspired Healthcare Capital Holdings, LLC, 15 Notice of hearing on First Day Motions filed by Debtor Inspired Healthcare Capital Holdings, LLC (RE: related document(s)2 Notice of designation as complex chapter 11 case filed by Debtor Inspired Healthcare Capital Holdings, LLC., 3 Motion for joint administration of cases 26-90001 thru 26-90161 // Debtors' Emergency Motion for Entry of an Order (I) Directing Joint Administration of the Debtors' Chapter 11 Cases and (II) Granting Related Relief Filed by Debtor Inspired Healthcare Capital Holdings, LLC, 4 Motion to establish procedures // Debtors Emergency Motion for Entry of an (I) Authorizing the Debtors to (A) File (1) a Consolidated Creditor Matrix, (2) a Consolidated List of Their 30 Largest Unsecured Creditors, and (3) 33 Consolidated Monthly Operating Reports, (B) Redact Certain Personally Identifiable Information for Individual Creditors, and (C) Implement Procedures to Protect Confidential Resident Information; (II) Establishing a Complex Service List; (III) Approving the Form and Manner of Notifying Creditors of Commencement of These Chapter 11 Cases; And (IV) Granting Related Relief. Filed by Debtor Inspired Healthcare Capital Holdings, LLC, 5 Application to employ Epiq Corporate Restructuring, LLC as Claims Agent // Debtors' Emergency Application for Entry of Order Authorizing the Retention and Employment of Epiq Corporate Restructuring, LLC as Claims, Noticing, Solicitation, and Administrative Agent Effective as of the Petition Date Filed by Debtor Inspired Healthcare Capital Holdings, LLC, 6 Motion to extend time to file schedules or new case deficiencies, excluding matrix (RE: related document(s)1 Voluntary petition (chapter 11)) Filed by Debtor Inspired Healthcare Capital Holdings, LLC, 7 Motion regarding pre or post petition contracts regarding insurance. // Debtors' Emergency Motion for Entry of an Order (A) Authorizing the Debtors to (I) Maintain Their Insurance Policies and Surety Bonds, (B) Honor All Obligations Related Thereto, and (C) Amend, Renew, Supplement, Extend, or Replace Existing Coverage; (D) Modifying the Automatic Stay; and (II) Granting Related Relief Filed by Debtor Inspired Healthcare Capital Holdings, LLC, 8 Motion regarding utilities. // Debtors' Emergency Motion for Entry of an Order (I)Approving Debtors Proposed Form of Adequate Assurance of Payment; (II) Establishing Procedures for Resolving Objections by Utility Companies; (III) Prohibiting Utility Companies from Altering, Refusing, or Discontinuing Service; and (IV) Granting Related Relief Filed by Debtor Inspired Healthcare Capital Holdings, LLC, 9 Motion regarding pre-petition claims taxes and fees. // Debtors' Emergency Motion for Entry of Interim and Final Orders (I) Authorizing the Debtors to Pay Prepetition Taxes and Fees; and (II) Granting Related Relief Filed by Debtor Inspired Healthcare Capital Holdings, LLC, 10 Motion regarding pre-petition claims for employee compensation. // Debtors' Emergency Motion for Entry of an Order (I) Authorizing the Debtors to (A) Satisfy Prepetition Employee Compensation and Benefit Obligations and (B) Continue Their Employee Programs, Policies, and Procedures in the Ordinary Course; and (III) Granting Related Relief Filed by Debtor Inspired Healthcare Capital Holdings, LLC, 11 Motion to maintain bank accounts. // Debtors' Emergency Motion for Entry of an Order (I) Authorizing the Debtors to (A) Continue Their Existing Cash Management System and Maintain Their Existing Bank Accounts, (B) Continue to Perform Intercompany Transactions, and (C) Maintain Existing Business Forms and Books and Records; and (II) Granting Related Relief Filed by Debtor Inspired Healthcare Capital Holdings, LLC, 12 Motion regarding pre or post petition contracts relating to debtors' refund programs. // Debtors' Motion for the Entry of an Order (I) Authorizing the Debtors to (A) Maintain, Administer, and Modify Their Refund Programs and Practices and (B) Honor Prepetiton Obligations Related Thereto, and (II) Granting Related Relief Filed by Debtor Inspired Healthcare Capital Holdings, LLC, 13 Motion to establish procedures relating to the debtors' third-party managers. // Debtors' Emergency Motion for Entry of Interim and Final Orders (I) Authorizing the Debtors to (A) Honor and Incur Obligations to Third-Party Managers and (B) Obtain New Third-Party Management Agreements, (II) Extending Statutory Protections to Third-Party Managers, and (III) Granting Related Relief Filed by Debtor Inspired Healthcare Capital Holdings, LLC). Hearing to be held on 2/4/2026 at 03:00 PM at https://us-courts.webex.com/meet/mullin for 4 and for 2 and for 3 and for 6 and for 12 and for 13 and for 11 and for 9 and for 8 and for 7 and for 5 and for 10, filed by Debtor Inspired Healthcare Capital Holdings, LLC, 17 Witness and Exhibit List // Debtors' Witness and Exhibit List for Hearing on February 4, 2026, at 3:00 p.m. (Prevailing Central Time) filed by Debtor Inspired Healthcare Capital Holdings, LLC (RE: related document(s)3 Motion for joint administration of cases 26-90001, 26-90002, 26-90003,, 26-90004,, 26-90005, 26-90006, 26-90007, 26-90008, 26-90009, 26-90010, 26-90011, 26-90012, 26-90013, 26-90014, 26-90015, 26-90016, 26-90017, 26-90018, 26-90019, 26-90020, 26-90021, 4 Motion to establish procedures // Debtors Emergency Motion for Entry of an (I) Authorizing the Debtors to (A) File (1) a Consolidated Creditor Matrix, (2) a Consolidated List of Their 30 Largest Unsecured Creditors, and (3) 33 Consolidated Monthly Oper, 5 Application to employ Epiq Corporate Restructuring, LLC as Claims Agent // Debtors' Emergency Application for Entry of Order Authorizing the Retention and Employment of Epiq Corporate Restructuring, LLC as Claims, Noticing, Solicitation, and Ad, 6 Motion to extend time to file schedules or new case deficiencies, excluding matrix (RE: related document(s)1 Voluntary petition (chapter 11)), 7 Motion regarding pre or post petition contracts regarding insurance. // Debtors' Emergency Motion for Entry of an Order (A) Authorizing the Debtors to (I) Maintain Their Insurance Policies and Surety Bonds, (B) Honor All Obligations Related The, 8 Motion regarding utilities. // Debtors' Emergency Motion for Entry of an Order (I)Approving Debtors Proposed Form of Adequate Assurance of Payment; (II) Establishing Procedures for Resolving Objections by Utility Companies; (III) Prohibiting Ut, 9 Motion regarding pre-petition claims taxes and fees. // Debtors' Emergency Motion for Entry of Interim and Final Orders (I) Authorizing the Debtors to Pay Prepetition Taxes and Fees; and (II) Granting Related Relief, 10 Motion regarding pre-petition claims for employee compensation. // Debtors' Emergency Motion for Entry of an Order (I) Authorizing the Debtors to (A) Satisfy Prepetition Employee Compensation and Benefit Obligations and (B) Continue Their Emplo, 11 Motion to maintain bank accounts. // Debtors' Emergency Motion for Entry of an Order (I) Authorizing the Debtors to (A) Continue Their Existing Cash Management System and Maintain Their Existing Bank Accounts, (B) Continue to Perform Intercompa, 12 Motion regarding pre or post petition contracts relating to debtors' refund programs. // Debtors' Motion for the Entry of an Order (I) Authorizing the Debtors to (A) Maintain, Administer, and Modify Their Refund Programs and Practices and, 13 Motion to establish procedures relating to the debtors' third-party managers. // Debtors' Emergency Motion for Entry of Interim and Final Orders (I) Authorizing the Debtors to (A) Honor and Incur Obligations to Third-Party Managers and (B)). (Attachments: # 1 Debtors' Exhibit 01 # 2 Debtors' Exhibit 02 # 3 Debtors' Exhibit 03 # 4 Debtors' Exhibit 04) filed by Debtor Inspired Healthcare Capital Holdings, LLC, 20 Agenda for Hearing scheduled on 2/4/2026 at 3:00 p.m. (Prevailing Central Time) filed by Debtor Inspired Healthcare Capital Holdings, LLC (RE: related document(s)2 Notice of designation as complex chapter 11 case filed by Debtor Inspired Healthcare Capital Holdings, LLC., 3 Motion for joint administration of cases 26-90001 thru 26-90161 // Debtors' Emergency Motion for Entry of an Order (I) Directing Joint Administration of the Debtors' Chapter 11 Cases and (II) Granting Related Relief Filed by Debtor Inspired Healthcare Capital Holdings, LLC, 4 Motion to establish procedures // Debtors Emergency Motion for Entry of an (I) Authorizing the Debtors to (A) File (1) a Consolidated Creditor Matrix, (2) a Consolidated List of Their 30 Largest Unsecured Creditors, and (3) 33 Consolidated Monthly Operating Reports, (B) Redact Certain Personally Identifiable Information for Individual Creditors, and (C) Implement Procedures to Protect Confidential Resident Information; (II) Establishing a Complex Service List; (III) Approving the Form and Manner of Notifying Creditors of Commencement of These Chapter 11 Cases; And (IV) Granting Related Relief. Filed by Debtor Inspired Healthcare Capital Holdings, LLC, 5 Application to employ Epiq Corporate Restructuring, LLC as Claims Agent // Debtors' Emergency Application for Entry of Order Authorizing the Retention and Employment of Epiq Corporate Restructuring, LLC as Claims, Noticing, Solicitation, and Administrative Agent Effective as of the Petition Date Filed by Debtor Inspired Healthcare Capital Holdings, LLC, 6 Motion to extend time to file schedules or new case deficiencies, excluding matrix (RE: related document(s)1 Voluntary petition (chapter 11)) Filed by Debtor Inspired Healthcare Capital Holdings, LLC, 7 Motion regarding pre or post petition contracts regarding insurance. // Debtors' Emergency Motion for Entry of an Order (A) Authorizing the Debtors to (I) Maintain Their Insurance Policies and Surety Bonds, (B) Honor All Obligations Related Thereto, and (C) Amend, Renew, Supplement, Extend, or Replace Existing Coverage; (D) Modifying the Automatic Stay; and (II) Granting Related Relief Filed by Debtor Inspired Healthcare Capital Holdings, LLC, 8 Motion regarding utilities. // Debtors' Emergency Motion for Entry of an Order (I)Approving Debtors Proposed Form of Adequate Assurance of Payment; (II) Establishing Procedures for Resolving Objections by Utility Companies; (III) Prohibiting Utility Companies from Altering, Refusing, or Discontinuing Service; and (IV) Granting Related Relief Filed by Debtor Inspired Healthcare Capital Holdings, LLC, 9 Motion regarding pre-petition claims taxes and fees. // Debtors' Emergency Motion for Entry of Interim and Final Orders (I) Authorizing the Debtors to Pay Prepetition Taxes and Fees; and (II) Granting Related Relief Filed by Debtor Inspired Healthcare Capital Holdings, LLC, 10 Motion regarding pre-petition claims for employee compensation. // Debtors' Emergency Motion for Entry of an Order (I) Authorizing the Debtors to (A) Satisfy Prepetition Employee Compensation and Benefit Obligations and (B) Continue Their Employee Programs, Policies, and Procedures in the Ordinary Course; and (III) Granting Related Relief Filed by Debtor Inspired Healthcare Capital Holdings, LLC, 11 Motion to maintain bank accounts. // Debtors' Emergency Motion for Entry of an Order (I) Authorizing the Debtors to (A) Continue Their Existing Cash Management System and Maintain Their Existing Bank Accounts, (B) Continue to Perform Intercompany Transactions, and (C) Maintain Existing Business Forms and Books and Records; and (II) Granting Related Relief Filed by Debtor Inspired Healthcare Capital Holdings, LLC, 12 Motion regarding pre or post petition contracts relating to debtors' refund programs. // Debtors' Motion for the Entry of an Order (I) Authorizing the Debtors to (A) Maintain, Administer, and Modify Their Refund Programs and Practices and (B) Honor Prepetiton Obligations Related Thereto, and (II) Granting Related Relief Filed by Debtor Inspired Healthcare Capital Holdings, LLC, 13 Motion to establish procedures relating to the debtors' third-party managers. // Debtors' Emergency Motion for Entry of Interim and Final Orders (I) Authorizing the Debtors to (A) Honor and Incur Obligations to Third-Party Managers and (B) Obtain New Third-Party Management Agreements, (II) Extending Statutory Protections to Third-Party Managers, and (III) Granting Related Relief Filed by Debtor Inspired Healthcare Capital Holdings, LLC, 15 Notice of hearing on First Day Motions filed by Debtor Inspired Healthcare Capital Holdings, LLC (RE: related document(s)2 Notice of designation as complex chapter 11 case filed by Debtor Inspired Healthcare Capital Holdings, LLC., 3 Motion for joint administration of cases 26-90001 thru 26-90161 // Debtors' Emergency Motion for Entry of an Order (I) Directing Joint Administration of the Debtors' Chapter 11 Cases and (II) Granting Related Relief Filed by Debtor Inspired Healthcare Capital Holdings, LLC, 4 Motion to establish procedures // Debtors Emergency Motion for Entry of an (I) Authorizing the Debtors to (A) File (1) a Consolidated Creditor Matrix, (2) a Consolidated List of Their 30 Largest Unsecured Creditors, and (3) 33 Consolidated Monthly Operating Reports, (B) Redact Certain Personally Identifiable Information for Individual Creditors, and (C) Implement Procedures to Protect Confidential Resident Information; (II) Establishing a Complex Service List; (III) Approving the Form and Manner of Notifying Creditors of Commencement of These Chapter 11 Cases; And (IV) Granting Related Relief. Filed by Debtor Inspired Healthcare Capital Holdings, LLC, 5 Application to employ Epiq Corporate Restructuring, LLC as Claims Agent // Debtors' Emergency Application for Entry of Order Authorizing the Retention and Employment of Epiq Corporate Restructuring, LLC as Claims, Noticing, Solicitation, and Administrative Agent Effective as of the Petition Date Filed by Debtor Inspired Healthcare Capital Holdings, LLC, 6 Motion to extend time to file schedules or new case deficiencies, excluding matrix (RE: related document(s)1 Voluntary petition (chapter 11)) Filed by Debtor Inspired Healthcare Capital Holdings, LLC, 7 Motion regarding pre or post petition contracts regarding insurance. // Debtors' Emergency Motion for Entry of an Order (A) Authorizing the Debtors to (I) Maintain Their Insurance Policies and Surety Bonds, (B) Honor All Obligations Related Thereto, and (C) Amend, Renew, Supplement, Extend, or Replace Existing Coverage; (D) Modifying the Automatic Stay; and (II) Granting Related Relief Filed by Debtor Inspired Healthcare Capital Holdings, LLC, 8 Motion regarding utilities. // Debtors' Emergency Motion for Entry of an Order (I)Approving Debtors Proposed Form of Adequate Assurance of Payment; (II) Establishing Procedures for Resolving Objections by Utility Companies; (III) Prohibiting Utility Companies from Altering, Refusing, or Discontinuing Service; and (IV) Granting Related Relief Filed by Debtor Inspired Healthcare Capital Holdings, LLC, 9 Motion regarding pre-petition claims taxes and fees. // Debtors' Emergency Motion for Entry of Interim and Final Orders (I) Authorizing the Debtors to Pay Prepetition Taxes and Fees; and (II) Granting Related Relief Filed by Debtor Inspired Healthcare Capital Holdings, LLC, 10 Motion regarding pre-petition claims for employee compensation. // Debtors' Emergency Motion for Entry of an Order (I) Authorizing the Debtors to (A) Satisfy Prepetition Employee Compensation and Benefit Obligations and (B) Continue Their Employee Programs, Policies, and Procedures in the Ordinary Course; and (III) Granting Related Relief Filed by Debtor Inspired Healthcare Capital Holdings, LLC, 11 Motion to maintain bank accounts. // Debtors' Emergency Motion for Entry of an Order (I) Authorizing the Debtors to (A) Continue Their Existing Cash Management System and Maintain Their Existing Bank Accounts, (B) Continue to Perform Intercompany Transactions, and (C) Maintain Existing Business Forms and Books and Records; and (II) Granting Related Relief Filed by Debtor Inspired Healthcare Capital Holdings, LLC, 12 Motion regarding pre or post petition contracts relating to debtors' refund programs. // Debtors' Motion for the Entry of an Order (I) Authorizing the Debtors to (A) Maintain, Administer, and Modify Their Refund Programs and Practices and (B) Honor Prepetiton Obligations Related Thereto, and (II) Granting Related Relief Filed by Debtor Inspired Healthcare Capital Holdings, LLC, 13 Motion to establish procedures relating to the debtors' third-party managers. // Debtors' Emergency Motion for Entry of Interim and Final Orders (I) Authorizing the Debtors to (A) Honor and Incur Obligations to Third-Party Managers and (B) Obtain New Third-Party Management Agreements, (II) Extending Statutory Protections to Third-Party Managers, and (III) Granting Related Relief Filed by Debtor Inspired Healthcare Capital Holdings, LLC). Hearing to be held on 2/4/2026 at 03:00 PM at https://us-courts.webex.com/meet/mullin for 4 and for 2 and for 3 and for 6 and for 12 and for 13 and for 11 and for 9 and for 8 and for 7 and for 5 and for 10,, 17 Witness and Exhibit List // Debtors' Witness and Exhibit List for Hearing on February 4, 2026, at 3:00 p.m. (Prevailing Central Time) filed by Debtor Inspired Healthcare Capital Holdings, LLC (RE: related document(s)3 Motion for joint administration of cases 26-90001, 26-90002, 26-90003,, 26-90004,, 26-90005, 26-90006, 26-90007, 26-90008, 26-90009, 26-90010, 26-90011, 26-90012, 26-90013, 26-90014, 26-90015, 26-90016, 26-90017, 26-90018, 26-90019, 26-90020, 26-90021, 4 Motion to establish procedures // Debtors Emergency Motion for Entry of an (I) Authorizing the Debtors to (A) File (1) a Consolidated Creditor Matrix, (2) a Consolidated List of Their 30 Largest Unsecured Creditors, and (3) 33 Consolidated Monthly Oper, 5 Application to employ Epiq Corporate Restructuring, LLC as Claims Agent // Debtors' Emergency Application for Entry of Order Authorizing the Retention and Employment of Epiq Corporate Restructuring, LLC as Claims, Noticing, Solicitation, and Ad, 6 Motion to extend time to file schedules or new case deficiencies, excluding matrix (RE: related document(s)1 Voluntary petition (chapter 11)), 7 Motion regarding pre or post petition contracts regarding insurance. // Debtors' Emergency Motion for Entry of an Order (A) Authorizing the Debtors to (I) Maintain Their Insurance Policies and Surety Bonds, (B) Honor All Obligations Related The, 8 Motion regarding utilities. // Debtors' Emergency Motion for Entry of an Order (I)Approving Debtors Proposed Form of Adequate Assurance of Payment; (II) Establishing Procedures for Resolving Objections by Utility Companies; (III) Prohibiting Ut, 9 Motion regarding pre-petition claims taxes and fees. // Debtors' Emergency Motion for Entry of Interim and Final Orders (I) Authorizing the Debtors to Pay Prepetition Taxes and Fees; and (II) Granting Related Relief, 10 Motion regarding pre-petition claims for employee compensation. // Debtors' Emergency Motion for Entry of an Order (I) Authorizing the Debtors to (A) Satisfy Prepetition Employee Compensation and Benefit Obligations and (B) Continue Their Emplo, 11 Motion to maintain bank accounts. // Debtors' Emergency Motion for Entry of an Order (I) Authorizing the Debtors to (A) Continue Their Existing Cash Management System and Maintain Their Existing Bank Accounts, (B) Continue to Perform Intercompa, 12 Motion regarding pre or post petition contracts relating to debtors' refund programs. // Debtors' Motion for the Entry of an Order (I) Authorizing the Debtors to (A) Maintain, Administer, and Modify Their Refund Programs and Practices and, 13 Motion to establish procedures relating to the debtors' third-party managers. // Debtors' Emergency Motion for Entry of Interim and Final Orders (I) Authorizing the Debtors to (A) Honor and Incur Obligations to Third-Party Managers and (B)). (Attachments: # 1 Debtors' Exhibit 01 # 2 Debtors' Exhibit 02 # 3 Debtors' Exhibit 03 # 4 Debtors' Exhibit 04)). filed by Debtor Inspired Healthcare Capital Holdings, LLC, 27 Amended Motion. // Debtors' Amended Emergency Motion for Entry of an Order (I) Authorizing the Debtors to (A) Satisfy Prepetition Employee Compensation and Benefit Obligations and (B) Continue Their Employee Programs, Policies, and Procedures in the Ordinary Course; and (III) Granting Related Relief (related document: 10) Filed by Debtor Inspired Healthcare Capital Holdings, LLC filed by Debtor Inspired Healthcare Capital Holdings, LLC, 28 Motion for DIP financing. // Debtors' Emergency Motion for Entry of Interim and Final Orders (I) Authorizing (A) Postpetition Financing and (B) Use of Cash Collateral, (II) Granting Liens and Providing Superpriority Administrative Expense Claims, (III) Granting Adequate Protection to Prepetition Secured Parties, (IV) Modifying the Automatic Stay, (V) Scheduling Final Hearing, and (VI) Granting Related Relief Filed by Debtor Inspired Healthcare Capital Holdings, LLC filed by Debtor Inspired Healthcare Capital Holdings, LLC, 29 Notice of Filing of Revised Joint Administration Order filed by Debtor Inspired Healthcare Capital Holdings, LLC (RE: related document(s)3 Motion for joint administration of cases 26-90001 thru 26-90161 // Debtors' Emergency Motion for Entry of an Order (I) Directing Joint Administration of the Debtors' Chapter 11 Cases and (II) Granting Related Relief Filed by Debtor Inspired Healthcare Capital Holdings, LLC). filed by Debtor Inspired Healthcare Capital Holdings, LLC, 30 Notice of Filing of Revised Refund Programs Order filed by Debtor Inspired Healthcare Capital Holdings, LLC (RE: related document(s)12 Motion regarding pre or post petition contracts relating to debtors' refund programs. // Debtors' Motion for the Entry of an Order (I) Authorizing the Debtors to (A) Maintain, Administer, and Modify Their Refund Programs and Practices and (B) Honor Prepetiton Obligations Related Thereto, and (II) Granting Related Relief Filed by Debtor Inspired Healthcare Capital Holdings, LLC). filed by Debtor Inspired Healthcare Capital Holdings, LLC, 31 Notice of Filing of Revised Interim Third-Party Manager Order filed by Debtor Inspired Healthcare Capital Holdings, LLC (RE: related document(s)13 Motion to establish procedures relating to the debtors' third-party managers. // Debtors' Emergency Motion for Entry of Interim and Final Orders (I) Authorizing the Debtors to (A) Honor and Incur Obligations to Third-Party Managers and (B) Obtain New Third-Party Management Agreements, (II) Extending Statutory Protections to Third-Party Managers, and (III) Granting Related Relief Filed by Debtor Inspired Healthcare Capital Holdings, LLC). filed by Debtor Inspired Healthcare Capital Holdings, LLC, 32 Declaration re: Declaration of David B. Fields in Support of the Debtors' Emergency Motion for Entry of Interim and Final Orders (I) Authorizing (A) Postpetition Financing and (B) Use of Cash Collateral, (II) Granting Liens and Providing Superpriority Administrative Expense Claims, (III) Granting Adequate Protection to Prepetition Secured Parties, (IV) Modifying the Automatic Stay, (V) Scheduling Final Hearing, and (VI) Granting Related Relief filed by Debtor Inspired Healthcare Capital Holdings, LLC (RE: related document(s)28 Motion for DIP financing. // Debtors' Emergency Motion for Entry of Interim and Final Orders (I) Authorizing (A) Postpetition Financing and (B) Use of Cash Collateral, (II) Granting Liens and Providing Superpriority Administrative Expense Clai). filed by Debtor Inspired Healthcare Capital Holdings, LLC, 33 Declaration re: // Declaration of M. Benjamin Jones in Support of Chapter 11 Petitions and First Day Pleadings filed by Debtor Inspired Healthcare Capital Holdings, LLC (RE: related document(s)2 Notice of designation as complex chapter 11 case, 3 Motion for joint administration of cases 26-90001, 26-90002, 26-90003,, 26-90004,, 26-90005, 26-90006, 26-90007, 26-90008, 26-90009, 26-90010, 26-90011, 26-90012, 26-90013, 26-90014, 26-90015, 26-90016, 26-90017, 26-90018, 26-90019, 26-90020, 26-90021, 4 Motion to establish procedures // Debtors Emergency Motion for Entry of an (I) Authorizing the Debtors to (A) File (1) a Consolidated Creditor Matrix, (2) a Consolidated List of Their 30 Largest Unsecured Creditors, and (3) 33 Consolidated Monthly Oper, 5 Application to employ Epiq Corporate Restructuring, LLC as Claims Agent // Debtors' Emergency Application for Entry of Order Authorizing the Retention and Employment of Epiq Corporate Restructuring, LLC as Claims, Noticing, Solicitation, and Ad, 6 Motion to extend time to file schedules or new case deficiencies, excluding matrix (RE: related document(s)1 Voluntary petition (chapter 11)), 7 Motion regarding pre or post petition contracts regarding insurance. // Debtors' Emergency Motion for Entry of an Order (A) Authorizing the Debtors to (I) Maintain Their Insurance Policies and Surety Bonds, (B) Honor All Obligations Related The, 8 Motion regarding utilities. // Debtors' Emergency Motion for Entry of an Order (I)Approving Debtors Proposed Form of Adequate Assurance of Payment; (II) Establishing Procedures for Resolving Objections by Utility Companies; (III) Prohibiting Ut, 9 Motion regarding pre-petition claims taxes and fees. // Debtors' Emergency Motion for Entry of Interim and Final Orders (I) Authorizing the Debtors to Pay Prepetition Taxes and Fees; and (II) Granting Related Relief, 11 Motion to maintain bank accounts. // Debtors' Emergency Motion for Entry of an Order (I) Authorizing the Debtors to (A) Continue Their Existing Cash Management System and Maintain Their Existing Bank Accounts, (B) Continue to Perform Intercompa, 12 Motion regarding pre or post petition contracts relating to debtors' refund programs. // Debtors' Motion for the Entry of an Order (I) Authorizing the Debtors to (A) Maintain, Administer, and Modify Their Refund Programs and Practices and, 13 Motion to establish procedures relating to the debtors' third-party managers. // Debtors' Emergency Motion for Entry of Interim and Final Orders (I) Authorizing the Debtors to (A) Honor and Incur Obligations to Third-Party Managers and (B), 27 Amended Motion. // Debtors' Amended Emergency Motion for Entry of an Order (I) Authorizing the Debtors to (A) Satisfy Prepetition Employee Compensation and Benefit Obligations and (B) Continue Their Employee Programs, Policies, and Procedures i, 28 Motion for DIP financing. // Debtors' Emergency Motion for Entry of Interim and Final Orders (I) Authorizing (A) Postpetition Financing and (B) Use of Cash Collateral, (II) Granting Liens and Providing Superpriority Administrative Expense Clai). filed by Debtor Inspired Healthcare Capital Holdings, LLC). (Mailloux, Kathryn)Modified on 2/5/2026 (dc).",,False,,,https://www.courtlistener.com/docket/72222785/50/inspired-healthcare-capital-holdings-llc/,https://www.courtlistener.com/docket/72222785/inspired-senior-living-of-delray-beach-dst/,
A_universe,claims agent retention,True,txnb,Inspired Senior Living of Delray Beach DST,26-90004,2026-02-02,72222785,468394738,2026-02-04,65,,claims_agent,order,debtor,"Epiq Corporate Restructuring, LLC","Hearing held on 2/4/2026. (RE: related document(s)5 Application to employ Epiq Corporate Restructuring, LLC as Claims Agent // Debtors' Emergency Application for Entry of Order Authorizing the Retention and Employment of Epiq Corporate Restructuring, LLC as Claims, Noticing, Solicitation, and Administrative Agent Effective as of the Petition Date Filed by Debtor Inspired Healthcare Capital Holdings, LLC) - GRANTED - (Trevino, Myah)",,False,,,https://www.courtlistener.com/docket/72222785/65/inspired-healthcare-capital-holdings-llc/,https://www.courtlistener.com/docket/72222785/inspired-senior-living-of-delray-beach-dst/,
A_universe,claims agent retention,True,txnb,Inspired Senior Living of Delray Beach DST,26-90004,2026-02-02,72222785,468394743,2026-02-04,70,,claims_agent,retention_application,debtor,"Epiq Corporate Restructuring, LLC","(1 pg) Court admitted exhibits date of hearing 2/4/2026 (RE: related document(s)2 Notice of designation as complex chapter 11 case, 3 Motion for joint administration of cases, 4 Motion to establish procedures, 5 Application to employ Epiq Corporate Restructuring, LLC as Claims Agent, 6 Motion to extend time to file schedules or new case deficiencies, excluding matrix, 7 Motion regarding pre or post petition contracts regarding insurance, 8 Motion regarding utilities, 9 Motion regarding pre-petition claims taxes and fees, 11 Motion to maintain bank accounts, 12 Motion regarding pre or post petition contracts relating to debtors' refund programs. // Debtors' Motion for the Entry of an Order (I) Authorizing the Debtors to (A) Maintain, Administer, and Modify Their Refund Programs and Practices and (B) Honor Prepetiton Obligations Related Thereto, and (II) Granting Related Relief Filed by Debtor Inspired Healthcare Capital Holdings, LLC, 13 Motion to establish procedures relating to the debtors' third-party managers, 27 Amended Motion. (related document: 10), 28 Motion for DIP financing. (Trevino, Myah) (Main Document 70 replaced on 2/6/2026) (Trevino, Myah). (Entered: 02/05/2026)",,False,,,https://www.courtlistener.com/docket/72222785/70/inspired-healthcare-capital-holdings-llc/,https://www.courtlistener.com/docket/72222785/inspired-senior-living-of-delray-beach-dst/,
A_universe,claims agent retention,True,txnb,"PrimaLend Capital Partners, LP",25-90013,2025-10-22,71717482,456337809,2025-10-22,29,,claims_agent,rule_2014_declaration,debtor,"Stretto, Inc","Declaration re: Debtors' Chapter 11 Petitions and Requests for First Day Relief filed by Debtor PrimaLend Capital Partners, LP (RE: related document(s)4 Motion for joint administration of cases 25-90013, 25-90014 and 25-90015, 5 Notice of designation as complex chapter 11 case, 6 Application to employ Stretto, Inc. as Claims Agent, 9 Motion to establish procedures - Emergency Motion for Entry of an Order (I) Authorizing the Debtors to File (A) a Consolidated Creditor Matrix, (B) a Consolidated List of Top 30 Unsecured Creditors; (II) Authorizing the Debtors to Redact Certain PII fr, 10 Motion to pay pre-petition debt- Debtors' Emergency Motion for Entry of Order (I) Authorizing the Debtors to Pay Prepetition Wages, Compensation, and Employee Benefits, and (II) Granting Related Relief, 11 Motion to pay tax debts- Debtors' Emergency Motion for an Order (I) Authorizing the Debtors to Pay Certain Taxes and Fees and (II) Granting Related Relief, 12 Motion regarding utilities. - Debtors' Emergency Motion for an Order (I) Prohibiting Utilities from Altering, Refusing, or Discontinuing Service; (II) Deeming Utilities Adequately Assured of Future Performance; (III) Establishing Procedures for, 14 Motion regarding pre or post petition contracts. - Debtors' Emergency Motion for an Order (I) Authorizing the Debtors to (A) Continue Prepetition Insurance Coverage and Satisfy Prepetition Obligations Related Thereto, and (B) Renew, Amend, Supp, 17 Motion to extend time to file schedules or new case deficiencies, excluding matrix (RE: related document(s)2 Notice of deficiency), 20 Motion to maintain bank accounts. - Debtors' Emergency Motion (I) Authorizing the Debtors to (A) Continue to Operate Their Existing Cash Management System and Maintain Existing Bank Accounts, (B) Continue Using Existing Checks and Business Form, 26 Motion to establish procedures. - Debtors' Emergency Motion for Entry of Interim and Final Orders (I) Authorizing the Debtors to Continue Their Servicing Obligations, (II) Approving Loss Mitigation and Settlement Procedures, and (III) Granting). (Kathman, Jason)",Declaration,True,35,recap/gov.uscourts.txnb.533992/gov.uscourts.txnb.533992.29.0.pdf,https://www.courtlistener.com/docket/71717482/29/primalend-capital-partners-lp/,https://www.courtlistener.com/docket/71717482/primalend-capital-partners-lp/,Case 25-90013-mxm11 Doc 29 Filed 10/22/25 Entered 10/22/25 15:56:40 Desc Main Document Page 1 of 35 IN THE UNITED STATES BANKRUPTCY COURT FOR THE NORTHERN DISTRICT OF TEXAS FORT WORTH DIVISION In re: § Chapter 11 § PRIMALEND
A_universe,claims agent retention,True,txnb,"PrimaLend Capital Partners, LP",25-90013,2025-10-22,71717482,456361425,2025-10-22,31,,claims_agent,retention_application,debtor,"Stretto, Inc","Notice of hearing on First Day Matters filed by Debtor PrimaLend Capital Partners, LP (RE: related document(s)4 Motion for joint administration of cases 25-90013, 25-90014 and 25-90015 Filed by Debtor PrimaLend Capital Partners, LP (Attachments: # 1 Proposed Order), 5 Notice of designation as complex chapter 11 case filed by Debtor PrimaLend Capital Partners, LP. (Attachments: # 1 Proposed Order), 6 Application to employ Stretto, Inc. as Claims Agent Filed by Debtor PrimaLend Capital Partners, LP (Attachments: # 1 Exhibit A - Proposed Order # 2 Exhibit B - Services Agreement # 3 Exhibit C - Declaration of Sheryl Betance in Support of Application), 9 Motion to establish procedures - Emergency Motion for Entry of an Order (I) Authorizing the Debtors to File (A) a Consolidated Creditor Matrix, (B) a Consolidated List of Top 30 Unsecured Creditors; (II) Authorizing the Debtors to Redact Certain PII from the Consolidated Creditor Matrix, Top 30 List, and List of Equity Holders; (III) Establishing a Complex Service List; (IV) Authorizing the Form and Manner of Notice of Commencement; and (IV) Granting Related Relief. Filed by Debtor PrimaLend Capital Partners, LP (Attachments: # 1 Exhibit A - Proposed Order), 10 Motion to pay pre-petition debt- Debtors' Emergency Motion for Entry of Order (I) Authorizing the Debtors to Pay Prepetition Wages, Compensation, and Employee Benefits, and (II) Granting Related Relief Filed by Debtor PrimaLend Capital Partners, LP (Attachments: # 1 Exhibit A - Proposed Order), 11 Motion to pay tax debts- Debtors' Emergency Motion for an Order (I) Authorizing the Debtors to Pay Certain Taxes and Fees and (II) Granting Related Relief Filed by Debtor PrimaLend Capital Partners, LP (Attachments: # 1 Exhibit A - Proposed Order # 2 Exhibit B - List of Taxing Authorities), 12 Motion regarding utilities. - Debtors' Emergency Motion for an Order (I) Prohibiting Utilities from Altering, Refusing, or Discontinuing Service; (II) Deeming Utilities Adequately Assured of Future Performance; (III) Establishing Procedures for Determining Adequate Assurance of Payment; and (IV) Granting Related Relief Filed by Debtor PrimaLend Capital Partners, LP (Attachments: # 1 Exhibit A - Proposed Order # 2 Exhibit B - Utility Service List), 14 Motion regarding pre or post petition contracts. - Debtors' Emergency Motion for an Order (I) Authorizing the Debtors to (A) Continue Prepetition Insurance Coverage and Satisfy Prepetition Obligations Related Thereto, and (B) Renew, Amend, Supplement, Extend, or Purchase Insurance Coverage on a Postpetition Basis in the Ordinary Course; (II) Modifying the Automatic Stay Solely with Respect to Workers' Compensation Claims; and (III) Granting Related Relief Filed by Debtor PrimaLend Capital Partners, LP (Attachments: # 1 Exhibit A - Proposed Order # 2 Exhibit B - Schedule of Insurance Policies), 17 Motion to extend time to file schedules or new case deficiencies, excluding matrix (RE: related document(s)2 Notice of deficiency) Filed by Debtor PrimaLend Capital Partners, LP (Attachments: # 1 Exhibit A - Proposed Order), 20 Motion to maintain bank accounts. - Debtors' Emergency Motion (I) Authorizing the Debtors to (A) Continue to Operate Their Existing Cash Management System and Maintain Existing Bank Accounts, (B) Continue Using Existing Checks and Business Forms, (C) Maintain Their Corporate Card Program, and (D) Continue Intercompany Transactions; (II) Waiving Certain UST Guidelines; and (III) Granting Related Relief Filed by Debtor PrimaLend Capital Partners, LP (Attachments: # 1 Exhibit A - Proposed Order # 2 Exhibit B - Cash Management System # 3 Exhibit C - Cash Management System), 26 Motion to establish procedures. - Debtors' Emergency Motion for Entry of Interim and Final Orders (I) Authorizing the Debtors to Continue Their Servicing Obligations, (II) Approving Loss Mitigation and Settlement Procedures, and (III) Granting Related Relief Filed by Debtor PrimaLend Capital Partners, LP (Attachments: # 1 Exhibit A - Proposed Interim Order # 2 Exhibit B - Proposed Final Order), 30 Motion for DIP financing. - Debtors' Emergency Motion for Entry of Interim and Final Orders (I) Authorizing (A) Postpetition Financing and (B) the Use of Cash Collateral, (II) Granting Liens and Providing Superpriority Administrative Expense Claims; (III) Granting Adequate Protection to Prepetition Lenders, (IV) Modifying the Automatic Stay, (V) Scheduling a Final Hearing, and (VI) Granting Related Relief Filed by Debtor PrimaLend Capital Partners, LP (Attachments: # 1 Exhibit A - Declaration of J. Lewis in Support of the DIP Motion # 2 Exhibit B - Proposed Interim Order)). Hearing to be held on 10/24/2025 at 09:00 AM Ft. Worth, Judge Mullin's Ctrm. for 5 and for 12 and for 11 and for 30 and for 14 and for 9 and for 4 and for 26 and for 6 and for 17 and for 10 and for 20, (Kathman, Jason)",Notice of hearing,False,,,https://www.courtlistener.com/docket/71717482/31/primalend-capital-partners-lp/,https://www.courtlistener.com/docket/71717482/primalend-capital-partners-lp/,
A_universe,claims agent retention,True,txnb,"PrimaLend Capital Partners, LP",25-90013,2025-10-22,71717482,481977807,2026-06-08,510,,claims_agent,retention_application,unknown,,"Certificate of service re: Motion Motion for Entry of an Order Extending the Claim Objection Deadline (Docket No. 503) Filed by Claims Agent Stretto (related document(s)503 Motion to extend time to object to claims Filed by Trustee Tripp Lane Objections due by 6/22/2026. (Attachments: # 1 Exhibit A) filed by Trustee Tripp Lane). (Betance, Sheryl)",Certificate of service,False,,,https://www.courtlistener.com/docket/71717482/510/primalend-capital-partners-lp/,https://www.courtlistener.com/docket/71717482/primalend-capital-partners-lp/,
A_universe,claims agent retention,True,txnb,"Prospect Medical Holdings, Inc.",25-80002,2025-01-11,69537289,481692123,2026-06-05,5132,,claims_agent,retention_application,unknown,,"Certificate of service re: Certificate of No Objection Regarding Duane Morris LLPs Amended Third Interim and Final Fee Application [Docket No. 5126] Filed by Claims Agent Omni Agent Solutions, Inc. (related document(s)5126 Certificate of no objection filed by Spec. Counsel Duane Morris LLP (RE: related document(s)5037 Notice (generic)). (Attachments: # 1 Proposed Order) filed by Spec. Counsel Duane Morris LLP). (Lowry, Randy)",Certificate of service,False,,,https://www.courtlistener.com/docket/69537289/5132/prospect-medical-holdings-inc/,https://www.courtlistener.com/docket/69537289/prospect-medical-holdings-inc/,
A_universe,claims agent retention,True,txnb,"Prospect Medical Holdings, Inc.",25-80002,2025-01-11,69537289,481692108,2026-06-05,5133,,claims_agent,order,unknown,,"Certificate of service re: (Supplemental Service) Notice of Rejection of Certain Executory Contracts and Unexpired Leases Previously Identified as Deferred Decision Contracts [Docket No. 5117] Filed by Claims Agent Omni Agent Solutions, Inc. (related document(s)5117 Notice of Rejection of Certain Executory Contracts and Unexpired Leases Previously Identified as Deferred Decision Contracts or Leases filed by Interested Party Frank Saidara (RE: related document(s)605 Order granting motion (I) Authorizing rejection of certain executory contracts and unexpired leases on nonresidential real property, (II) Approving procedures for future rejection of additional executory contracts and unexpired leases, and (III) Granting related relief (related document 8) Entered on 2/12/2025.). (Attachments: # 1 Exhibit A Rejected Deferred Decision Contracts # 2 Exhibit B Rejected Deferred Decision Leases) filed by Interested Party Frank Saidara). (Lowry, Randy)",Certificate of service,False,,,https://www.courtlistener.com/docket/69537289/5133/prospect-medical-holdings-inc/,https://www.courtlistener.com/docket/69537289/prospect-medical-holdings-inc/,
A_universe,claims agent retention,True,txnb,"Prospect Medical Holdings, Inc.",25-80002,2025-01-11,69537289,481769048,2026-06-05,5134,,claims_agent,order,unknown,,"Certificate of service re: Notice of Rejection of Certain Executory Contracts and Unexpired Leases Previously Identified as Deferred Decision Contracts [Docket No. 5117] Filed by Claims Agent Omni Agent Solutions, Inc. (related document(s)5117 Notice of Rejection of Certain Executory Contracts and Unexpired Leases Previously Identified as Deferred Decision Contracts or Leases filed by Interested Party Frank Saidara (RE: related document(s)605 Order granting motion (I) Authorizing rejection of certain executory contracts and unexpired leases on nonresidential real property, (II) Approving procedures for future rejection of additional executory contracts and unexpired leases, and (III) Granting related relief (related document 8) Entered on 2/12/2025.). (Attachments: # 1 Exhibit A Rejected Deferred Decision Contracts # 2 Exhibit B Rejected Deferred Decision Leases) filed by Interested Party Frank Saidara). (Lowry, Randy)",Certificate of service,False,,,https://www.courtlistener.com/docket/69537289/5134/prospect-medical-holdings-inc/,https://www.courtlistener.com/docket/69537289/prospect-medical-holdings-inc/,
A_universe,claims agent retention,True,txnb,"Prospect Waterbury, Inc.",25-80038,2025-01-12,69537391,451269911,2025-08-22,2921,,claims_agent,retention_application,debtor,,"Certificate of service re: First Interim Fee Application of the Law Office of Vincent P. Slusher for Compensation and Reimbursement of Expenses for the Period from April 1, 2025 Through and Including June 30, 2025 [Docket No. 2823], and Amended Second Interim Fee Application of Houlihan Lokey Capital, Inc., as Investment Banker for the Debtors for the Period from April 1, 2025 Through June 30, 2025 [Docket No. 2825] Filed by Claims Agent Omni Agent Solutions, Inc. (related document(s)2823 Application for compensation The First Interim Fee Application of The Law Office of Vincent P. Slusher for Compensation and Reimbursement of Expenses for the Period from April 1, 2025 through and Including June 30, 2025 for Prospect Medical Holdings, Inc., Special Counsel, Period: 4/1/2025 to 6/30/2025, Fee: $128,714.00, Expenses: $.0. Filed by Debtor Prospect Medical Holdings, Inc. (Attachments: # 1 Exhibit A # 2 Exhibit B # 3 Exhibit C) filed by Debtor Prospect Medical Holdings, Inc., 2825 Amended application for compensation Amended Second Interim Application of Houlihan Lokey Capital, Inc., as Investment Banker for the Debtors for the Period from April 1, 2025 through June 30, 2025 for Prospect Medical Holdings, Inc., Financial Advisor, Period: 4/1/2025 to 6/30/2025, Fee: $600,000.00, Expenses: $36,006.82. Filed by Debtor Prospect Medical Holdings, Inc. (Attachments: # 1 Exhibit A # 2 Exhibit B # 3 Exhibit C) filed by Debtor Prospect Medical Holdings, Inc.). (Heck, Will)",,False,,,https://www.courtlistener.com/docket/69537391/2921/prospect-medical-holdings-inc/,https://www.courtlistener.com/docket/69537391/prospect-waterbury-inc/,
A_universe,claims agent retention,True,txnb,"Prospect Waterbury, Inc.",25-80038,2025-01-12,69537391,451269914,2025-08-22,2923,,claims_agent,retention_application,debtor,,"Certificate of service re: Debtors Emergency Motion for Entry of an Order (I) Approving a Settlement Agreement with the Foundation Parties Pursuant to Federal Rule of Bankruptcy Procedure 9019 and (II) Granting Related Relief [Docket No. 2840], Declaration of Paul Rundell in Support of the Debtors Emergency Motion for Entry of an Order (I) Approving a Settlement Agreement with the Foundation Parties Pursuant to Federal Rule of Bankruptcy Procedure 9019 and (II) Granting Related Relief [Docket No. 2841], and Emergency Notice of Hearing for August 20, 2025 Setting [Docket No. 2842] Filed by Claims Agent Omni Agent Solutions, Inc. (related document(s)2840 Motion to compromise controversy with The Foundation for Delaware County (PA) f/k/a Crozer-Keystone Community Foundation and f/k/a Crozer-Chester Foundation and CKHS, Inc. f/k/a Crozer-Keystone Health 3 System. Debtors Emergency Motion For Entry Of An Order (I) Approving A Settlement Agreement With The Foundation Parties Pursuant To Federal Rule Of Bankruptcy Procedure 9019 And (II) Granting Related Relief Filed by Debtor Prospect Medical Holdings, Inc. (Attachments: # 1 Exhibit A) filed by Debtor Prospect Medical Holdings, Inc., 2841 Declaration re: Paul Rundell in Support of The Debtors Emergency Motion for Entry of an Order (I) Approving a Settlement Agreement with the Foundation Parties Pursuant to Federal Rule of Bankruptcy Procedure 9019 and (II) Granting Related Relief filed by Debtor Prospect Medical Holdings, Inc. (RE: related document(s)2840 Motion to compromise controversy with The Foundation for Delaware County (PA) f/k/a Crozer-Keystone Community Foundation and f/k/a Crozer-Chester Foundation and CKHS, Inc. f/k/a Crozer-Keystone Health 3 System. Debtors Emergency Motion For Entry O). filed by Debtor Prospect Medical Holdings, Inc., 2842 Emergency Notice of hearing for August 20, 2025 Setting filed by Debtor Prospect Medical Holdings, Inc. (RE: related document(s)2840 Motion to compromise controversy with The Foundation for Delaware County (PA) f/k/a Crozer-Keystone Community Foundation and f/k/a Crozer-Chester Foundation and CKHS, Inc. f/k/a Crozer-Keystone Health 3 System. Debtors Emergency Motion For Entry Of An Order (I) Approving A Settlement Agreement With The Foundation Parties Pursuant To Federal Rule Of Bankruptcy Procedure 9019 And (II) Granting Related Relief Filed by Debtor Prospect Medical Holdings, Inc. (Attachments: # 1 Exhibit A)). Hearing to be held on 8/20/2025 at 10:30 AM Dallas Judge Jernigan Ctrm for 2840, filed by Debtor Prospect Medical Holdings, Inc.). (Heck, Will)",,False,,,https://www.courtlistener.com/docket/69537391/2923/prospect-medical-holdings-inc/,https://www.courtlistener.com/docket/69537391/prospect-waterbury-inc/,
A_universe,claims agent retention,True,txnb,"Prospect Waterbury, Inc.",25-80038,2025-01-12,69537391,451269919,2025-08-22,2925,,claims_agent,other,debtor,,"Certificate of service re: Witness and Exhibit List for Hearing Scheduled for August 20, 2025 at 10:30 A.M. (Prevailing Central Time) [Docket No. 2852] Filed by Claims Agent Omni Agent Solutions, Inc. (related document(s)2852 Witness and Exhibit List for Hearing Scheduled for August 20, 2025 at 10:30 A.M. filed by Debtor Prospect Medical Holdings, Inc. (RE: related document(s)2844 Disclosure statement). (Attachments: # 1 Exhibit 1 # 2 Exhibit 2 # 3 Exhibit 3 # 4 Exhibit 4 # 5 Exhibit 5 # 6 Exhibit 6 # 7 Exhibit 7 # 8 Exhibit 8 # 9 Exhibit 9 # 10 Exhibit 10 # 11 Exhibit 11 # 12 Exhibit 12 # 13 Exhibit 13 # 14 Exhibit 14 # 15 Exhibit 15 # 16 Exhibit 16 # 17 Exhibit 17 # 18 Exhibit 18 # 19 Exhibit 19 # 20 Exhibit 20 # 21 Exhibit 21 # 22 Exhibit 22 # 23 Exhibit 23 # 24 Exhibit 24 # 25 Exhibit 25 # 26 Exhibit 26 # 27 Exhibit 27 # 28 Exhibit 28 # 29 Exhibit 29) filed by Debtor Prospect Medical Holdings, Inc.). (Heck, Will)",,False,,,https://www.courtlistener.com/docket/69537391/2925/prospect-medical-holdings-inc/,https://www.courtlistener.com/docket/69537391/prospect-waterbury-inc/,
A_universe,claims agent retention,True,txnb,"Scanrock Oil & Gas, Inc. and Reorganized Debtors",25-90001,2025-02-03,69607575,433541453,2025-03-18,135,,claims_agent,retention_application,debtor,,"Certificate of service re: Notice of Final Hearing (Docket No. 123) Filed by Claims Agent Stretto, Inc. (related document(s)123 Amended Notice of Final hearing filed by Debtor Scanrock Oil & Gas, Inc. (RE: related document(s)26 Motion to use cash collateral Debtors Emergency Motion for Entry of Interim and Final Orders (I) Authorizing the Debtors to Use Cash Collateral; (II) Granting Adequate Protection; (III) Modifying the Automatic Stay; (IV) Scheduling a Final Hearing; and (V) Granting Related Relief Filed by Debtor Scanrock Oil & Gas, Inc. (Attachments: # 1 Proposed Order)). Hearing to be held on 3/31/2025 at 09:30 AM at https://us-courts.webex.com/meet/mullin for 26, (Rukavina, Davor)Modified text on 3/12/2025 (tw). filed by Debtor Scanrock Oil & Gas, Inc.). (Betance, Sheryl)",Certificate of service,False,,,https://www.courtlistener.com/docket/69607575/135/scanrock-oil-gas-inc/,https://www.courtlistener.com/docket/69607575/scanrock-oil-gas-inc-and-reorganized-debtors/,
A_universe,claims agent retention,True,txnb,"Scanrock Oil & Gas, Inc. and Reorganized Debtors",25-90001,2025-02-03,69607575,433553702,2025-03-18,139,,claims_agent,order,debtor,,"Certificate of service re: Supplemental re: Order Directing Joint Administration of the Chapter 11 Cases (Docket No. 46), Order Granting Complex Chapter 11 Bankruptcy Case Treatment (Docket No. 48), Order Extending the Time to File Schedules and Statements (Docket No. 49), Order Authorizing the Debtors to File a Consolidated List of Top 30 Unsecured Creditors and Consolidated List of Creditors (Docket No. 50), Interim Order Authorizing Payment of Critical Vendors (Docket No. 51), Interim Order Authorizing the Debtors to Make Deposits into a Segregated Account for Mineral Payments and Working Interest Disbursements and Granting Related Relief (Docket No. 52), Order (I) Approving the Debtors Proposed Adequate Assurance of Payment for Future Utility Services, (II) Prohibiting Utility Companies From Altering, Refusing, or Discontinuing Services, (III) Approving the Debtors Proposed Procedures for Resolving Additional Assurance Requests, and (IV) Granting Related Relief (Docket No. 53), Interim Order (I) Authorizing the Debtors to (A) Continue Use of Existing Business Forms and Records, (B) Continue to Operate Their Cash Management System and Maintain Existing Corporate Bank Accounts, and (C) Continue Intercompany Transactions, (II) Waiving Certain U.S. Trustee Requirements, and (III) Granting Related Relief (Docket No. 54), Order Authorizing Payment of Prepetition Wages (Docket No. 55), Interim Order Granting Debtors' Emergency Motion for Entry of Interim and Final Orders (I) Authorizing the Debtors to Use Cash Collateral; (II) Granting Adequate Protection; (III) Modifying the Automatic Stay; (IV) Scheduling a Final Hearing; and (V) Granting Related Relief (Docket No. 57) Filed by Claims Agent Stretto, Inc. (related document(s)46 Order jointly administered lead case 25-90001 with member case(s) 25-90003, 25-90004, 25-40434, 25-90006, 25-90007, 25-90005, 25-90002. (RE: related document(s)10 Motion for joint administration filed by Debtor Scanrock Oil & Gas, Inc.). Entered on 2/14/2025, 48 Order granting complex chapter 11 treatment. Entered on 2/14/2025, 49 Order granting 12 Motion to extend time. (Re: related document(s) 6 Notice of deficiency) Schedule A/B due 3/3/2025 for 6, Schedule D due 3/3/2025 for 6, Schedule E/F due 3/3/2025 for 6, Schedule G due 3/3/2025 for 6, Schedule H due 3/3/2025 for 6, Statement of Financial Affairs due 3/3/2025 for 6, Summary of Assets and Liabilities and Certain Statistical Information due 3/3/2025 for 6, Declaration Under Penalty of Perjury for Non-individual Debtors due 3/3/2025 for 6, Entered on 2/14/2025., 50 Order Authorizing the Debtors to File a Consolidated List of Top 30 Unsecured Creditors and Consolidated List of Creditors (related document 13) Entered on 2/14/2025., 51 Interim Order Authorizing Payment of Critical Vendors (related document 15) Entered on 2/14/2025., 52 Interim Order Authorizing the Debtors to Make Deposits into a Segregated Account for Mineral Payments and Working Interest Disbursements and Granting Related Relief (related document 16) Entered on 2/14/2025., 53 Order (I) Approving the Debtors Proposed Adequate Assurance of Payment for Future Utility Services, (II) Prohibiting Utility Companies from Altering, Refusing, or Discontinuing Services, (III) Approving the Debtors Proposed Procedures for Resolving Additional Assurance Requests, and (IV) Granting Related Relief (related document 18) Entered on 2/14/2025., 54 Interim Order (I) Authorizing the Debtors to (a) Continue Use of Existing Business Forms and Records, (b) Continue to Operate their Cash Management System and Maintain Existing Corporate Bank Accounts, and (c) Continue Intercompany Transactions, (II) Waiving Certain U.S. Trustee Requirements, and (III) Granting Related Relief (related document 17) Entered on 2/14/2025., 55 Order Authorizing Payment of Prepetition Wages (related document 14) Entered on 2/14/2025., 57 Order Interimly Granting Motion (I) AUTHORIZING THE DEBTORSTO USE CASH COLLATERAL; (II) GRANTING ADEQUATE PROTECTION; (III) MODIFYING THE AUTOMATIC STAY;(IV) SCHEDULING A FINAL HEARING; AND (V) GRANTING RELATED RELIEF (related document 26) Entered on 2/14/2025.). (Betance, Sheryl)",Certificate of service,False,,,https://www.courtlistener.com/docket/69607575/139/scanrock-oil-gas-inc/,https://www.courtlistener.com/docket/69607575/scanrock-oil-gas-inc-and-reorganized-debtors/,
A_universe,claims agent retention,True,txnb,"Scanrock Oil & Gas, Inc. and Reorganized Debtors",25-90001,2025-02-03,69607575,434327978,2025-03-25,165,,claims_agent,retention_application,committee,,"Certificate of service re: Debtors Objection to the Emergency Motion of the Ad Hoc Royalty Interest Owners Group for Entry of an Order Directing the Appointment of an Official Committee of Royalty Interest Owners (Docket No. 144), Joint Emergency Ex Parte Motion for Agreed Confidentiality and Protective Order (Docket No. 145) Filed by Claims Agent Stretto (related document(s)144 Objection to (related document(s): 125 Motion to appoint creditors committee (Emergency Motion of the Ad Hoc Royality Interest Owners Group Group for Entry of an Order Directing the Appointment of an Official Committee of Royalty Interest Owners) filed by Creditor Ad Hoc Royalty Interest Owners Group) filed by Debtor Scanrock Oil & Gas, Inc.. filed by Debtor Scanrock Oil & Gas, Inc., 145 Motion for protective orderJoint Emergency Ex Parte Motion for Agreed Confidentiality and Protective Order Filed by Debtor Scanrock Oil & Gas, Inc. (Attachments: # 1 Proposed Order) filed by Debtor Scanrock Oil & Gas, Inc.). (Betance, Sheryl)",Certificate of service,False,,,https://www.courtlistener.com/docket/69607575/165/scanrock-oil-gas-inc/,https://www.courtlistener.com/docket/69607575/scanrock-oil-gas-inc-and-reorganized-debtors/,
A_universe,claims agent retention,True,txnb,Signal National LLC,26-90190,2026-08-09,73739399,491384034,2026-08-26,174,,claims_agent,retention_application,unknown,,"Certificate of service re: filed by Claims Agent Epiq Corporate Restructuring, LLC (RE: related document(s)161 Order on first day motion, Order on motion to use or prohibit cash collateral). (Mailloux, Kathryn)",Certificate of service,False,,,https://www.courtlistener.com/docket/73739399/174/signal-national-llc/,https://www.courtlistener.com/docket/73739399/signal-national-llc/,
A_universe,claims agent retention,True,txnb,Signal National LLC,26-90190,2026-08-09,73739399,491391318,2026-08-26,175,,claims_agent,notice,debtor,,"Certificate of service re: Notice of Commencement Filed by Claims Agent Epiq Corporate Restructuring, LLC (related document(s)81 Order (I) Authorizing the Debtors to Serve a Consolidated List of Creditors and a Consolidated List of the 30 Largest Unsecured Creditors, (II) Authorizing the Debtors to Redact Certain Personal Identification Information, (III) Approving the Form and Manner of Notifying Creditors of the Commencement of the Debtors' Chapter 11 Cases, (IV) Establishing a Master Service List, and (V) Granting Related Relief (related document 4) Entered on 8/12/2026.). (Mailloux, Kathryn)",Certificate of service,False,,,https://www.courtlistener.com/docket/73739399/175/signal-national-llc/,https://www.courtlistener.com/docket/73739399/signal-national-llc/,
A_universe,claims agent retention,True,txnb,Signal National LLC,26-90190,2026-08-09,73739399,491395914,2026-08-26,176,,claims_agent,retention_application,unknown,,"Certificate of service re: Notice of Commencement filed by Claims Agent Epiq Corporate Restructuring, LLC (RE: related document(s)81 Order on first day motion). (Mailloux, Kathryn)",Certificate of service,False,,,https://www.courtlistener.com/docket/73739399/176/signal-national-llc/,https://www.courtlistener.com/docket/73739399/signal-national-llc/,
A_universe,claims agent retention,True,txnb,Vision2Systems LLC,25-40583,2025-02-19,69653630,431417311,2025-02-26,27,,claims_agent,retention_application,debtor,"Stretto, Inc","Application to employ Stretto, Inc. as Claims Agent Filed by Debtor Vision2Systems LLC (Attachments: # 1 Exhibit A # 2 Exhibit B # 3 Proposed Order # 4 Service List) (Clontz, Megan)",Employ,False,,,https://www.courtlistener.com/docket/69653630/27/vision2systems-llc/,https://www.courtlistener.com/docket/69653630/vision2systems-llc/,
A_universe,claims agent retention,True,txnb,Vision2Systems LLC,25-40583,2025-02-19,69653630,431878351,2025-02-26,27,1,claims_agent,retention_application,debtor,"Stretto, Inc","Application to employ Stretto, Inc. as Claims Agent Filed by Debtor Vision2Systems LLC (Attachments: # 1 Exhibit A # 2 Exhibit B # 3 Proposed Order # 4 Service List) (Clontz, Megan)",Exhibit A,False,15,,https://www.courtlistener.com/docket/69653630/27/1/vision2systems-llc/,https://www.courtlistener.com/docket/69653630/vision2systems-llc/,
A_universe,claims agent retention,True,txnb,Vision2Systems LLC,25-40583,2025-02-19,69653630,431878352,2025-02-26,27,2,claims_agent,retention_application,debtor,"Stretto, Inc","Application to employ Stretto, Inc. as Claims Agent Filed by Debtor Vision2Systems LLC (Attachments: # 1 Exhibit A # 2 Exhibit B # 3 Proposed Order # 4 Service List) (Clontz, Megan)",Exhibit B,False,11,,https://www.courtlistener.com/docket/69653630/27/2/vision2systems-llc/,https://www.courtlistener.com/docket/69653630/vision2systems-llc/,
A_universe,claims agent retention,True,txnb,"WSI Winddown, Inc.",26-80002,2026-04-26,73246318,490629522,2026-08-19,245,,claims_agent,retention_application,debtor,,"Certificate of service re: Motion to Dismiss Filed by Claims Agent Epiq Corporate Restructuring, LLC (related document(s)244 Debtors' Emergency Motion for Entry of an Order (I) Authorizing Dismissal of the Debtors' Chapter 11 Cases and (II) Granting Related Relief Filed by Debtor WSI Winddown, Inc. (Attachments: # 1 Exhibit A - Proposed Order) (Clark, Katharine)Modified TEXT on 8/18/2026 (blj). filed by Debtor WSI Winddown, Inc.). (Mailloux, Kathryn)",Certificate of service,False,,,https://www.courtlistener.com/docket/73246318/245/wsi-winddown-inc/,https://www.courtlistener.com/docket/73246318/wsi-winddown-inc/,
A_universe,claims agent retention,True,txnb,"WSI Winddown, Inc.",26-80002,2026-04-26,73246318,492127919,2026-09-01,261,,claims_agent,ust_objection,debtor,,"Certificate of service re: Fourth Monthly Staffing Report of Paladin Management Group LLC of Compensation Earned and Expenses Incurred for the Period of August 1, 2026 Through August 28, 2026, Debtors Reply to the United States Trustees Objection to the Debtors Emergency Motion for Entry of an Order (I) Authorizing Dismissal of the Debtors Chapter 11 Cases and (II) Granting Related Relief, and Agenda for Matters Scheduled for Hearing to Be Held on August 31, 2026, at 10:00 am (Prevailing Central Time) filed by Claims Agent Epiq Corporate Restructuring, LLC (RE: related document(s)252 Notice (generic), 256 Reply, 257 Agenda for Complex Chapter 11). (Mailloux, Kathryn)",Certificate of service,False,,,https://www.courtlistener.com/docket/73246318/261/wsi-winddown-inc/,https://www.courtlistener.com/docket/73246318/wsi-winddown-inc/,
A_universe,claims agent retention,True,txnb,"WSI Winddown, Inc.",26-80002,2026-04-26,73246318,493487020,2026-09-14,279,,claims_agent,retention_application,debtor,,"Certificate of service re: Agenda for 9/10 Hearing Filed by Claims Agent Epiq Corporate Restructuring, LLC (related document(s)275 Agenda for Hearing scheduled on 9/10/2026 filed by Debtor WSI Winddown, Inc. (RE: related document(s)244 Debtors' Emergency Motion for Entry of an Order (I) Authorizing Dismissal of the Debtors' Chapter 11 Cases and (II) Granting Related Relief Filed by Debtor WSI Winddown, Inc. (Attachments: # 1 Exhibit A - Proposed Order) (Clark, Katharine)Modified TEXT on 8/18/2026 (blj).). filed by Debtor WSI Winddown, Inc.). (Mailloux, Kathryn)",Certificate of service,False,,,https://www.courtlistener.com/docket/73246318/279/wsi-winddown-inc/,https://www.courtlistener.com/docket/73246318/wsi-winddown-inc/,
B,artificial intelligence,True,txsb,"ALLIANCE FARM AND RANCH, LLC and Alliance Energy Partners, LLC",25-30155,2025-01-07,69522295,440520785,2025-05-16,83,5,other,retention_application,unknown,,"Exhibit List, Witness List (Filed By ALLIANCE FARM AND RANCH, LLC, Alliance Energy Partners, LLC ).(Related document(s):26 Application to Employ, 31 Application to Employ, 68 Emergency Motion, Motion to Convert Case from Chapter 11 to Chapter 7) (Attachments: # 1 Exhibit 1 - Okin Adams Engagement Agreement Alliance Energy Partners # 2 Exhibit 2 - Okin Adams Engagement Agreement Alliance Farm and Ranch # 3 Exhibit 3 - Declaration of Timothy L. Wentworth # 4 Exhibit 4 - Amended Declaration of Timothy L. Wentworth # 5 Exhibit 5 - Crain Engagement Agreement # 6 Exhibit 6 - Crain CV # 7 Exhibit 7 - Declaration of Deborah Crain) (Wentworth, Timothy) (Entered: 05/16/2025)",Exhibit 5 - Crain Engagement Agreement,True,9,recap/gov.uscourts.txsb.478410/gov.uscourts.txsb.478410.83.5_2.pdf,https://www.courtlistener.com/docket/69522295/83/5/alliance-farm-and-ranch-llc/,https://www.courtlistener.com/docket/69522295/alliance-farm-and-ranch-llc-and-alliance-energy-partners-llc/,securities advice. 17. Software and Artificial Intelligence: Unless otherwise advised by the Client
A_universe,claims agent retention,True,txsb,Ambipar Emergency Response,25-90524,2025-10-20,71705830,457052166,2025-10-29,28,,claims_agent,order,debtor,"and Retention of Kurtzman Carson Consultants, LLC DBA Verita Global","Ex Parte Emergency Motion for Entry of An Order Authorizing the Employment and Retention of Kurtzman Carson Consultants, LLC DBA Verita Global as Noticing Agent Filed by Debtor Ambipar Emergency Response (Attachments: # 1 Proposed Order) (Brookner, Jason) (Entered: 10/29/2025)",Emergency Motion,False,,,https://www.courtlistener.com/docket/71705830/28/ambipar-emergency-response/,https://www.courtlistener.com/docket/71705830/ambipar-emergency-response/,
A_universe,claims agent retention,True,txsb,Ambipar Emergency Response,25-90524,2025-10-20,71705830,457057504,2025-10-29,29,,claims_agent,order,unknown,"and Retention of Kurtzman Carson Consultants, LLC DBA Verita Global","Order Authorizing the Employment and Retention of Kurtzman Carson Consultants, LLC DBA Verita Global as Noticing Agent (Related Doc # 28) Signed on 10/29/2025. (tjl4) (Entered: 10/29/2025)",Emergency,False,,,https://www.courtlistener.com/docket/71705830/29/ambipar-emergency-response/,https://www.courtlistener.com/docket/71705830/ambipar-emergency-response/,
A_universe,claims agent retention,True,txsb,Ascend Performance Materials Holdings Inc.,25-90127,2025-04-21,69920099,448991040,2025-08-13,734,,claims_agent,other,unknown,,"Withdrawal of Claim: Claims Agent Claim No. 0000010279, Electric Glass Fiber America, LLC (Janczak, Elizabeth) (Entered: 08/13/2025)",Withdrawal of Claim,False,,,https://www.courtlistener.com/docket/69920099/734/ascend-performance-materials-holdings-inc-and-official-committee-of/,https://www.courtlistener.com/docket/69920099/ascend-performance-materials-holdings-inc/,
A_universe,claims agent retention,True,txsb,"Axip Energy Services, LP and E3 Compression Holdings LLC",26-90338,2026-02-22,72311940,470435590,2026-03-02,120,,claims_agent,order,unknown,,"Certificate of Mailing of Claims Agent re Order Granting Complex Chapter 11 Bankruptcy Case Treatment; Notice of Chapter 11 Bankruptcy Case (Filed By Epiq Corporate Restructuring, LLC ).(Related document(s):33 Generic Order) (Garabato, Sid) (Entered: 03/02/2026)",Certificate,False,,,https://www.courtlistener.com/docket/72311940/120/axip-energy-services-lp/,https://www.courtlistener.com/docket/72311940/axip-energy-services-lp-and-e3-compression-holdings-llc/,
A_universe,claims agent retention,True,txsb,"Axip Energy Services, LP and E3 Compression Holdings LLC",26-90338,2026-02-22,72311940,470756579,2026-03-04,126,,claims_agent,notice,unknown,,"Certificate of Mailing of Claims Agent re Notice of March 18, 2026 Hearing (Filed By Epiq Corporate Restructuring, LLC ).(Related document(s):122 Notice) (Garabato, Sid) (Entered: 03/04/2026)",Certificate,False,,,https://www.courtlistener.com/docket/72311940/126/axip-energy-services-lp/,https://www.courtlistener.com/docket/72311940/axip-energy-services-lp-and-e3-compression-holdings-llc/,
A_universe,claims agent retention,True,txsb,"Axip Energy Services, LP and E3 Compression Holdings LLC",26-90338,2026-02-22,72311940,475113036,2026-04-08,288,,claims_agent,order,committee,And Employ Pachulski Stang Ziehl & Jones LLP,"Certificate of Mailing of Claims Agent re Debtors' Notice of Sale of Certain Intellectual Property Assets; Order (I) Approving the Sale of the Debtors' Assets Free and Clear of all Liens, Claims, Interests, and Encumbrances and (B) The Assumption and Assignment of Certain Executory Contracts and Unexpired Leases, and (II) Granting Related Relief; Order (I) Establishing Bar Dates and Procedures and (II) Approving the Form and Manner of Notice Thereof; Application Of The Official Committee Of Unsecured Creditors To Retain And Employ Pachulski Stang Ziehl & Jones LLP As Counsel Effective As Of March 9, 2026; Application For Entry Of An Order Authorizing The Retention And Employment Of Berkeley Research Group, LLC As Financial Advisor To The Official Committee Of Unsecured Creditors Effective As Of March 11, 2026 (Filed By Epiq Corporate Restructuring, LLC ).(Related document(s):269 Notice, 270 Generic Order, 271 Order on Emergency Motion, 286 Application to Employ, 287 Application to Employ) (Garabato, Sid) (Entered: 04/08/2026)",Certificate,False,,,https://www.courtlistener.com/docket/72311940/288/axip-energy-services-lp-and-e3-compression-holdings-llc/,https://www.courtlistener.com/docket/72311940/axip-energy-services-lp-and-e3-compression-holdings-llc/,
A_universe,claims agent retention,True,txsb,"Dynacq Healthcare, Inc.",25-90798,2025-12-08,72007692,461417538,2025-12-09,6,,claims_agent,retention_application,debtor,"Donlin, Recano & Company, LLC","Emergency Motion, Application to Employ Donlin, Recano & Company, LLC as Claims Agent. Objections/Request for Hearing Due in 21 days. Filed by Debtor Dynacq Healthcare, Inc. Hearing scheduled for 12/15/2025 at 05:00 PM at telephone and video conference.Hearing scheduled for 12/15/2025 at 05:00 PM at telephone and video conference. (Attachments: # 1 Exhibit A - Engagement Letter dated December 1, 2025 # 2 Exhibit B - Declaration of Lisa Terry) (Douglas, Dominique) (Entered: 12/09/2025)",Emergency Motion (Hearing Date Obtained Prior to Filing) AND Employ,False,,,https://www.courtlistener.com/docket/72007692/6/dynacq-healthcare-inc/,https://www.courtlistener.com/docket/72007692/dynacq-healthcare-inc/,
A_universe,claims agent retention,True,txsb,"F-Star Socorro, L.P. and Official Committee of Unsecured Creditors for F-St",25-90607,2025-11-04,71870809,467442482,2026-02-03,402,,claims_agent,other,unknown,,"Withdrawal of Claim: No. 1 with Pacer and Claim No. 8 with the claims agent for City of El Paso (Stecker, Don) (Entered: 02/03/2026)",Withdrawal of Claim,False,,,https://www.courtlistener.com/docket/71870809/402/f-star-socorro-lp-and-official-committee-of-unsecured-creditors-for-f-st/,https://www.courtlistener.com/docket/71870809/f-star-socorro-lp-and-official-committee-of-unsecured-creditors-for-f-st/,
A_universe,claims agent retention,True,txsb,"F-Star Socorro, L.P. and Official Committee of Unsecured Creditors for F-St",25-90607,2025-11-04,71870809,467442316,2026-02-03,404,,claims_agent,other,unknown,,"Withdrawal of Claim: No. 1 with Pacer and Claim No. 5 with the claims agent for City of El Paso (Stecker, Don) (Entered: 02/03/2026)",Withdrawal of Claim,False,,,https://www.courtlistener.com/docket/71870809/404/f-star-socorro-lp-and-official-committee-of-unsecured-creditors-for-f-st/,https://www.courtlistener.com/docket/71870809/f-star-socorro-lp-and-official-committee-of-unsecured-creditors-for-f-st/,
A_universe,claims agent retention,True,txsb,"F-Star Socorro, L.P. and Official Committee of Unsecured Creditors for F-St",25-90607,2025-11-04,71870809,467442201,2026-02-03,406,,claims_agent,other,unknown,,"Withdrawal of Claim: No. 1 with Pacer and Claim No. 3 with the claims agent for City of El Paso (Stecker, Don) (Entered: 02/03/2026)",Withdrawal of Claim,False,,,https://www.courtlistener.com/docket/71870809/406/f-star-socorro-lp-and-official-committee-of-unsecured-creditors-for-f-st/,https://www.courtlistener.com/docket/71870809/f-star-socorro-lp-and-official-committee-of-unsecured-creditors-for-f-st/,
A_universe,claims agent retention,False,txsb,"GWG Holdings, Inc.",22-90032,2022-04-20,63248808,198841125,2022-04-21,78,,claims_agent,retention_application,unknown,,"Proposed Order RE: Claims Agent Revised Order (Filed By GWG Holdings, Inc., GWG Life USA, LLC, GWG Life, LLC ).(Related document(s):46 Emergency Motion, 64 Order on Emergency Motion) (Attachments: # 1 Redline - Claims Agent Order) (Kelley, Charles) (Entered: 04/21/2022)",Proposed Order,False,,,https://www.courtlistener.com/docket/63248808/78/gwg-holdings-inc-and-gwg-dlp-funding-holdings-vi-llc/,https://www.courtlistener.com/docket/63248808/gwg-holdings-inc/,
A_universe,claims agent retention,False,txsb,"GWG Holdings, Inc.",22-90032,2022-04-20,63248808,375054611,2023-10-12,2216,,claims_agent,retention_application,debtor,"as Claims and Noticing Agent, (II) Authorizing Stretto, Inc. to Serve","Emergency Motion Wind Down Trustee's Emergency Ex Parte Motion for Entry of an Order (I) Terminating Donlin, Recano & Company, Inc.'s Retention as Claims and Noticing Agent, (II) Authorizing Stretto, Inc. to Serve as Replacement Claims and Noticing Agent, and (III) Granting Related Relief Filed by Debtor GWG Holdings, Inc. (Attachments: # 1 Proposed Order) (Peguero, Kristhy) (Entered: 10/12/2023)",Emergency Motion,False,,,https://www.courtlistener.com/docket/63248808/2216/gwg-holdings-inc-and-gwg-dlp-funding-holdings-vi-llc/,https://www.courtlistener.com/docket/63248808/gwg-holdings-inc/,
A_universe,claims agent retention,False,txsb,"GWG Holdings, Inc.",22-90032,2022-04-20,63248808,376237555,2023-10-25,2234,,claims_agent,rule_2014_declaration,unknown,"as Claims and Noticing Agent, (II) Authorizing Stretto, Inc. to Serve","Affidavit Re: Wind Down Trustee's Emergency Ex Parte Motion for Entry of an Order (I) Terminating Donlin, Recano & Company, Inc.'s Retention as Claims and Noticing Agent, (II) Authorizing Stretto, Inc. to Serve as Replacement Claims and Noticing Agent, and (III) Granting Related Relief. (related document(s):2216 Emergency Motion). Filed by Donlin Recano and Co Inc (Donlin Recano and Co Inc) (Entered: 10/25/2023)",Affidavit,False,,,https://www.courtlistener.com/docket/63248808/2234/gwg-holdings-inc-and-gwg-dlp-funding-holdings-vi-llc/,https://www.courtlistener.com/docket/63248808/gwg-holdings-inc/,
A_universe,claims agent retention,True,txsb,Hughes Satellite Systems Corporation,26-90739,2026-08-02,73709078,488482461,2026-08-03,37,,claims_agent,retention_application,debtor,,"Certificate of Mailing of Claims Agent re Designation of Complex Chapter 11 Bankruptcy Case; Declaration of Robert Del Genio in Support of Chapter 11 Petitions and Requests for First Day Relief; Debtors' Emergency Motion for Entry of an Order (I) Extending Time to File (A) Schedules and Statements, (B) Bankruptcy Rule 2015.3 Financial Reports, (II) Modifying the Requirements of Bankruptcy Local Rule 2015-3, and (III) Granting Related Relief; Debtors' Emergency Motion for Entry of an Order (I) Approving the Debtors' Proposed Adequate Assurance of Payment for Utility Services, (II) Prohibiting Utility Providers from Altering, Refusing, or Discontinuing Services, (III) Approving the Debtors' Proposed Procedures for Resolving Adequate Assurance Requests, and (IV) Granting Related Relief; Debtors' Emergency Motion for Entry of an Order (I) Authorizing the Debtors to Redact Certain Personal Identifying Information of Natural Persons, (II) Approving the Form and Manner of the Notice of Commencement, and (III) Granting Related Relief; Debtors' Emergency Motion for Entry of Interim and Final Orders (I) Authorizing the Debtors to (A) Maintain and Administer Their Existing Customer Programs and (B) Honor Their Prepetition Obligations Related Thereto, and (II) Granting Related Relief; Debtors' Emergency Motion for Entry of Interim and Final Orders (I) Authorizing, But Not Directing, the Debtors to Pay Certain Prepetition Claims of (A) Critical Vendors, (B) Lien Claimants, (C) Foreign Claimants, and (D) 503(B)(9) Claimants, (II) Confirming Administrative Expense Priority of Outstanding Orders and Authorizing the Debtors to Satisfy Such Obligations, and (III) Granting Related Relief; Debtors' Emergency Motion for Entry of an Order (I) Authorizing the Debtors to (A) Pay Prepetition Wages, Other Compensation, Reimbursable Expenses, and Certain Severance Obligations and (B) Continue Employee Benefits Programs, and (II) Granting Related Relief; Debtors' Emergency Motion for Entry of an Order (I) Authorizing Debtors to (A) Maintain and Continue Insurance, Surety Bonds, and Letters of Credit, (B) Pay Related Prepetition Obligations, and (C) Renew, Amend, Supplement, Extend, Purchase, Cancel, and Enter Into New Insurance Coverage, Surety Bonds, and Letters of Credit; (II) Granting Relief from Automatic Stay with respect to Workers' Compensation Claims and (III) Granting Related Relief; Debtors' Emergency Motion for Entry of an Order (I) Authorizing the Payment of Certain Taxes and Fees and (II) Granting Related Relief; Debtors' Emergency Motion for Entry of Interim and Final Orders (I) Authorizing the Debtors to (A) Continue to Operate Their Existing Cash Management System, (B) Maintain Existing Bank Accounts, Business Forms, and Books and Records, (C) Pay Related Prepetition Obligations, and (D) Continue Intercompany Transactions; (II) Granting Administrative Expense Status to Intercompany Transactions; (III) Extending Time to Comply With and Waiving Section 345(b) Deposit and Investment Requirements; and (IV) Granting Related Relief; Debtors' Emergency Motion for Entry of Interim and Final Orders (I) Authorizing the Debtors to Use Cash Collateral, (II) Granting Adequate Protection to the Prepetition Secured Parties, (III) Modifying the Automatic Stay, (IV) Scheduling a Final Hearing, and (V) Granting Related Relief; Debtors' Emergency Motion for Entry of an Order (I) Restating and Enforcing the Worldwide Automatic Stay, Anti-Discrimination Provisions, and Ipso Facto Protections of the Bankruptcy Code, (II) Approving the Related Form and Manner of Notice and (III) Granting Related Relief; Notice of Virtual Hearing on First Day Motions (August 3, 2026 at 1:00 P.M. (Prevailing Central Time) Filed by Epiq Corporate Restructuring, LLC (Heintz, Mark) (Entered: 08/03/2026)",Certificate,False,,,https://www.courtlistener.com/docket/73709078/37/hughes-satellite-systems-corporation/,https://www.courtlistener.com/docket/73709078/hughes-satellite-systems-corporation/,
A_universe,claims agent retention,True,txsb,Hughes Satellite Systems Corporation,26-90739,2026-08-02,73709078,488942362,2026-08-06,97,,claims_agent,notice,debtor,,"Certificate of Mailing of Claims Agent re Notice of Filing of Redline of Revised Interim Cash Collateral Order; PROPOSED Interim Order (I) Authorizing Use of the Debtors' Cash Collateral, (II) Granting Adequate Protection, (III) Modifying the Automatic Stay, (IV) Scheduling a Final Hearing, and (V) Granting Related Relief; Interim Order (I) Authorizing Use of the Debtors' Cash Collateral, (II) Granting Adequate Protection, (III) Modifying the Automatic Stay, (IV) Scheduling a Final Hearing, and (V) Granting Related Relief, Signed on 8/4/2026 Filed by Epiq Corporate Restructuring, LLC (Heintz, Mark) (Entered: 08/06/2026)",Certificate,False,,,https://www.courtlistener.com/docket/73709078/97/hughes-satellite-systems-corporation/,https://www.courtlistener.com/docket/73709078/hughes-satellite-systems-corporation/,
A_universe,claims agent retention,True,txsb,Hughes Satellite Systems Corporation,26-90739,2026-08-02,73709078,495328790,2026-09-28,389,,claims_agent,other,unknown,,"Certificate of Mailing of Claims Agent re Order (I) Authorizing (A) Rejection of an Unexpired Lease Retroactive to August 6, 2026 and (B) Abandonment of Certain Personal Property, and (II) Granting Related Relief Filed by Epiq Corporate Restructuring, LLC (Heintz, Mark) (Entered: 09/28/2026)",,False,,,https://www.courtlistener.com/docket/73709078/389/hughes-satellite-systems-corporation-debtor/,https://www.courtlistener.com/docket/73709078/hughes-satellite-systems-corporation/,
A_universe,claims agent retention,True,txsb,"Linqto Texas, LLC",25-90186,2025-07-07,70727548,492842709,2026-09-08,2129,,claims_agent,order,debtor,,"Certificate of Mailing of Claims Agent re: Order Granting Fourth Interim Fee Application of Schwartz, PLLC for Allowance and Payment of Fees and Expenses as Counsel to the Debtors and Debtors in Possession for the Period From April 1, 2026, Through June 30, 2026, Order Granting Fourth Interim Fee Application of Sullivan & Cromwell LLP For Allowance and Payment of Fees and Expenses as Special Regulatory and Corporate Counsel to the Debtors and Debtors in Possession for the Period From April 1, 2026, Through June 30, 2026, and Second Interim Fee Application of Jefferies LLC as Investment Banker to the Debtors, for Compensation for Services Rendered and Reimbursement of Expenses Incurred for the Consolidated Period October 1, 2025, Through and Including June 30, 2026 Filed by Epiq Corporate Restructuring, LLC (Heintz, Mark) (Entered: 09/08/2026)",Certificate,False,,,https://www.courtlistener.com/docket/70727548/2129/linqto-texas-llc-and-official-committee-of-unsecured-creditors/,https://www.courtlistener.com/docket/70727548/linqto-texas-llc/,
A_universe,claims agent retention,True,txsb,"Linqto Texas, LLC",25-90186,2025-07-07,70727548,494906985,2026-09-24,2142,,claims_agent,other,unknown,,"Certificate of Mailing of Claims Agent re: Monthly Operating Reports [Ref. Docket Nos. 2133-2136] Filed by Epiq Corporate Restructuring, LLC (Heintz, Mark) (Entered: 09/24/2026)",Certificate,False,,,https://www.courtlistener.com/docket/70727548/2142/linqto-texas-llc-and-official-committee-of-unsecured-creditors/,https://www.courtlistener.com/docket/70727548/linqto-texas-llc/,
A_universe,claims agent retention,True,txsb,"Linqto Texas, LLC",25-90186,2025-07-07,70727548,495115412,2026-09-25,2144,,claims_agent,other,unknown,,"Certificate of Mailing of Claims Agent re: Monthly Operating Reports [Ref. Docket Nos. 2138-2141] Filed by Epiq Corporate Restructuring, LLC (Heintz, Mark) (Entered: 09/25/2026)",Certificate,False,,,https://www.courtlistener.com/docket/70727548/2144/linqto-texas-llc-and-official-committee-of-unsecured-creditors/,https://www.courtlistener.com/docket/70727548/linqto-texas-llc/,
B,AI Tools|artificial intelligence,True,txsb,"Pine Gate Renewables, LLC",25-90669,2025-11-06,71884150,461049708,2025-11-20,228,1,counsel,retention_application,debtor,Latham & Watkins LLP,"Application to Employ Latham & Watkins LLP as Bankruptcy Co-Counsel. Objections/Request for Hearing Due in 21 days. Filed by Debtor Pine Gate Renewables, LLC (Attachments: # 1 Exhibit A # 2 Exhibit B # 3 Proposed Order) (Davidson, Timothy) (Entered: 11/20/2025)",Exhibit A,True,66,recap/gov.uscourts.txsb.488722/gov.uscourts.txsb.488722.228.1.pdf,https://www.courtlistener.com/docket/71884150/228/1/pine-gate-renewables-llc/,https://www.courtlistener.com/docket/71884150/pine-gate-renewables-llc/,"(which may include software that utilizes artificial intelligence (AI)), offsite records and"
A_universe,claims agent retention,True,txsb,"Platinum Heights, LP",25-90012,2025-02-20,69659309,467223480,2026-02-02,253,,claims_agent,retention_application,debtor,,"Certificate of Mailing of Claims Agent re Second Motion to Use Cash Collateral; Notice of Hearing on Debtor's Second Motion for Cash Collateral Use and Extension of Exclusivity (Filed By Epiq Corporate Restructuring, LLC ).(Related document(s):235 Motion to Use Cash Collateral, 247 Notice) (Garabato, Sid) (Entered: 02/02/2026)",Certificate,False,,,https://www.courtlistener.com/docket/69659309/253/platinum-heights-lp/,https://www.courtlistener.com/docket/69659309/platinum-heights-lp/,
A_universe,claims agent retention,True,txsb,"Platinum Heights, LP",25-90012,2025-02-20,69659309,467686110,2026-02-05,257,,claims_agent,other,unknown,,"Certificate of Mailing of Claims Agent re Stipulation and Agreed Interim Order (I) Authorizing Continued Postpetition Use of Cash Collateral, (II) Providing Adequate Protection to the Secured Lender, (III) Scheduling a Final Hearing, and (IV) Providing Related Relief (Filed By Epiq Corporate Restructuring, LLC ).(Related document(s):254 Order Setting Hearing) (Garabato, Sid) (Entered: 02/05/2026)",Certificate,False,,,https://www.courtlistener.com/docket/69659309/257/platinum-heights-lp/,https://www.courtlistener.com/docket/69659309/platinum-heights-lp/,
A_universe,claims agent retention,True,txsb,"Platinum Heights, LP",25-90012,2025-02-20,69659309,470864222,2026-03-05,285,,claims_agent,retention_application,debtor,,"Certificate of Mailing of Claims Agent re Chapter 11 Plan of Reorganization; Disclosure Statement; Emergency Motion for Entry of an Order (I) Scheduling a Combined Hearing on the Disclosure Statement and Plan of Reorganization; (II) Conditionally Approving the Disclosure Statement Objection Deadline and Related Procedures; (V) Approving the Combined Notice; (VI) Establishing Procedures for the Assumption and Rejection of Executory Contracts and Unexpired Leases; and (VII) Granting Related Relief; Notice of Hearing on Debtor's Emergency Motion for Conditional Approval of Disclosure Statement and Solicitation Procedures (Filed By Epiq Corporate Restructuring, LLC ).(Related document(s):280 Chapter 11 Plan, 281 Disclosure Statement, 282 Emergency Motion (with hearing date), 283 Notice) (Garabato, Sid) (Entered: 03/05/2026)",Certificate,False,,,https://www.courtlistener.com/docket/69659309/285/platinum-heights-lp/,https://www.courtlistener.com/docket/69659309/platinum-heights-lp/,
A_universe,claims agent retention,True,txsb,"Razzoo's, Inc., Debtor",25-90522,2025-10-01,71509029,485223131,2026-07-06,280,,claims_agent,retention_application,unknown,,"Motion to Terminate Donlin, Recano & Company, LLC as Claims Agent Filed by Other Prof. Douglas Brickley, in his capacity as the Liquidating Trustee of the Cajun Caf Liquidating Trust (Attachments: # 1 Proposed Order) (Douglas, Dominique) (Entered: 07/06/2026)",Generic Motion,False,,,https://www.courtlistener.com/docket/71509029/280/razzoos-inc/,https://www.courtlistener.com/docket/71509029/razzoos-inc-debtor/,
A_universe,claims agent retention,True,txsb,"Razzoo's, Inc., Debtor",25-90522,2025-10-01,71509029,488025552,2026-07-29,283,,claims_agent,retention_application,unknown,,"Certificate of No Objection to Motion to Terminate Donlin, Recano & Company, LLC as Claims Agent (Filed By Douglas Brickley, in his capacity as the Liquidating Trustee of the Cajun Caf Liquidating Trust ).(Related document(s):280 Generic Motion) (Attachments: # 1 Proposed Order) (Douglas, Dominique) (Entered: 07/29/2026)",Certificate of No Objection (Complex 11 ONLY),False,,,https://www.courtlistener.com/docket/71509029/283/razzoos-inc/,https://www.courtlistener.com/docket/71509029/razzoos-inc-debtor/,
A_universe,claims agent retention,True,txsb,"Razzoo's, Inc., Debtor",25-90522,2025-10-01,71509029,488149650,2026-07-30,284,,claims_agent,order,unknown,,"Order Terminating Donlin, Recano & Company, LLC as Claims Agent (Related Doc # 280) Signed on 7/30/2026. (gc4) (Entered: 07/30/2026)",Order on Generic Motion,False,,,https://www.courtlistener.com/docket/71509029/284/razzoos-inc/,https://www.courtlistener.com/docket/71509029/razzoos-inc-debtor/,
A_universe,claims agent retention,True,txsb,"Saks Global Enterprises LLC and SWD Westfield I Urban Renewal LLC <b><font color=""red"">DO NOT DOCKET IN THIS CASE. Docket in the new lead case 26-90108.</font></b>",26-90103,2026-01-14,72141043,472486357,2026-03-17,1432,,claims_agent,other,unknown,,"Withdrawal of Claim: #20 and Claim #1774 (filed with Claims Agent) filed by The County of Hays, Texas in Case No. 26-90103 (Parsons, Julie) (Entered: 03/17/2026)",Withdrawal of Claim,False,,,https://www.courtlistener.com/docket/72141043/1432/saks-global-enterprises-llc/,https://www.courtlistener.com/docket/72141043/saks-global-enterprises-llc-and-swd-westfield-i-urban-renewal-llc-bfont/,
A_universe,claims agent retention,True,txsb,"Saks Global Enterprises LLC and SWD Westfield I Urban Renewal LLC <b><font color=""red"">DO NOT DOCKET IN THIS CASE. Docket in the new lead case 26-90108.</font></b>",26-90103,2026-01-14,72141043,481913045,2026-06-08,2688,,claims_agent,other,unknown,,"Withdrawal of Claim: No. 993 with the claims agent, Stretto for Bexar County (Stecker, Don) (Entered: 06/08/2026)",Withdrawal of Claim,False,,,https://www.courtlistener.com/docket/72141043/2688/saks-global-enterprises-llc/,https://www.courtlistener.com/docket/72141043/saks-global-enterprises-llc-and-swd-westfield-i-urban-renewal-llc-bfont/,
A_universe,claims agent retention,True,txsb,"Saks Global Enterprises LLC and SWD Westfield I Urban Renewal LLC <b><font color=""red"">DO NOT DOCKET IN THIS CASE. Docket in the new lead case 26-90108.</font></b>",26-90103,2026-01-14,72141043,482720040,2026-06-15,2751,,claims_agent,other,unknown,,"Withdrawal of Claim: Nos. 4933, 5076, 5081, 5098, 5102, 5112 and 5199 filed with the claims agent by Nichebox US LLC f/k/a Clive Christian Perfume LLC (Anker, Philip) (Entered: 06/15/2026)",Withdrawal of Claim,False,,,https://www.courtlistener.com/docket/72141043/2751/saks-global-enterprises-llc/,https://www.courtlistener.com/docket/72141043/saks-global-enterprises-llc-and-swd-westfield-i-urban-renewal-llc-bfont/,
A_universe,claims agent retention,True,txsb,Sunnova Energy International Inc.,25-90160,2025-06-08,70491405,472637371,2026-03-18,1557,,claims_agent,other,unknown,,"Withdrawal of Claim: #1442 filed by The County of Guadalupe, Texas on 08/20/2025 in Case No. 25-90153 (filed with Claims Agent) (Parsons, Julie) (Entered: 03/18/2026)",Withdrawal of Claim AND Withdrawal of Claim AND Withdrawal of Claim,False,,,https://www.courtlistener.com/docket/70491405/1557/sunnova-energy-international-inc-and-rebecca-nelson/,https://www.courtlistener.com/docket/70491405/sunnova-energy-international-inc/,
A_universe,claims agent retention,True,txsb,Sunnova Energy International Inc.,25-90160,2025-06-08,70491405,472637331,2026-03-18,1558,,claims_agent,other,unknown,,"Withdrawal of Claim: #1451 Filed by The County of Wharton, Texas on 08/20/2025 in Case No. 25-90153 (filed with Claims Agent) (Parsons, Julie) (Entered: 03/18/2026)",Withdrawal of Claim AND Withdrawal of Claim AND Withdrawal of Claim,False,,,https://www.courtlistener.com/docket/70491405/1558/sunnova-energy-international-inc-and-rebecca-nelson/,https://www.courtlistener.com/docket/70491405/sunnova-energy-international-inc/,
A_universe,claims agent retention,True,txsb,Sunnova Energy International Inc.,25-90160,2025-06-08,70491405,472637326,2026-03-18,1559,,claims_agent,other,unknown,,"Withdrawal of Claim: #1654 filed by The County of Wharton, Texas on 10/13/2025 in Case No. 25-90153 (filed with Claims Agent) (Parsons, Julie) (Entered: 03/18/2026)",Withdrawal of Claim AND Withdrawal of Claim AND Withdrawal of Claim,False,,,https://www.courtlistener.com/docket/70491405/1559/sunnova-energy-international-inc-and-rebecca-nelson/,https://www.courtlistener.com/docket/70491405/sunnova-energy-international-inc/,
A_universe,claims agent retention,True,txsb,"White Rock Medical Center, LLC and Ashland Healthcare, LLC",26-90115,2026-01-20,72165711,467051553,2026-01-30,57,,claims_agent,order,unknown,,"Certificate of Mailing of Claims Agent re Order Granting Complex Chapter 11 Bankruptcy Case Treatment; Notice of Chapter 11 Bankruptcy Case (Filed By Epiq Corporate Restructuring, LLC ).(Related document(s):15 Initial Order Complex Chapter 11, 50 Generic Order) (Garabato, Sid) (Entered: 01/30/2026)",Certificate,False,,,https://www.courtlistener.com/docket/72165711/57/white-rock-medical-center-llc/,https://www.courtlistener.com/docket/72165711/white-rock-medical-center-llc-and-ashland-healthcare-llc/,
A_universe,claims agent retention,True,txsb,"White Rock Medical Center, LLC and Ashland Healthcare, LLC",26-90115,2026-01-20,72165711,467223505,2026-02-02,60,,claims_agent,retention_application,unknown,,"Certificate of Mailing of Claims Agent re Notice of Hearing for Final Relief on First Day Motions (Filed By Epiq Corporate Restructuring, LLC ).(Related document(s):52 Notice) (Garabato, Sid) (Entered: 02/02/2026)",Certificate,False,,,https://www.courtlistener.com/docket/72165711/60/white-rock-medical-center-llc/,https://www.courtlistener.com/docket/72165711/white-rock-medical-center-llc-and-ashland-healthcare-llc/,
A_universe,claims agent retention,True,txsb,"White Rock Medical Center, LLC and Ashland Healthcare, LLC",26-90115,2026-01-20,72165711,472596628,2026-03-18,167,,claims_agent,other,debtor,,"Certificate of Mailing of Claims Agent re Debtor-In-Possession Monthly Operating Report for Filing Period ending 1/31/2026, $0 disbursed (Filed By Heights Healthcare of Texas, LLC); Debtor-In-Possession Monthly Operating Report for Filing Period ending 1/31/2026, $0 disbursed (Filed By NCP Management, LLC); Debtor-In-Possession Monthly Operating Report for Filing Period ending 1/31/2026, $0 disbursed (Filed By North Houston Surgical Hospital, LLC); Debtor-In-Possession Monthly Operating Report for Filing Period ending 1/31/2026, $1351417 disbursed (Filed By White Rock Medical Center, LLC) (Filed By Epiq Corporate Restructuring, LLC ).(Related document(s):161 Debtor-in-Possession Monthly Operating Report, 162 Debtor-in-Possession Monthly Operating Report, 163 Debtor-in-Possession Monthly Operating Report, 164 Debtor-in-Possession Monthly Operating Report) (Garabato, Sid) (Entered: 03/18/2026)",Certificate,False,,,https://www.courtlistener.com/docket/72165711/167/white-rock-medical-center-llc-and-ashland-healthcare-llc/,https://www.courtlistener.com/docket/72165711/white-rock-medical-center-llc-and-ashland-healthcare-llc/,
A_universe,claims agent retention,True,txsb,"Zynex, Inc. and Zynex NeuroDiagnostics, Inc.",25-90810,2025-12-15,72040797,462062065,2025-12-16,9,,claims_agent,retention_application,debtor,"Epiq Corporate Restructuring, LLC","Ex Parte Application to Employ Epiq Corporate Restructuring, LLC as Claims and Noticing Agent. Objections/Request for Hearing Due in 21 days. Filed by Debtor Zynex, Inc. Hearing scheduled for 12/16/2025 at 04:00 PM at Houston, Courtroom 400 (ARP). (Attachments: # 1 Exhibit A - Claims Agent Application # 2 Exhibit B - Frodsham Declaration) (Alaniz, Omar) (Entered: 12/16/2025)",Employ,False,,,https://www.courtlistener.com/docket/72040797/9/zynex-inc/,https://www.courtlistener.com/docket/72040797/zynex-inc-and-zynex-neurodiagnostics-inc/,
A_universe,claims agent retention,True,vaeb,Fairfield Williamsburg Property Owners Association,25-51179,2025-12-05,72000131,461069163,2025-12-05,5,,claims_agent,retention_application,unknown,"Omni Agent Solutions, Inc","Application to Employ Omni Agent Solutions, Inc. as Claims and Noticing Agent Effective as of the Petition Date filed by Neil E. McCullagh of Spotts Fain PC on behalf of Fairfield Williamsburg Property Owners Association, Inc.. (McCullagh, Neil)",Employ,False,,,https://www.courtlistener.com/docket/72000131/5/fairfield-williamsburg-property-owners-association/,https://www.courtlistener.com/docket/72000131/fairfield-williamsburg-property-owners-association/,
A_universe,claims agent retention,True,vaeb,Fairfield Williamsburg Property Owners Association,25-51179,2025-12-05,72000131,462284906,2025-12-17,62,,claims_agent,order,debtor,"and Retain Omni Agent Solutions, Inc","Order Granting Debtor`s Application for Entry of Order Authorizing Debtor to Employ and Retain Omni Agent Solutions, Inc., as Claims and Noticing Agent Effective as of the Petition Date (Related Doc # 5) (Newbold, Natalia)",Order on Application to Employ,False,,,https://www.courtlistener.com/docket/72000131/62/fairfield-williamsburg-property-owners-association/,https://www.courtlistener.com/docket/72000131/fairfield-williamsburg-property-owners-association/,
