query,exhibit,form,file_type,file_date,company,file_description,url
artificial intelligence,False,425,425,2025-03-07,"INTERPUBLIC GROUP OF COMPANIES, INC.  (IPG)  (CIK 0000051644)",425,https://www.sec.gov/Archives/edgar/data/51644/000119312525049991/d125899d425.htm
artificial intelligence,False,8-K,8-K,2025-03-07,OMNICOM GROUP INC.  (OMC)  (CIK 0000029989),8-K,https://www.sec.gov/Archives/edgar/data/29989/000119312525049986/d890642d8k.htm
artificial intelligence,False,425,425,2025-03-07,"INTERPUBLIC GROUP OF COMPANIES, INC.  (IPG)  (CIK 0000051644); OMNICOM GROUP INC.  (CIK 0000029989)",425,https://www.sec.gov/Archives/edgar/data/51644/000119312525049989/d890642d425.htm
artificial intelligence,False,8-K,8-K,2025-03-07,"INTERPUBLIC GROUP OF COMPANIES, INC.  (IPG)  (CIK 0000051644)",8-K,https://www.sec.gov/Archives/edgar/data/51644/000119312525049987/d125899d8k.htm
artificial intelligence,True,40-F,EX-99.1,2026-06-22,CAE INC  (CAE)  (CIK 0001173382),EX-99.1 ANNUAL INFORMATION FORM,https://www.sec.gov/Archives/edgar/data/1173382/000117338226000026/caeaif2026.htm
artificial intelligence,False,253G2,253G2,2025-09-30,"RMX INDUSTRIES, INC.  (RMXI)  (CIK 0001970743)",OFFERING CIRCULAR,https://www.sec.gov/Archives/edgar/data/1970743/000121390025093918/ea0259550-253g2_rmxind.htm
artificial intelligence,False,1-A POS,PART II AND III,2025-09-19,"RMX INDUSTRIES, INC.  (RMXI)  (CIK 0001970743)",POST-QUALIFICATION OFFERING CIRCULAR AMENDMENT NO. 2 TO FORM 1-A,https://www.sec.gov/Archives/edgar/data/1970743/000121390025089658/ea0258019-1apos_rmxind.htm
artificial intelligence,False,S-1,S-1,2026-04-09,"RMX INDUSTRIES, INC.  (RMXI)  (CIK 0001970743)",REGISTRATION STATEMENT,https://www.sec.gov/Archives/edgar/data/1970743/000121390026041669/ea0285534-s1_rmx.htm
artificial intelligence,False,10-K,10-K,2026-03-31,Dominari Holdings Inc.  (DOMH)  (CIK 0000012239),ANNUAL REPORT,https://www.sec.gov/Archives/edgar/data/12239/000121390026036897/ea0283159-10k_domin.htm
artificial intelligence,False,10-K/A,10-K/A,2025-07-25,23andMe Holding Co.  (MEHCQ)  (CIK 0001804591),10-K/A,https://www.sec.gov/Archives/edgar/data/1804591/000119312525165458/d97426d10ka.htm
artificial intelligence,False,424B3,424B3,2026-04-20,Avalon GloboCare Corp.  (ALBT)  (CIK 0001630212),PROSPECTUS,https://www.sec.gov/Archives/edgar/data/1630212/000121390026045689/ea0286899-424b3_avalon.htm
artificial intelligence,False,DRS,DRS,2026-03-12,"RMX INDUSTRIES, INC.  (RMXI)  (CIK 0001970743)",,https://www.sec.gov/Archives/edgar/data/1970743/000121390026027091/filename1.htm
artificial intelligence,False,10-Q,10-Q,2025-11-17,Terra Innovatum Global N.V.  (NKLR)  (CIK 0002067627),QUARTERLY REPORT,https://www.sec.gov/Archives/edgar/data/2067627/000121390025111171/ea0265299-10q_terra.htm
artificial intelligence,False,424B3,424B3,2026-04-21,"RMX INDUSTRIES, INC.  (RMXI)  (CIK 0001970743)",PROSPECTUS,https://www.sec.gov/Archives/edgar/data/1970743/000121390026046145/ea0287088-424b3_rmx.htm
artificial intelligence,False,10-K,10-K,2026-03-06,Jet.AI Inc.  (JTAI)  (CIK 0001861622),10-K,https://www.sec.gov/Archives/edgar/data/1861622/000149315226009165/form10-k.htm
artificial intelligence,False,DRS/A,DRS/A,2025-09-09,"VenHub Global, Inc.  (CIK 0001972234)",,https://www.sec.gov/Archives/edgar/data/1972234/000121390025086022/filename1.htm
artificial intelligence,True,40-F,EX-99.3,2025-02-13,"SUN LIFE FINANCIAL INC  (SLF, SLFIF, SLFQF, SUNFF)  (CIK 0001097362)",EX-99.3,https://www.sec.gov/Archives/edgar/data/1097362/000109736225000008/annualaifmasterlivemasterq.htm
artificial intelligence,False,N-CSR,N-CSR,2025-01-03,"DEUTSCHE DWS INTERNATIONAL FUND, INC.  (CIK 0000088053)",DWS EMERGING MARKETS EQUITY FUND,https://www.sec.gov/Archives/edgar/data/88053/000008805325000005/ar103124eme.htm
artificial intelligence,False,POS AM,POS AM,2026-08-24,"RMX INDUSTRIES, INC.  (RMXI, RMXID)  (CIK 0001970743)",POST-EFFECTIVE AMENDMENT NO. 1 TO FORM S-1,https://www.sec.gov/Archives/edgar/data/1970743/000121390026093132/ea0303093-posam1_rmx.htm
artificial intelligence,False,10-K,10-K,2026-03-31,BLUSKY AI INC.  (BSAI)  (CIK 0001416090),10-K,https://www.sec.gov/Archives/edgar/data/1416090/000149315226014362/form10-k.htm
artificial intelligence,False,10-Q,10-Q,2025-11-12,"Acurx Pharmaceuticals, Inc.  (ACXP)  (CIK 0001736243)",10-Q,https://www.sec.gov/Archives/edgar/data/1736243/000110465925109698/acxp-20250930x10q.htm
artificial intelligence,False,N-CSR,N-CSR,2026-05-06,"Voya Infrastructure, Industrials & Materials Fund  (IDE)  (CIK 0001417802)",N-CSR,https://www.sec.gov/Archives/edgar/data/1417802/000110465926056270/tm268462d2_ncsr.htm
artificial intelligence,False,N-CSR,N-CSR,2026-05-06,Voya Global Advantage & Premium Opportunity Fund  (IGA)  (CIK 0001332943),N-CSR,https://www.sec.gov/Archives/edgar/data/1332943/000110465926056283/tm268462d5_ncsr.htm
artificial intelligence,False,10-Q,10-Q,2025-08-11,"Acurx Pharmaceuticals, Inc.  (ACXP)  (CIK 0001736243)",10-Q,https://www.sec.gov/Archives/edgar/data/1736243/000155837025011045/acxp-20250630x10q.htm
artificial intelligence,False,N-CSR,N-CSR,2026-05-06,Voya GLOBAL EQUITY DIVIDEND & PREMIUM OPPORTUNITY FUND  (IGD)  (CIK 0001285890),N-CSR,https://www.sec.gov/Archives/edgar/data/1285890/000110465926056293/tm268462d6_ncsr.htm
artificial intelligence,False,S-1,S-1,2025-10-03,"VenHub Global, Inc.  (CIK 0001972234)",REGISTRATION STATEMENT,https://www.sec.gov/Archives/edgar/data/1972234/000121390025096107/ea0259058-s1_venhub.htm
artificial intelligence,False,10-Q,10-Q,2026-08-13,"Rekor Systems, Inc.  (REKR)  (CIK 0001697851)",FORM 10-Q,https://www.sec.gov/Archives/edgar/data/1697851/000143774926027488/rekr20260630_10q.htm
artificial intelligence,False,S-1,S-1,2026-04-08,Avalon GloboCare Corp.  (ALBT)  (CIK 0001630212),REGISTRATION STATEMENT,https://www.sec.gov/Archives/edgar/data/1630212/000121390026041585/ea0285118-s1_avalon.htm
artificial intelligence,False,POS AM,POS AM,2025-11-21,"VenHub Global, Inc.  (CIK 0001972234)",POST-EFFECTIVE AMENDMENT NO. 1 TO FORM S-1,https://www.sec.gov/Archives/edgar/data/1972234/000121390025113632/ea0266522-posam1_venhub.htm
artificial intelligence,False,POS AM,POS AM,2026-01-15,"VenHub Global, Inc.  (CIK 0001972234)",POST-EFFECTIVE AMENDMENT NO. 4 TO FORM S-1,https://www.sec.gov/Archives/edgar/data/1972234/000121390026004747/ea0273054-posam4_venhub.htm
artificial intelligence,False,DEF 14A,DEF 14A,2026-03-30,Xylem Inc.  (XYL)  (CIK 0001524472),DEF 14A,https://www.sec.gov/Archives/edgar/data/1524472/000110465926036678/xyl-20260514xdef14a.htm
artificial intelligence,False,POS AM,POS AM,2025-12-12,"VenHub Global, Inc.  (CIK 0001972234)",POST-EFFECTIVE AMENDMENT NO. 2 TO FORM S-1,https://www.sec.gov/Archives/edgar/data/1972234/000121390025121280/ea0269407-posam2_venhub.htm
artificial intelligence,False,424B3,424B3,2026-08-24,"ROBO.AI INC.  (AIIO, AIIOW)  (CIK 0001932737)",PROSPECTUS SUPPLEMENT,https://www.sec.gov/Archives/edgar/data/1932737/000121390026092830/ea0301579-424b3_roboai.htm
artificial intelligence,False,POS AM,POS AM,2026-01-21,"VenHub Global, Inc.  (CIK 0001972234)",POST-EFFECTIVE AMENDMENT NO. 5 TO FORM S-1,https://www.sec.gov/Archives/edgar/data/1972234/000121390026006255/ea0273289-posam5_venhub.htm
artificial intelligence,False,F-1,F-1,2026-09-29,VCI Global Ltd  (VCIG)  (CIK 0001930510),REGISTRATION STATEMENT,https://www.sec.gov/Archives/edgar/data/1930510/000121390026104630/ea0306911-f1_vciglobal.htm
artificial intelligence,False,POS AM,POS AM,2025-12-31,"VenHub Global, Inc.  (CIK 0001972234)",POST-EFFECTIVE AMENDMENT NO. 3 TO FORM S-1,https://www.sec.gov/Archives/edgar/data/1972234/000121390025127155/ea0271449-posam3_venhub.htm
artificial intelligence,True,40-F,EX-99.1,2025-06-20,CAE INC  (CAE)  (CIK 0001173382),EX-99.1 ANNUAL INFORMATION FORM,https://www.sec.gov/Archives/edgar/data/1173382/000117338225000029/caeaif2025.htm
artificial intelligence,False,424B4,424B4,2026-08-27,Check-Cap Ltd  (MBAI)  (CIK 0001610590),PROSPECTUS,https://www.sec.gov/Archives/edgar/data/1610590/000121390026094129/ea0303478-424b4_checkcap.htm
artificial intelligence,False,DEF 14A,DEF 14A,2026-04-01,Pattern Group Inc.  (PTRN)  (CIK 0001811935),DEF 14A,https://www.sec.gov/Archives/edgar/data/1811935/000181193526000024/ptrn-20260331.htm
artificial intelligence,False,10-Q,10-Q,2026-08-10,"Aeries Technology, Inc.  (AERT, AERTW)  (CIK 0001853044)",10-Q,https://www.sec.gov/Archives/edgar/data/1853044/000182912626008507/aeriestech_10q.htm
artificial intelligence,False,424B5,424B5,2026-06-04,"NATIONAL GRID PLC  (NGG, NEWEN, NGGTF, NMKBP, NMKCP, NMPWP)  (CIK 0001004315)",424B5,https://www.sec.gov/Archives/edgar/data/1004315/000119312526256582/d100575d424b5.htm
artificial intelligence,False,N-CSR,N-CSR,2026-05-06,Voya Asia Pacific High Dividend Equity Income Fund  (IAE)  (CIK 0001385632),N-CSR,https://www.sec.gov/Archives/edgar/data/1385632/000110465926056275/tm268462d3_ncsr.htm
artificial intelligence,False,10-K/A,10-K/A,2026-06-08,"Cycurion, Inc.  (CYCU, CYCUW)  (CIK 0001868419)",10-K/A,https://www.sec.gov/Archives/edgar/data/1868419/000149315226027756/form10-ka.htm
artificial intelligence,False,N-CSR,N-CSR,2026-05-06,Voya Emerging Markets High Dividend Equity Fund  (IHD)  (CIK 0001496292),N-CSR,https://www.sec.gov/Archives/edgar/data/1496292/000110465926056279/tm268462d4_ncsr.htm
artificial intelligence,False,DRS,DRS,2025-08-01,Cloud Data Holdings Corp  (CIK 0002078905),,https://www.sec.gov/Archives/edgar/data/2078905/000121390025070534/filename1.htm
artificial intelligence,False,N-CSR,N-CSR,2026-01-09,ADVISORS' INNER CIRCLE FUND  (CIK 0000878719),,https://www.sec.gov/Archives/edgar/data/878719/000139834426000468/fp0096601-1_ncsrixbrl.htm
artificial intelligence,False,DRS/A,DRS/A,2025-09-10,Cloud Data Holdings Corp  (CIK 0002078905),,https://www.sec.gov/Archives/edgar/data/2078905/000121390025086445/filename1.htm
artificial intelligence,False,N-CSR/A,N-CSR/A,2026-05-22,ADVISORS' INNER CIRCLE FUND  (CIK 0000878719),,https://www.sec.gov/Archives/edgar/data/878719/000139834426009641/fp0099059-1_ncsraixbrl.htm
artificial intelligence,False,DRS/A,DRS/A,2025-09-30,Cloud Data Holdings Corp  (CIK 0002078905),,https://www.sec.gov/Archives/edgar/data/2078905/000121390025093722/filename1.htm
artificial intelligence,False,424B5,424B5,2026-06-05,"NATIONAL GRID PLC  (NGG, NEWEN, NGGTF, NMKBP, NMKCP, NMPWP)  (CIK 0001004315)",424B5,https://www.sec.gov/Archives/edgar/data/1004315/000119312526259511/d100575d424b5.htm
artificial intelligence,False,N-CSR,N-CSR,2026-05-06,VOYA CREDIT INCOME FUND  (XSIAX)  (CIK 0001124959),N-CSR,https://www.sec.gov/Archives/edgar/data/1124959/000110465926056266/tm268462d1_ncsr.htm
artificial intelligence,False,F-1/A,F-1/A,2026-08-17,Check-Cap Ltd  (MBAI)  (CIK 0001610590),AMENDMENT NO. 1 TO FORM F-1,https://www.sec.gov/Archives/edgar/data/1610590/000121390026090536/ea0302328-f1a1_checkcap.htm
artificial intelligence,False,DRS/A,DRS/A,2026-06-24,Check-Cap Ltd  (MBAI)  (CIK 0001610590),,https://www.sec.gov/Archives/edgar/data/1610590/000121390026071555/filename1.htm
artificial intelligence,False,DEF 14A,DEF 14A,2026-03-18,INTERNATIONAL FLAVORS & FRAGRANCES INC  (IFF)  (CIK 0000051253),DEF 14A,https://www.sec.gov/Archives/edgar/data/51253/000114036126009960/ny20055514x1_def14a.htm
artificial intelligence,True,6-K,EX-99.1,2026-06-22,CAE INC  (CAE)  (CIK 0001173382),EX-99.1 NOTICE AND MANAGEMENT PROXY CIRCULAR,https://www.sec.gov/Archives/edgar/data/1173382/000117338226000023/caeproxy2026.htm
artificial intelligence,False,N-CSR,N-CSR,2026-01-05,AIM EQUITY FUNDS (INVESCO EQUITY FUNDS)  (CIK 0000105377),10312025 AEF NCSR,https://www.sec.gov/Archives/edgar/data/105377/000119312526001672/8de4c393f8822e4.htm
artificial intelligence,False,DRS,DRS,2025-07-21,Jet.AI Inc.  (JTAI)  (CIK 0001861622),,https://www.sec.gov/Archives/edgar/data/1861622/000164117225020326/filename1.htm
artificial intelligence,False,F-1,F-1,2026-07-24,Check-Cap Ltd  (MBAI)  (CIK 0001610590),REGISTRATION STATEMENT,https://www.sec.gov/Archives/edgar/data/1610590/000121390026081494/ea0297196-f1_checkcap.htm
artificial intelligence,True,CB,EX-99.1,2025-11-04,MAGIC SOFTWARE ENTERPRISES LTD  (MGIC)  (CIK 0000876779); Matrix I.T. Ltd.  (CIK 0002093979),EXHIBIT 99.1,https://www.sec.gov/Archives/edgar/data/876779/000095010325014243/dp236802_ex9901.htm
artificial intelligence,False,F-3,F-3,2026-03-31,VCI Global Ltd  (VCIG)  (CIK 0001930510),REGISTRATION STATEMENT,https://www.sec.gov/Archives/edgar/data/1930510/000121390026036624/ea0283753-f3_vciglobal.htm
artificial intelligence,False,N-CSR,N-CSR,2025-02-28,DEUTSCHE DWS INVESTMENTS VIT FUNDS  (CIK 0001006373),DWS EQUITY 500 INDEX VIP,https://www.sec.gov/Archives/edgar/data/1006373/000008805325000165/ar123124e500vip.htm
artificial intelligence,False,S-1,S-1,2025-12-01,Jet.AI Inc.  (JTAI)  (CIK 0001861622),S-1,https://www.sec.gov/Archives/edgar/data/1861622/000149315225025591/forms-1.htm
artificial intelligence,False,10-K,10-K,2026-04-09,"BEYOND MEAT, INC.  (BYND)  (CIK 0001655210)",BYND 10-K 2025,https://www.sec.gov/Archives/edgar/data/1655210/000165521026000022/bynd-20251231.htm
artificial intelligence,False,DEF 14A,DEF 14A,2025-03-31,Xylem Inc.  (XYL)  (CIK 0001524472),DEF 14A,https://www.sec.gov/Archives/edgar/data/1524472/000095017025047304/xyl-20250328.htm
artificial intelligence,False,DRS,DRS,2026-03-24,"Securetech Innovations, Inc.  (SCTH)  (CIK 0001703157)",,https://www.sec.gov/Archives/edgar/data/1703157/000101738626000009/filename1.htm
artificial intelligence,True,8-K,EX-99.1,2026-03-10,"ENBRIDGE INC  (ENB, EBBGF, EBBNF, EBGEF, EBRGF, EBRZF, ENBFF, ENBGF, ENBHF, ENBMF, ENBNF, ENBOF, ENBRF, ENBSF)  (CIK 0000895728)",EX-99.1,https://www.sec.gov/Archives/edgar/data/895728/000119312526100395/enb-ex99_1.htm
artificial intelligence,True,6-K,EX-99.1,2026-08-24,"ROBO.AI INC.  (AIIO, AIIOW)  (CIK 0001932737)","INTERIM REPORT OF ROBO.AI INC. FOR THE SIX MONTHS ENDED JUNE 30, 2026",https://www.sec.gov/Archives/edgar/data/1932737/000121390026092826/ea030157601ex99-1.htm
artificial intelligence,False,PRE 14A,PRE 14A,2026-03-27,"KELLY SERVICES INC  (KELYA, KELYB)  (CIK 0000055135)",PRE 14A,https://www.sec.gov/Archives/edgar/data/55135/000119312526129427/d37355dpre14a.htm
artificial intelligence,False,DRS/A,DRS/A,2025-12-15,JOYBYTE HOLDINGS Ltd  (CIK 0002083034),,https://www.sec.gov/Archives/edgar/data/2083034/000118518525002048/filename1.htm
artificial intelligence,False,10-Q,10-Q,2025-11-14,TAO Synergies Inc.  (TAOX)  (CIK 0001571934),10-Q,https://www.sec.gov/Archives/edgar/data/1571934/000110465925112570/taox-20250930x10q.htm
artificial intelligence,False,DEF 14A,DEF 14A,2026-04-13,"KELLY SERVICES INC  (KELYA, KELYB)  (CIK 0000055135)",DEF 14A,https://www.sec.gov/Archives/edgar/data/55135/000119312526152858/d37355ddef14a.htm
artificial intelligence,False,F-1,F-1,2026-01-20,DT House Ltd  (DTDT)  (CIK 0002047713),REGISTRATION STATEMENT,https://www.sec.gov/Archives/edgar/data/2047713/000121390026005690/ea0273016-f1_dthouse.htm
artificial intelligence,False,DRS/A,DRS/A,2025-12-01,CALM Chain International Ltd  (CIK 0002083945),,https://www.sec.gov/Archives/edgar/data/2083945/000121390025116469/filename1.htm
artificial intelligence,False,10-K,10-K,2026-02-20,Evercore Inc.  (EVR)  (CIK 0001360901),10-K,https://www.sec.gov/Archives/edgar/data/1360901/000162828026010273/evr-20251231.htm
artificial intelligence,False,DEFM14A,DEFM14A,2026-05-08,"Allbirds, Inc.  (BIRD)  (CIK 0001653909)",DEFM14A,https://www.sec.gov/Archives/edgar/data/1653909/000119312526213226/d39753ddefm14a.htm
artificial intelligence,False,F-1,F-1,2026-01-27,JOYBYTE HOLDINGS Ltd  (CIK 0002083034),FORM F-1,https://www.sec.gov/Archives/edgar/data/2083034/000118518526000300/joybytef1123125.htm
artificial intelligence,False,PRER14A,PRER14A,2026-05-04,"Allbirds, Inc.  (BIRD)  (CIK 0001653909)",PRER14A,https://www.sec.gov/Archives/edgar/data/1653909/000119312526202598/d39753dprer14a.htm
artificial intelligence,False,DRS/A,DRS/A,2026-02-06,"Lincoln International, Inc.  (CIK 0001925283)",,https://www.sec.gov/Archives/edgar/data/1925283/000162827926000087/filename1.htm
artificial intelligence,False,POS AM,POS AM,2025-12-17,ELC Group Holdings Ltd.  (ELCG)  (CIK 0002039096),POS AM,https://www.sec.gov/Archives/edgar/data/2039096/000149315225028084/formposam.htm
artificial intelligence,False,F-1,F-1,2026-09-11,Meey Global Corp  (CIK 0002134106),REGISTRATION STATEMENT,https://www.sec.gov/Archives/edgar/data/2134106/000121390026099370/ea0291005-02.htm
artificial intelligence,False,DRS/A,DRS/A,2025-02-03,ELC Group Holdings Ltd.  (CIK 0002039096),,https://www.sec.gov/Archives/edgar/data/2039096/000149315225004549/filename1.htm
artificial intelligence,False,ARS,ARS,2025-04-30,"AvidXchange Holdings, Inc.  (AVDX)  (CIK 0001858257)",ARS,https://www.sec.gov/Archives/edgar/data/1858257/000119312525107183/d865646dars.pdf
artificial intelligence,False,POS AM,POS AM,2025-10-28,ELC Group Holdings Ltd.  (ELCG)  (CIK 0002039096),POS AM,https://www.sec.gov/Archives/edgar/data/2039096/000149315225019885/formposam.htm
artificial intelligence,False,F-1,F-1,2026-01-21,Cloud Data Holdings Corp  (CIK 0002078905),REGISTRATION STATEMENT,https://www.sec.gov/Archives/edgar/data/2078905/000121390026006155/ea0248977-06.htm
artificial intelligence,True,6-K,EX-99.1,2025-06-20,CAE INC  (CAE)  (CIK 0001173382),EX-99.1 NOTICE AND MANAGEMENT PROXY CIRCULAR,https://www.sec.gov/Archives/edgar/data/1173382/000117338225000027/caeproxy2025.htm
artificial intelligence,False,253G2,253G2,2025-05-09,"Reticulate Micro, Inc.  (RMXI)  (CIK 0001970743)",OFFERING CIRCULAR,https://www.sec.gov/Archives/edgar/data/1970743/000121390025041213/ea0241510-253g2_reticulate.htm
artificial intelligence,False,1-A POS,PART II AND III,2025-04-22,"Reticulate Micro, Inc.  (RMXI)  (CIK 0001970743)",POST-QUALIFICATION OFFERING CIRCULAR AMENDMENT NO. 1 TO FORM 1-A,https://www.sec.gov/Archives/edgar/data/1970743/000121390025034228/ea0238881-1apos_reticulate.htm
artificial intelligence,True,40-F,EX-99.1,2026-05-21,Lightspeed Commerce Inc.  (LSPD)  (CIK 0001823306),EX-99.1,https://www.sec.gov/Archives/edgar/data/1823306/000182330626000025/annualinformationform2026.htm
artificial intelligence,False,F-1/A,F-1/A,2025-09-19,DT House Ltd  (DTDT)  (CIK 0002047713),AMENDMENT NO. 5 TO FORM F-1,https://www.sec.gov/Archives/edgar/data/2047713/000121390025089136/ea0257871-f1a5_dthouse.htm
artificial intelligence,False,F-4/A,F-4/A,2025-06-13,OmnigenicsAI Corp  (OMNI)  (CIK 0002013873); APx Acquisition Corp. I  (CIK 0001868573),REGISTRATION STATEMENT,https://www.sec.gov/Archives/edgar/data/2013873/000121390025054324/ea0226094-05.htm
artificial intelligence,False,F-1/A,F-1/A,2025-08-07,DT House Ltd  (CIK 0002047713),AMENDMENT NO. 2 TO FORM F-1,https://www.sec.gov/Archives/edgar/data/2047713/000121390025072682/ea0247969-f1a2_dthouse.htm
artificial intelligence,False,F-1/A,F-1/A,2025-09-05,DT House Ltd  (CIK 0002047713),AMENDMENT NO. 4 TO FORM F-1,https://www.sec.gov/Archives/edgar/data/2047713/000121390025084729/ea0255982-f1a4_dthouse.htm
artificial intelligence,False,F-4/A,F-4/A,2025-07-03,OmnigenicsAI Corp  (OMNI)  (CIK 0002013873); APx Acquisition Corp. I  (CIK 0001868573),REGISTRATION STATEMENT,https://www.sec.gov/Archives/edgar/data/2013873/000121390025061545/ea0226094-07.htm
artificial intelligence,False,F-1/A,F-1/A,2026-02-04,Cloud Data Holdings Corp  (CDN)  (CIK 0002078905),REGISTRATION STATEMENT,https://www.sec.gov/Archives/edgar/data/2078905/000121390026012094/ea0248977-07.htm
artificial intelligence,False,F-4/A,F-4/A,2025-03-31,OmnigenicsAI Corp  (OMNI)  (CIK 0002013873); APx Acquisition Corp. I  (CIK 0001868573),REGISTRATION STATEMENT,https://www.sec.gov/Archives/edgar/data/2013873/000121390025026339/ea0226094-03.htm
artificial intelligence,False,F-4/A,F-4/A,2025-07-18,OmnigenicsAI Corp  (OMNI)  (CIK 0002013873); APx Acquisition Corp. I  (CIK 0001868573),REGISTRATION STATEMENT,https://www.sec.gov/Archives/edgar/data/2013873/000121390025065703/ea0226094-11.htm
artificial intelligence,False,DRS/A,DRS/A,2025-01-13,ELC Group Holdings Ltd.  (CIK 0002039096),,https://www.sec.gov/Archives/edgar/data/2039096/000149315225001843/filename1.htm
artificial intelligence,False,F-1/A,F-1/A,2025-08-19,DT House Ltd  (CIK 0002047713),AMENDMENT NO. 3 TO FORM F-1,https://www.sec.gov/Archives/edgar/data/2047713/000121390025078456/ea0248398-f1a_dthouse.htm
artificial intelligence,False,F-1/A,F-1/A,2025-10-24,DT House Ltd  (DTDT)  (CIK 0002047713),AMENDMENT NO. 6 TO FORM F-1,https://www.sec.gov/Archives/edgar/data/2047713/000121390025102087/ea0262304-f1a6_dthouse.htm
artificial intelligence,False,N-CSR,N-CSR,2026-02-27,DEUTSCHE DWS INVESTMENTS VIT FUNDS  (CIK 0001006373),DWS EQUITY 500 INDEX VIP,https://www.sec.gov/Archives/edgar/data/1006373/000008805326000181/ar12312025vitequ500.htm
artificial intelligence,False,F-1,F-1,2025-03-04,ELC Group Holdings Ltd.  (CIK 0002039096),,https://www.sec.gov/Archives/edgar/data/2039096/000149315225008953/formf-1.htm
artificial intelligence,False,ARS,ARS,2026-01-16,Johnson Controls International plc  (JCI)  (CIK 0000833444),ARS,https://www.sec.gov/Archives/edgar/data/833444/000110465926004571/tm2524665d9_ars.pdf
artificial intelligence,False,10-K,10-K,2026-04-15,"Petros Pharmaceuticals, Inc.  (PTPI)  (CIK 0001815903)",10-K,https://www.sec.gov/Archives/edgar/data/1815903/000110465926043822/tmb-20251231x10k.htm
artificial intelligence,False,DEF 14A,DEF 14A,2025-04-11,"SOUTHERN CO  (SO, SOJC, SOJD, SOJE, SOJF)  (CIK 0000092122)",DEF 14A,https://www.sec.gov/Archives/edgar/data/92122/000009212225000036/southern_companyx2025xprox.pdf
artificial intelligence,False,DRS/A,DRS/A,2026-03-24,"Lincoln International, Inc.  (CIK 0001925283)",,https://www.sec.gov/Archives/edgar/data/1925283/000162827926000332/filename1.htm
artificial intelligence,True,8-K,EX-2.1,2026-10-05,"RXO, Inc.  (RXO)  (CIK 0001929561)",EXHIBIT 2.1,https://www.sec.gov/Archives/edgar/data/1929561/000114036126038548/ef20083265_ex2-1.htm
artificial intelligence,False,F-1/A,F-1/A,2026-05-29,JOYBYTE HOLDINGS Ltd  (CIK 0002083034),FORM F-1/A,https://www.sec.gov/Archives/edgar/data/2083034/000118518526002171/joybytef1a1040226.htm
artificial intelligence,False,ARS,ARS,2025-01-21,Johnson Controls International plc  (JCI)  (CIK 0000833444),ARS,https://www.sec.gov/Archives/edgar/data/833444/000110465925004924/tm253175d1_ars.pdf
artificial intelligence,True,8-K,EX-99.1,2025-03-11,"ENBRIDGE INC  (ENB, EBBGF, EBBNF, EBGEF, EBRGF, EBRZF, ENBFF, ENBGF, ENBHF, ENBMF, ENBNF, ENBOF, ENBRF, ENBSF)  (CIK 0000895728)",EX-99.1,https://www.sec.gov/Archives/edgar/data/895728/000119312525052056/d915082dex991.htm
artificial intelligence,False,F-1/A,F-1/A,2025-06-27,ELC Group Holdings Ltd.  (ELCG)  (CIK 0002039096),F-1/A,https://www.sec.gov/Archives/edgar/data/2039096/000164117225016911/formf-1a.htm
artificial intelligence,False,10-K,10-K,2025-03-26,Jet.AI Inc.  (JTAI)  (CIK 0001861622),,https://www.sec.gov/Archives/edgar/data/1861622/000164117225000794/form10-k.htm
artificial intelligence,False,F-1/A,F-1/A,2025-05-15,ELC Group Holdings Ltd.  (ELCG)  (CIK 0002039096),F-1/A,https://www.sec.gov/Archives/edgar/data/2039096/000164117225010760/formf-1a.htm
artificial intelligence,True,8-K,EX-2.1,2026-10-05,"C. H. ROBINSON WORLDWIDE, INC.  (CHRW)  (CIK 0001043277)",EX-2.1,https://www.sec.gov/Archives/edgar/data/1043277/000119312526413203/d115124dex21.htm
artificial intelligence,True,425,EX-2.1,2026-10-05,"RXO, Inc.  (RXO)  (CIK 0001929561)",EXHIBIT 2.1,https://www.sec.gov/Archives/edgar/data/1929561/000114036126038549/ef20083265_ex2-1.htm
artificial intelligence,False,10-K,10-K,2025-02-28,"AvidXchange Holdings, Inc.  (AVDX)  (CIK 0001858257)",10-K,https://www.sec.gov/Archives/edgar/data/1858257/000095017025029974/avdx-20241231.htm
artificial intelligence,False,PRE 14A,PRE 14A,2025-03-31,"SOUTHERN CO  (SO, SOJC, SOJD, SOJE, SOJF)  (CIK 0000092122)",PRE 14A,https://www.sec.gov/Archives/edgar/data/92122/000009212225000032/so-20250331.htm
artificial intelligence,False,DEF 14A,DEF 14A,2025-04-11,"SOUTHERN CO  (SO, SOJC, SOJD, SOJE, SOJF)  (CIK 0000092122)",DEF 14A,https://www.sec.gov/Archives/edgar/data/92122/000009212225000036/so-20250410.htm
artificial intelligence,False,425,425,2026-10-05,"RXO, Inc.  (RXO)  (CIK 0001929561); C. H. ROBINSON WORLDWIDE, INC.  (CIK 0001043277)",425,https://www.sec.gov/Archives/edgar/data/1929561/000119312526413211/d115124d425.htm
artificial intelligence,False,424B4,424B4,2025-02-12,Odysight.ai Inc.  (ODYS)  (CIK 0001577445),,https://www.sec.gov/Archives/edgar/data/1577445/000149315225006045/form424b4.htm
artificial intelligence,False,ARS,ARS,2025-10-09,Odysight.ai Inc.  (ODYS)  (CIK 0001577445),ARS,https://www.sec.gov/Archives/edgar/data/1577445/000149315225017600/formars.pdf
artificial intelligence,False,N-CSR,N-CSR,2025-05-08,Voya Asia Pacific High Dividend Equity Income Fund  (IAE)  (CIK 0001385632),N-CSR,https://www.sec.gov/Archives/edgar/data/1385632/000110465925046084/tm258877d3_ncsr.htm
artificial intelligence,False,424B4,424B4,2026-05-21,"Lincoln International, Inc.  (LCLN)  (CIK 0001925283)",424B4,https://www.sec.gov/Archives/edgar/data/1925283/000162828026037044/lincolninternational-424b4.htm
artificial intelligence,False,DEF 14A,DEF 14A,2026-01-16,Johnson Controls International plc  (JCI)  (CIK 0000833444),FORM DEF 14A,https://www.sec.gov/Archives/edgar/data/833444/000110465926004565/tm2524665-5_def14a.htm
artificial intelligence,False,N-CSR,N-CSR,2025-05-08,Voya GLOBAL EQUITY DIVIDEND & PREMIUM OPPORTUNITY FUND  (IGD)  (CIK 0001285890),N-CSR,https://www.sec.gov/Archives/edgar/data/1285890/000110465925046090/tm258877d6_ncsr.htm
artificial intelligence,False,N-CSR,N-CSR,2025-05-08,Voya Global Advantage & Premium Opportunity Fund  (IGA)  (CIK 0001332943),N-CSR,https://www.sec.gov/Archives/edgar/data/1332943/000110465925046087/tm258877d5_ncsr.htm
artificial intelligence,True,10-K,EX-2.1,2025-02-28,SUN COMMUNITIES INC  (SUI)  (CIK 0000912593),EX-2.1,https://www.sec.gov/Archives/edgar/data/912593/000091259325000086/exhibit21-gulfstreamxmembe.htm
artificial intelligence,True,10-12B,EX-99.1,2026-06-29,Vylor Inc.  (CIK 0002128626),EX-99.1,https://www.sec.gov/Archives/edgar/data/2128626/000119312526288697/ck0002128626-ex99_1.htm
artificial intelligence,False,N-CSR,N-CSR,2025-05-08,Voya Emerging Markets High Dividend Equity Fund  (IHD)  (CIK 0001496292),N-CSR,https://www.sec.gov/Archives/edgar/data/1496292/000110465925046085/tm258877d4_ncsr.htm
artificial intelligence,False,S-1/A,S-1/A,2025-09-24,Eva Live Inc  (GOAI)  (CIK 0001983736),S-1/A,https://www.sec.gov/Archives/edgar/data/1983736/000149315225014781/forms-1a.htm
artificial intelligence,False,S-1,S-1,2026-04-24,"Lincoln International, Inc.  (CIK 0001925283)",S-1,https://www.sec.gov/Archives/edgar/data/1925283/000162828026027260/lincolninternational-sx1xa.htm
artificial intelligence,False,10-K,10-K,2026-03-06,"CCS IX Portfolio Holdings, LLC  (CIK 0002017636)",10-K,https://www.sec.gov/Archives/edgar/data/2017636/000119312526096557/ck0002017636-20251231.htm
artificial intelligence,False,S-1/A,S-1/A,2026-05-11,"Lincoln International, Inc.  (LCLN)  (CIK 0001925283)",S-1/A,https://www.sec.gov/Archives/edgar/data/1925283/000162828026033128/lincolninternational-sx1a.htm
artificial intelligence,True,40FR12B,EX-99.1,2026-09-30,BSR Real Estate Investment Trust  (CIK 0001777917),EXHIBIT 99.1,https://www.sec.gov/Archives/edgar/data/1777917/000110465926112093/tm2625495d1_ex99-1.htm
artificial intelligence,False,10-K,10-K,2026-03-31,"Beeline Holdings, Inc.  (BLNE)  (CIK 0001534708)",10-K,https://www.sec.gov/Archives/edgar/data/1534708/000149315226014135/form10-k.htm
artificial intelligence,True,6-K,EX-99.2,2025-10-07,VCI Global Ltd  (VCIG)  (CIK 0001930510),"CONDENSED CONSOLIDATED INTERIM FINANCIAL STATEMENTS (UNAUDITED) OF VCI GLOBAL LIMITED AND ITS SUBSIDIARIES AS OF JUNE 30, 2025 AND DECEMBER 31, 2024 AND FOR THE SIX MONTHS ENDED JUNE 30, 2025 AND 2024",https://www.sec.gov/Archives/edgar/data/1930510/000121390025096726/ea026021501ex99-2_vciglobal.htm
artificial intelligence,False,F-1/A,F-1/A,2025-10-14,PressLogic Inc.  (PLAI)  (CIK 0002058867),F-1/A,https://www.sec.gov/Archives/edgar/data/2058867/000149315225018006/formf-1a.htm
artificial intelligence,False,10-Q,10-Q,2025-08-14,TAO Synergies Inc.  (TAOX)  (CIK 0001571934),10-Q,https://www.sec.gov/Archives/edgar/data/1571934/000141057825001820/snpx-20250630x10q.htm
artificial intelligence,True,8-K,EX-2.1,2025-02-18,"Light & Wonder, Inc.  (LNW, LAWIL)  (CIK 0000750004)",EXHIBIT 2.1,https://www.sec.gov/Archives/edgar/data/750004/000110465925014535/tm256405d1_ex2-1.htm
artificial intelligence,False,10-Q,10-Q,2026-07-30,Moelis & Co  (MC)  (CIK 0001596967),10-Q,https://www.sec.gov/Archives/edgar/data/1596967/000119312526324296/mc-20260630.htm
artificial intelligence,False,S-1/A,S-1/A,2026-05-14,"Lincoln International, Inc.  (LCLN)  (CIK 0001925283)",S-1/A,https://www.sec.gov/Archives/edgar/data/1925283/000162828026035230/lincolninternational-sx1a2.htm
artificial intelligence,False,N-CSR,N-CSR,2025-05-08,"Voya Infrastructure, Industrials & Materials Fund  (IDE)  (CIK 0001417802)",N-CSR,https://www.sec.gov/Archives/edgar/data/1417802/000110465925046083/tm258877d2_ncsr.htm
artificial intelligence,False,PREM14C,PREM14C,2026-03-20,"EKSO BIONICS HOLDINGS, INC.  (EKSO)  (CIK 0001549084)",PREM14C,https://www.sec.gov/Archives/edgar/data/1549084/000143774926009267/ekso-20251231.htm
artificial intelligence,False,F-1/A,F-1/A,2025-07-25,ELC Group Holdings Ltd.  (ELCG)  (CIK 0002039096),F-1/A,https://www.sec.gov/Archives/edgar/data/2039096/000164117225020962/formf-1a.htm
artificial intelligence,False,10-K,10-K,2026-03-16,Eva Live Inc  (GOAI)  (CIK 0001983736),10-K,https://www.sec.gov/Archives/edgar/data/1983736/000149315226010305/form10-k.htm
artificial intelligence,False,DRS,DRS,2025-04-15,ECST Holdings Ltd  (CIK 0002058007),,https://www.sec.gov/Archives/edgar/data/2058007/000164117225004721/filename1.htm
artificial intelligence,False,F-1,F-1,2025-09-24,PressLogic Inc.  (CIK 0002058867),F-1,https://www.sec.gov/Archives/edgar/data/2058867/000149315225014823/formf-1.htm
artificial intelligence,False,F-1/A,F-1/A,2025-11-07,PressLogic Inc.  (PLAI)  (CIK 0002058867),F-1/A,https://www.sec.gov/Archives/edgar/data/2058867/000149315225021290/formf-1a.htm
artificial intelligence,False,10-K,10-K,2025-12-09,"Zapata Quantum, Inc.  (CIK 0001843714)",FORM 10-K,https://www.sec.gov/Archives/edgar/data/1843714/000107997325001836/zpat_10k-123124.htm
artificial intelligence,False,F-4,F-4,2025-01-22,OmnigenicsAI Corp  (CIK 0002013873); APx Acquisition Corp. I  (CIK 0001868573),REGISTRATION STATEMENT,https://www.sec.gov/Archives/edgar/data/2013873/000121390025005463/ea0226094-01.htm
artificial intelligence,False,DRS,DRS,2025-08-22,Medikra Inc.  (CIK 0002078035),,https://www.sec.gov/Archives/edgar/data/2078035/000121390025079809/filename1.htm
artificial intelligence,False,DRS/A,DRS/A,2025-06-20,ECST Holdings Ltd  (CIK 0002058007),,https://www.sec.gov/Archives/edgar/data/2058007/000164117225015718/filename1.htm
artificial intelligence,False,DRS/A,DRS/A,2025-08-26,PressLogic Inc.  (CIK 0002058867),,https://www.sec.gov/Archives/edgar/data/2058867/000164117225025544/filename1.htm
artificial intelligence,False,DRS,DRS,2026-02-09,Fast Finance Pay Corp.  (CIK 0002109616),,https://www.sec.gov/Archives/edgar/data/2109616/000149315226005765/filename1.htm
artificial intelligence,False,424B5,424B5,2026-04-03,InMed Pharmaceuticals Inc.  (INM)  (CIK 0001728328),PROSPECTUS SUPPLEMENT,https://www.sec.gov/Archives/edgar/data/1728328/000121390026039938/ea0284976-424b5_inmed.htm
artificial intelligence,False,N-CSR,N-CSR,2026-01-05,AIM INTERNATIONAL MUTUAL FUNDS (INVESCO INTERNATIONAL MUTUAL FUNDS)  (CIK 0000880859),10312025 AIMF NCSR,https://www.sec.gov/Archives/edgar/data/880859/000119312526001674/8de4c3cc1954714.htm
artificial intelligence,False,10-K,10-K,2025-03-31,"WRAP TECHNOLOGIES, INC.  (WRAP)  (CIK 0001702924)",,https://www.sec.gov/Archives/edgar/data/1702924/000164117225001416/form10-k.htm
artificial intelligence,False,DRS/A,DRS/A,2025-04-28,"Lincoln International, Inc.  (CIK 0001925283)",,https://www.sec.gov/Archives/edgar/data/1925283/000095012325003763/filename1.htm
artificial intelligence,False,F-1/A,F-1/A,2025-07-09,ELC Group Holdings Ltd.  (ELCG)  (CIK 0002039096),F-1/A,https://www.sec.gov/Archives/edgar/data/2039096/000164117225018409/formf-1a.htm
artificial intelligence,False,DRS/A,DRS/A,2025-06-16,ECST Holdings Ltd  (CIK 0002058007),,https://www.sec.gov/Archives/edgar/data/2058007/000164117225015201/filename1.htm
artificial intelligence,True,8-K,EX-99.1,2026-09-25,Vylor Inc.  (VYLR)  (CIK 0002128626),EX-99.1,https://www.sec.gov/Archives/edgar/data/2128626/000119312526402928/ck0002128626-ex99_1.htm
artificial intelligence,False,DRS,DRS,2025-01-28,OTSAW Ltd  (CIK 0002046462),,https://www.sec.gov/Archives/edgar/data/2046462/000121390025007614/filename1.htm
artificial intelligence,True,10-12B/A,EX-99.1,2026-08-14,Vylor Inc.  (CIK 0002128626),EX-99.1,https://www.sec.gov/Archives/edgar/data/2128626/000119312526352605/ck0002128626-ex99_1.htm
artificial intelligence,False,F-1/A,F-1/A,2025-08-25,ELC Group Holdings Ltd.  (ELCG)  (CIK 0002039096),F-1/A,https://www.sec.gov/Archives/edgar/data/2039096/000164117225025415/formf-1a.htm
artificial intelligence,False,DEF 14A,DEF 14A,2026-04-03,"Mondelez International, Inc.  (MDLZ)  (CIK 0001103982)",DEFINITIVE PROXY STATEMENT,https://www.sec.gov/Archives/edgar/data/1103982/000162828026023640/mdlz_courtesy-pdfa.pdf
artificial intelligence,False,DEF 14A,DEF 14A,2025-04-23,"Ulta Beauty, Inc.  (ULTA)  (CIK 0001403568)",DEF 14A,https://www.sec.gov/Archives/edgar/data/1403568/000155837025005260/tmb-20250611xdef14a.htm
artificial intelligence,True,10-12B/A,EX-99.1,2026-09-15,Vylor Inc.  (CIK 0002128626),EX-99.1,https://www.sec.gov/Archives/edgar/data/2128626/000119312526391356/ck0002128626-ex99_1.htm
artificial intelligence,False,DRS/A,DRS/A,2025-06-04,"Lincoln International, Inc.  (CIK 0001925283)",,https://www.sec.gov/Archives/edgar/data/1925283/000162828025029195/filename1.htm
artificial intelligence,False,DRS/A,DRS/A,2025-05-30,ECST Holdings Ltd  (CIK 0002058007),,https://www.sec.gov/Archives/edgar/data/2058007/000164117225012970/filename1.htm
artificial intelligence,False,F-1,F-1,2026-09-30,Primagrove Ltd  (CIK 0002138135),REGISTRATION STATEMENT,https://www.sec.gov/Archives/edgar/data/2138135/000121390026104919/ea0295228-06.htm
artificial intelligence,False,ARS,ARS,2025-11-17,"WRAP TECHNOLOGIES, INC.  (WRAP)  (CIK 0001702924)",ARS,https://www.sec.gov/Archives/edgar/data/1702924/000149315225023922/formars.pdf
artificial intelligence,False,DRS,DRS,2025-06-18,"LIBERTY DEFENSE HOLDINGS, LTD.  (LDDFF)  (CIK 0001919776)",,https://www.sec.gov/Archives/edgar/data/1919776/000110465925060675/filename1.htm
artificial intelligence,False,DEF 14A,DEF 14A,2026-04-03,"Mondelez International, Inc.  (MDLZ)  (CIK 0001103982)",DEFINITIVE PROXY STATEMENT,https://www.sec.gov/Archives/edgar/data/1103982/000162828026023640/mdlz-20260403.htm
artificial intelligence,False,DEF 14A,DEF 14A,2026-03-13,DUCOMMUN INC /DE/  (DCO)  (CIK 0000030305),DEFINITIVE PROXY STATEMENT,https://www.sec.gov/Archives/edgar/data/30305/000130817926000067/dco2026_courtesy-pdf.pdf
artificial intelligence,True,10-12B/A,EX-99.1,2026-09-21,Vylor Inc.  (VYLR)  (CIK 0002128626),EX-99.1,https://www.sec.gov/Archives/edgar/data/2128626/000119312526396054/ck0002128626-ex99_1.htm
artificial intelligence,False,ARS,ARS,2026-09-01,"Acurx Pharmaceuticals, Inc.  (ACXP)  (CIK 0001736243)",ARS,https://www.sec.gov/Archives/edgar/data/1736243/000110465926104320/tm2623641d1_ars.pdf
artificial intelligence,False,10-K,10-K,2026-05-22,"HOULIHAN LOKEY, INC.  (HLI)  (CIK 0001302215)",10-K,https://www.sec.gov/Archives/edgar/data/1302215/000130221526000053/hli-20260331.htm
artificial intelligence,False,S-1/A,S-1/A,2025-01-31,Odysight.ai Inc.  (ODYS)  (CIK 0001577445),,https://www.sec.gov/Archives/edgar/data/1577445/000149315225004350/forms-1a.htm
artificial intelligence,False,S-1,S-1,2026-10-02,Arca Nova Acquisition Corp  (CIK 0002139831),REGISTRATION STATEMENT,https://www.sec.gov/Archives/edgar/data/2139831/000121390026106185/ea0297798-02.htm
artificial intelligence,False,10-K,10-K,2026-03-12,"Acurx Pharmaceuticals, Inc.  (ACXP)  (CIK 0001736243)",10-K,https://www.sec.gov/Archives/edgar/data/1736243/000110465926027052/acxp-20251231x10k.htm
artificial intelligence,False,S-1/A,S-1/A,2025-01-28,Odysight.ai Inc.  (ODYS)  (CIK 0001577445),,https://www.sec.gov/Archives/edgar/data/1577445/000149315225004022/forms-1a.htm
artificial intelligence,False,F-1/A,F-1/A,2025-08-07,ELC Group Holdings Ltd.  (ELCG)  (CIK 0002039096),F-1/A,https://www.sec.gov/Archives/edgar/data/2039096/000164117225022522/formf-1a.htm
artificial intelligence,False,S-1/A,S-1/A,2025-01-24,Odysight.ai Inc.  (ODYS)  (CIK 0001577445),,https://www.sec.gov/Archives/edgar/data/1577445/000149315225003588/forms-1a.htm
artificial intelligence,False,S-1/A,S-1/A,2026-08-06,"Ambitious Entertainment, Inc.  (CIK 0001900851)",S-1/A,https://www.sec.gov/Archives/edgar/data/1900851/000149315226036294/forms-1a.htm
artificial intelligence,False,ARS,ARS,2026-07-24,"HOULIHAN LOKEY, INC.  (HLI)  (CIK 0001302215)",ARS,https://www.sec.gov/Archives/edgar/data/1302215/000130221526000061/hlify2610k.pdf
artificial intelligence,False,DEF 14A,DEF 14A,2026-03-13,DUCOMMUN INC /DE/  (DCO)  (CIK 0000030305),DEFINITIVE PROXY STATEMENT,https://www.sec.gov/Archives/edgar/data/30305/000130817926000067/dco014947-def14a.htm
artificial intelligence,False,S-1/A,S-1/A,2026-06-22,"Ambitious Entertainment, Inc.  (CIK 0001900851)",S-1/A,https://www.sec.gov/Archives/edgar/data/1900851/000149315226029643/forms-1a.htm
artificial intelligence,False,20-F,20-F,2026-07-15,VCI Global Ltd  (VCIG)  (CIK 0001930510),ANNUAL REPORT,https://www.sec.gov/Archives/edgar/data/1930510/000121390026078044/ea0295861-20f_vciglobal.htm
artificial intelligence,False,DRS,DRS,2026-07-31,Arca Nova Acquisition Corp  (CIK 0002139831),,https://www.sec.gov/Archives/edgar/data/2139831/000121390026083781/filename1.htm
artificial intelligence,False,20-F,20-F,2026-04-30,Orion Digital Corp.  (ORIO)  (CIK 0001602842),20-F,https://www.sec.gov/Archives/edgar/data/1602842/000119312526197914/mogo-20251231.htm
artificial intelligence,False,S-1/A,S-1/A,2025-11-20,Eva Live Inc  (GOAI)  (CIK 0001983736),S-1/A,https://www.sec.gov/Archives/edgar/data/1983736/000149315225024349/forms-1a.htm
artificial intelligence,False,10-K,10-K,2025-04-11,"Signing Day Sports, Inc.  (SGN)  (CIK 0001898474)",ANNUAL REPORT,https://www.sec.gov/Archives/edgar/data/1898474/000121390025031093/ea0237717-10k_signing.htm
artificial intelligence,False,DEF 14A,DEF 14A,2025-01-22,"MAXIMUS, INC.  (MMS)  (CIK 0001032220)",DEF 14A,https://www.sec.gov/Archives/edgar/data/1032220/000103222025000010/mms-20250121.htm
artificial intelligence,False,S-1/A,S-1/A,2026-07-07,"Ambitious Entertainment, Inc.  (CIK 0001900851)",S-1/A,https://www.sec.gov/Archives/edgar/data/1900851/000149315226032371/forms-1a.htm
artificial intelligence,False,10-K,10-K,2025-04-15,"Beeline Holdings, Inc.  (BLNE)  (CIK 0001534708)",,https://www.sec.gov/Archives/edgar/data/1534708/000164117225004793/form10-k.htm
artificial intelligence,False,20-F,20-F,2025-05-13,VCI Global Ltd  (VCIG)  (CIK 0001930510),ANNUAL REPORT,https://www.sec.gov/Archives/edgar/data/1930510/000121390025042476/ea0239288-20f_vciglobal.htm
artificial intelligence,False,F-1,F-1,2025-03-03,DT House Ltd  (CIK 0002047713),REGISTRATION STATEMENT,https://www.sec.gov/Archives/edgar/data/2047713/000121390025018875/ea0231405-f1_dthouse.htm
artificial intelligence,False,N-CSR,N-CSR,2025-05-08,Voya Enhanced Securitized Income Fund  (CIK 0001995568),N-CSR,https://www.sec.gov/Archives/edgar/data/1995568/000110465925046093/tm258877d7_ncsr.htm
artificial intelligence,False,DRS/A,DRS/A,2025-03-26,OTSAW Ltd  (CIK 0002046462),,https://www.sec.gov/Archives/edgar/data/2046462/000101376225002776/filename1.htm
artificial intelligence,False,DEF 14A,DEF 14A,2025-01-21,Johnson Controls International plc  (JCI)  (CIK 0000833444),DEF 14A,https://www.sec.gov/Archives/edgar/data/833444/000110465925004921/tm2427080-d3_def14a.htm
artificial intelligence,False,DRS/A,DRS/A,2026-05-14,Fast Finance Pay Corp.  (CIK 0002109616),,https://www.sec.gov/Archives/edgar/data/2109616/000149315226023001/filename1.htm
artificial intelligence,False,DEF 14A,DEF 14A,2026-04-03,"SOUTHERN CO  (SO, SOJC, SOJD, SOJE, SOJF, SOMN)  (CIK 0000092122)",DEF 14A,https://www.sec.gov/Archives/edgar/data/92122/000009212226000028/so-20260402.htm
artificial intelligence,False,S-1,S-1,2026-05-15,"Ambitious Entertainment, Inc.  (CIK 0001900851)",S-1,https://www.sec.gov/Archives/edgar/data/1900851/000149315226023581/forms-1.htm
artificial intelligence,False,ARS,ARS,2025-10-24,ScanTech AI Systems Inc.  (STAI)  (CIK 0001994624),ARS,https://www.sec.gov/Archives/edgar/data/1994624/000110465925102158/tm2529459d1_ars.pdf
artificial intelligence,False,10-K,10-K,2026-03-12,"CION Investment Corp  (CICB, CICC, CION)  (CIK 0001534254)",10-K,https://www.sec.gov/Archives/edgar/data/1534254/000153425426000003/cion-20251231.htm
artificial intelligence,False,ARS,ARS,2026-07-23,"Cardio Diagnostics Holdings, Inc.  (CDIO, CDIOW)  (CIK 0001870144)",ANNUAL REPORT TO SECURITY HOLDERS,https://www.sec.gov/Archives/edgar/data/1870144/000107997326000965/cdio_ars.htm
artificial intelligence,False,PRER14C,PRER14C,2026-03-31,"EKSO BIONICS HOLDINGS, INC.  (EKSO)  (CIK 0001549084)",PRER14C,https://www.sec.gov/Archives/edgar/data/1549084/000143774926010424/ekso-20251231.htm
artificial intelligence,False,PRE 14A,PRE 14A,2026-03-23,"SOUTHERN CO  (SO, SOJC, SOJD, SOJE, SOJF, SOMN)  (CIK 0000092122)",PRE 14A,https://www.sec.gov/Archives/edgar/data/92122/000009212226000021/so-20260323.htm
artificial intelligence,False,10-K,10-K,2026-03-13,"Cardio Diagnostics Holdings, Inc.  (CDIO, CDIOW)  (CIK 0001870144)",ANNUAL REPORT,https://www.sec.gov/Archives/edgar/data/1870144/000155335026000023/cdio_10k-123125.htm
artificial intelligence,False,DEF 14A,DEF 14A,2026-03-18,"BWX Technologies, Inc.  (BWXT)  (CIK 0001486957)",DEF 14A,https://www.sec.gov/Archives/edgar/data/1486957/000148695726000021/bwxt-20260318.htm
artificial intelligence,False,DEF 14A,DEF 14A,2025-04-14,"KELLY SERVICES INC  (KELYA, KELYB)  (CIK 0000055135)",DEF 14A,https://www.sec.gov/Archives/edgar/data/55135/000119312525080159/d837686ddef14a.htm
artificial intelligence,True,40-F,EX-99.1,2026-03-31,Wheaton Precious Metals Corp.  (WPM)  (CIK 0001323404),EX-99.1,https://www.sec.gov/Archives/edgar/data/1323404/000119312526134908/d56281dex991.htm
artificial intelligence,True,8-K,EX-10.1,2025-12-18,Howard Hughes Holdings Inc.  (HHH)  (CIK 0001981792),EXHIBIT 10.1,https://www.sec.gov/Archives/edgar/data/1981792/000110465925122577/tm2533845d1_ex10-1.htm
artificial intelligence,False,S-1/A,S-1/A,2026-09-21,Fast Finance Pay Corp.  (FFPP)  (CIK 0002109616),S-1/A,https://www.sec.gov/Archives/edgar/data/2109616/000149315226043424/forms-1a.htm
artificial intelligence,False,DEF 14A,DEF 14A,2026-04-03,"SOUTHERN CO  (SO, SOJC, SOJD, SOJE, SOJF, SOMN)  (CIK 0000092122)",DEF 14A,https://www.sec.gov/Archives/edgar/data/92122/000009212226000028/southerncompany2026proxyst.pdf
artificial intelligence,False,PRER14C,PRER14C,2026-04-03,"EKSO BIONICS HOLDINGS, INC.  (EKSO)  (CIK 0001549084)",PRER14C,https://www.sec.gov/Archives/edgar/data/1549084/000143774926011185/ekso-20251231.htm
artificial intelligence,False,10-Q,10-Q,2025-02-14,"Zoomcar Holdings, Inc.  (ZCAR, ZCARW)  (CIK 0001854275)",QUARTERLY REPORT,https://www.sec.gov/Archives/edgar/data/1854275/000121390025014437/ea0230454-10q_zoomcar.htm
artificial intelligence,False,ARS,ARS,2025-04-29,Evercore Inc.  (EVR)  (CIK 0001360901),ARS,https://www.sec.gov/Archives/edgar/data/1360901/000119312525103989/d876422dars.pdf
artificial intelligence,False,20-F,20-F,2026-04-23,Cheetah Mobile Inc.  (CMCM)  (CIK 0001597835),20-F,https://www.sec.gov/Archives/edgar/data/1597835/000119312526171821/cmcm-20251231.htm
artificial intelligence,False,F-1,F-1,2025-08-13,ECST Holdings Ltd  (CIK 0002058007),F-1,https://www.sec.gov/Archives/edgar/data/2058007/000164117225023369/formf-1.htm
artificial intelligence,False,DRS,DRS,2025-10-14,ROZE AI INC.  (CIK 0002075335),,https://www.sec.gov/Archives/edgar/data/2075335/000121390025098725/filename1.htm
artificial intelligence,False,DEF 14C,DEF 14C,2026-04-03,"EKSO BIONICS HOLDINGS, INC.  (EKSO)  (CIK 0001549084)",FORM DEF 14C,https://www.sec.gov/Archives/edgar/data/1549084/000143774926011284/ekso20260403_def14c.htm
artificial intelligence,True,40-F,EX-99.1,2025-03-10,PRECISION DRILLING Corp  (PDS)  (CIK 0001013605),PDF COURTESY COPY,https://www.sec.gov/Archives/edgar/data/1013605/000095017025036254/pds-ex99_1.pdf
artificial intelligence,False,F-1/A,F-1/A,2025-07-07,OTSAW Ltd  (OTSA)  (CIK 0002046462),REGISTRATION STATMENT,https://www.sec.gov/Archives/edgar/data/2046462/000121390025061733/ea0227213-08.htm
artificial intelligence,False,10-K,10-K,2025-05-22,8X8 INC /DE/  (EGHT)  (CIK 0001023731),10-K,https://www.sec.gov/Archives/edgar/data/1023731/000102373125000039/eght-20250331.htm
artificial intelligence,False,DRS/A,DRS/A,2025-05-23,OTSAW Ltd  (CIK 0002046462),,https://www.sec.gov/Archives/edgar/data/2046462/000121390025047247/filename1.htm
artificial intelligence,False,F-1/A,F-1/A,2025-09-03,ECST Holdings Ltd  (ECST)  (CIK 0002058007),F-1/A,https://www.sec.gov/Archives/edgar/data/2058007/000164117225026297/formf-1a.htm
artificial intelligence,True,40-F,EX-99.1,2025-03-10,PRECISION DRILLING Corp  (PDS)  (CIK 0001013605),EX-99.1,https://www.sec.gov/Archives/edgar/data/1013605/000095017025036254/pds-ex99_1.htm
artificial intelligence,False,F-1/A,F-1/A,2025-08-22,ECST Holdings Ltd  (ECST)  (CIK 0002058007),F-1/A,https://www.sec.gov/Archives/edgar/data/2058007/000164117225025149/formf-1a.htm
artificial intelligence,False,DEF 14A,DEF 14A,2026-03-24,"POPULAR, INC.  (BPOP, BPOPM, BPOPO)  (CIK 0000763901)",COURTESY PDF,https://www.sec.gov/Archives/edgar/data/763901/000114036126010858/ny20054271x2_def14a.pdf
artificial intelligence,False,F-1/A,F-1/A,2025-07-16,OTSAW Ltd  (OTSA)  (CIK 0002046462),REGISTRATION STATEMENT,https://www.sec.gov/Archives/edgar/data/2046462/000121390025064434/ea0227213-10.htm
artificial intelligence,False,S-4,S-4,2025-09-19,"Churchill Capital Corp IX/Cayman  (CCIX, CCIXU, CCIXW)  (CIK 0002006291); Plus Automation, Inc.  (CIK 0002086744)",S-4,https://www.sec.gov/Archives/edgar/data/2006291/000119312525207719/ck0002006291-20250919.htm
artificial intelligence,True,ABS-15G,EX-99.1,2026-06-18,Kasper 1 L.P.  (CIK 0002109149),EXHIBIT 99.1,https://www.sec.gov/Archives/edgar/data/2109149/000110465926075576/tm2616045d1_ex99-1.htm
artificial intelligence,False,DEF 14A,DEF 14A,2026-03-24,"POPULAR, INC.  (BPOP, BPOPM, BPOPO)  (CIK 0000763901)",DEF 14A,https://www.sec.gov/Archives/edgar/data/763901/000114036126010858/ny20054271x2_def14a.htm
artificial intelligence,False,F-1/A,F-1/A,2025-09-08,ECST Holdings Ltd  (ECST)  (CIK 0002058007),F-1/A,https://www.sec.gov/Archives/edgar/data/2058007/000164117225026833/formf-1a.htm
artificial intelligence,True,40-F,EX-99.1,2025-03-31,Wheaton Precious Metals Corp.  (WPM)  (CIK 0001323404),EX-99.1,https://www.sec.gov/Archives/edgar/data/1323404/000119312525068900/d893628dex991.htm
artificial intelligence,False,PRE 14A,PRE 14A,2026-03-11,"POPULAR, INC.  (BPOP, BPOPM, BPOPO)  (CIK 0000763901)",PRE 14A,https://www.sec.gov/Archives/edgar/data/763901/000114036126008995/ny20054271x1_pre14a.htm
artificial intelligence,False,F-1,F-1,2025-06-09,OTSAW Ltd  (CIK 0002046462),REGISTRATION STATEMENT,https://www.sec.gov/Archives/edgar/data/2046462/000121390025052720/ea0227213-06.htm
artificial intelligence,False,F-1,F-1,2025-07-02,Republic Power Group Ltd  (CIK 0001912884),REGISTRATION STATEMENT,https://www.sec.gov/Archives/edgar/data/1912884/000121390025060508/ea0231495-05.htm
artificial intelligence,False,10-K,10-K,2026-03-24,"Bright Mountain Media, Inc.  (BMTM)  (CIK 0001568385)",10-K,https://www.sec.gov/Archives/edgar/data/1568385/000119312526121933/bmtm-20251231.htm
artificial intelligence,False,DEF 14A,DEF 14A,2026-01-02,Cerence Inc.  (CRNC)  (CIK 0001768267),DEF 14A,https://www.sec.gov/Archives/edgar/data/1768267/000162828026000012/crnc-20260102.htm
artificial intelligence,False,DRS/A,DRS/A,2026-01-23,ROZE AI INC.  (CIK 0002075335),,https://www.sec.gov/Archives/edgar/data/2075335/000121390026006848/filename1.htm
artificial intelligence,False,F-1/A,F-1/A,2025-09-10,Republic Power Group Ltd  (RPGL)  (CIK 0001912884),REGISTRATION STATEMENT,https://www.sec.gov/Archives/edgar/data/1912884/000121390025086565/ea0231495-09.htm
artificial intelligence,False,F-1,F-1,2026-09-30,ROZE AI INC.  (RZAI)  (CIK 0002075335),REGISTRATION STATEMENT,https://www.sec.gov/Archives/edgar/data/2075335/000121390026105222/ea0306952-f1_roze.htm
artificial intelligence,False,F-1/A,F-1/A,2025-08-06,Republic Power Group Ltd  (RPGL)  (CIK 0001912884),REGISTRATION STATEMENT,https://www.sec.gov/Archives/edgar/data/1912884/000121390025072216/ea0231495-07.htm
artificial intelligence,False,20-F,20-F,2025-04-15,Cheetah Mobile Inc.  (CMCM)  (CIK 0001597835),20-F,https://www.sec.gov/Archives/edgar/data/1597835/000095017025053935/cmcm-20241231.htm
artificial intelligence,False,10-K,10-K,2025-03-31,"Petros Pharmaceuticals, Inc.  (PTPI)  (CIK 0001815903)",10-K,https://www.sec.gov/Archives/edgar/data/1815903/000141057825000579/tmb-20241231x10k.htm
artificial intelligence,False,424B3,424B3,2026-01-12,"Churchill Capital Corp IX/Cayman  (CCIX, CCIXU, CCIXW)  (CIK 0002006291); Plus Automation, Inc.  (CIK 0002086744)",424B3,https://www.sec.gov/Archives/edgar/data/2006291/000119312526010468/project_sigma_424b3.htm
artificial intelligence,False,424B4,424B4,2025-10-14,Republic Power Group Ltd  (RPGL)  (CIK 0001912884),PROSPECTUS,https://www.sec.gov/Archives/edgar/data/1912884/000121390025098768/ea0231495-10.htm
artificial intelligence,True,8-K,EX-2.1,2025-02-25,Flywire Corp  (FLYW)  (CIK 0001580560),EX-2.1,https://www.sec.gov/Archives/edgar/data/1580560/000119312525035188/d843798dex21.htm
artificial intelligence,False,DRS/A,DRS/A,2025-07-09,PressLogic Inc.  (CIK 0002058867),,https://www.sec.gov/Archives/edgar/data/2058867/000164117225018357/filename1.htm
artificial intelligence,False,10-Q,10-Q,2025-11-19,"XTI Aerospace, Inc.  (XTIA)  (CIK 0001529113)",QUARTERLY REPORT,https://www.sec.gov/Archives/edgar/data/1529113/000121390025112615/ea0263034-10q_xtiaero.htm
artificial intelligence,False,S-1/A,S-1/A,2026-09-30,"Ambitious Entertainment, Inc.  (CIK 0001900851)",S-1/A,https://www.sec.gov/Archives/edgar/data/1900851/000149315226045063/forms-1a.htm
artificial intelligence,True,40-F,EX-99.3,2026-02-12,"SUN LIFE FINANCIAL INC  (SLF, SLFIF, SLFQF, SUNFF)  (CIK 0001097362)",EX-99.3,https://www.sec.gov/Archives/edgar/data/1097362/000109736226000010/annualaifmasterlivemasterq.htm
artificial intelligence,False,DRS/A,DRS/A,2026-04-20,Game Your Game Inc.  (CIK 0002111846),,https://www.sec.gov/Archives/edgar/data/2111846/000121390026045471/filename1.htm
artificial intelligence,False,S-4/A,S-4/A,2025-12-05,"Churchill Capital Corp IX/Cayman  (CCIX, CCIXU, CCIXW)  (CIK 0002006291); Plus Automation, Inc.  (CIK 0002086744)",S-4/A,https://www.sec.gov/Archives/edgar/data/2006291/000119312525309933/ck0002006291-20251205.htm
artificial intelligence,False,S-4/A,S-4/A,2025-12-30,"Churchill Capital Corp IX/Cayman  (CCIX, CCIXU, CCIXW)  (CIK 0002006291); Plus Automation, Inc.  (CIK 0002086744)",S-4/A,https://www.sec.gov/Archives/edgar/data/2006291/000119312525335940/ck0002006291-20251230.htm
artificial intelligence,False,S-1,S-1,2026-09-09,"Securetech Innovations, Inc.  (SCTH)  (CIK 0001703157)",S-1,https://www.sec.gov/Archives/edgar/data/1703157/000101738626000136/scth_forms1.htm
artificial intelligence,False,10-K,10-K,2026-02-27,ASSURED GUARANTY LTD  (AGO)  (CIK 0001273813),10-K,https://www.sec.gov/Archives/edgar/data/1273813/000127381326000011/ago-20251231.htm
artificial intelligence,False,DEF 14A,DEF 14A,2025-03-21,Ally Financial Inc.  (ALLY)  (CIK 0000040729),DEF 14A,https://www.sec.gov/Archives/edgar/data/40729/000119312525059841/d842997ddef14a.htm
artificial intelligence,True,8-K,EX-2.1,2026-06-10,"Figure Technology Solutions, Inc.  (FGRS, FIGR)  (CIK 0002064124)",EX-2.1,https://www.sec.gov/Archives/edgar/data/2064124/000149315226028126/ex2-1.htm
artificial intelligence,False,10-K,10-K,2025-05-14,ScanTech AI Systems Inc.  (STAI)  (CIK 0001994624),10-K,https://www.sec.gov/Archives/edgar/data/1994624/000141057825001275/tmb-20241231x10k.htm
artificial intelligence,False,20-F,20-F,2026-05-13,FORMULA SYSTEMS (1985) LTD  (FORTY)  (CIK 0001045986),ANNUAL REPORT,https://www.sec.gov/Archives/edgar/data/1045986/000121390026055948/ea0289446-20f_formula.htm
artificial intelligence,False,10-K,10-K,2026-03-20,"TaoWeave, Inc.  (TWAV)  (CIK 0000746210)",FORM 10-K,https://www.sec.gov/Archives/edgar/data/746210/000143774926009237/oblg20251231_10k.htm
artificial intelligence,False,10-K,10-K,2025-02-21,Evercore Inc.  (EVR)  (CIK 0001360901),10-K,https://www.sec.gov/Archives/edgar/data/1360901/000136090125000005/evr-20241231.htm
artificial intelligence,False,S-1,S-1,2025-11-28,"Blaize Holdings, Inc.  (BZAI, BZAIW)  (CIK 0001871638)",S-1,https://www.sec.gov/Archives/edgar/data/1871638/000119312525302570/d64210ds1.htm
artificial intelligence,False,20-F,20-F,2026-07-23,MindWalk Holdings Corp.  (HYFT)  (CIK 0001715925),20-F,https://www.sec.gov/Archives/edgar/data/1715925/000119312526312694/hyft-20260430.htm
artificial intelligence,True,40FR12B,EX-99.4,2026-09-30,BSR Real Estate Investment Trust  (CIK 0001777917),EXHIBIT 99.4,https://www.sec.gov/Archives/edgar/data/1777917/000110465926112093/tm2625495d1_ex99-4.htm
artificial intelligence,True,40-F,EX-99.1,2026-02-27,"Curaleaf Holdings, Inc.  (CURLF)  (CIK 0001756770)",EX-99.1,https://www.sec.gov/Archives/edgar/data/1756770/000175677026000019/q425-exx991xaif.htm
artificial intelligence,True,40-F,EX-99.1,2025-05-22,Lightspeed Commerce Inc.  (LSPD)  (CIK 0001823306),EX-99.1,https://www.sec.gov/Archives/edgar/data/1823306/000182330625000030/annualinformationform2025.htm
artificial intelligence,False,424B3,424B3,2025-12-18,"Blaize Holdings, Inc.  (BZAI, BZAIW)  (CIK 0001871638)",424B3,https://www.sec.gov/Archives/edgar/data/1871638/000187163825000016/a424b3prospectussupplement.htm
artificial intelligence,False,10-Q,10-Q,2025-11-13,"Bitcoin Depot Inc.  (BTM, BTMWW)  (CIK 0001901799)",10-Q,https://www.sec.gov/Archives/edgar/data/1901799/000119312525279042/btm-20250930.htm
artificial intelligence,False,DRS,DRS,2026-02-17,Game Your Game Inc.  (CIK 0002111846),,https://www.sec.gov/Archives/edgar/data/2111846/000121390026017384/filename1.htm
artificial intelligence,False,10-K,10-K,2026-07-29,"PharmaCyte Biotech, Inc.  (PMCB)  (CIK 0001157075)",FORM 10-K FOR APRIL 2026,https://www.sec.gov/Archives/edgar/data/1157075/000168316826005836/pharmacyte_i10k-043026.htm
artificial intelligence,True,40-F,EX-99.1,2026-03-09,PRECISION DRILLING Corp  (PDS)  (CIK 0001013605),EX-99.1,https://www.sec.gov/Archives/edgar/data/1013605/000101360526000014/pds-ex99_1.htm
artificial intelligence,True,40-F,EX-99.1,2026-03-09,PRECISION DRILLING Corp  (PDS)  (CIK 0001013605),PDF COURTESY COPY,https://www.sec.gov/Archives/edgar/data/1013605/000101360526000014/pds-ex99_1.pdf
artificial intelligence,True,F-80,EX-3.3,2026-08-18,"Curaleaf Holdings, Inc.  (CURLF)  (CIK 0001756770)",EXHIBIT 3.3,https://www.sec.gov/Archives/edgar/data/1756770/000110465926098176/tm2623363d4_ex3-3.htm
artificial intelligence,False,10-Q,10-Q,2025-08-12,"Bitcoin Depot Inc.  (BTM, BTMWW)  (CIK 0001901799)",10-Q,https://www.sec.gov/Archives/edgar/data/1901799/000095017025106935/btm-20250630.htm
artificial intelligence,False,F-1/A,F-1/A,2026-07-27,ROZE AI INC.  (ROZE)  (CIK 0002075335),AMENDMENT NO. 1 TO FORM F-1,https://www.sec.gov/Archives/edgar/data/2075335/000121390026081788/ea0298482-f1a1_roze.htm
artificial intelligence,False,S-4/A,S-4/A,2026-01-12,"Churchill Capital Corp IX/Cayman  (CCIX, CCIXU, CCIXW)  (CIK 0002006291); Plus Automation, Inc.  (CIK 0002086744)",S-4/A,https://www.sec.gov/Archives/edgar/data/2006291/000119312526009645/ck0002006291-20260112.htm
artificial intelligence,False,S-1/A,S-1/A,2026-04-20,"USBC, Inc.  (USBC)  (CIK 0001074828)",S-1/A,https://www.sec.gov/Archives/edgar/data/1074828/000107482826000012/usbc-20260420.htm
artificial intelligence,False,10-Q,10-Q,2025-12-09,"Zapata Quantum, Inc.  (CIK 0001843714)",FORM 10-Q,https://www.sec.gov/Archives/edgar/data/1843714/000107997325001837/zpat_10q-033125.htm
artificial intelligence,False,DRS/A,DRS/A,2025-03-06,TechCreate Group Ltd.  (CIK 0002047190),,https://www.sec.gov/Archives/edgar/data/2047190/000149315225009278/filename1.htm
artificial intelligence,False,F-1/A,F-1/A,2026-09-16,ROZE AI INC.  (ROZE)  (CIK 0002075335),AMENDMENT NO. 5 TO FORM F-1,https://www.sec.gov/Archives/edgar/data/2075335/000121390026100443/ea0305507-f1a5_roze.htm
artificial intelligence,False,F-1/A,F-1/A,2026-08-11,ROZE AI INC.  (ROZE)  (CIK 0002075335),AMENDMENT NO. 2 TO FORM F-1,https://www.sec.gov/Archives/edgar/data/2075335/000121390026087750/ea0301436-f1a2_roze.htm
artificial intelligence,False,F-1/A,F-1/A,2026-08-21,ROZE AI INC.  (ROZE)  (CIK 0002075335),AMENDMENT NO. 3 TO FORM F-1,https://www.sec.gov/Archives/edgar/data/2075335/000121390026092289/ea0302951-f1a3_roze.htm
artificial intelligence,False,F-1,F-1,2025-12-30,Optimal AI Ltd  (CIK 0002083345),REGISTRATION STATEMENT,https://www.sec.gov/Archives/edgar/data/2083345/000121390025126476/ea0271093-f1_optimal.htm
artificial intelligence,False,F-1/A,F-1/A,2025-09-02,TechCreate Group Ltd.  (TCGL)  (CIK 0002047190),F-1/A,https://www.sec.gov/Archives/edgar/data/2047190/000164117225026169/formf-1a.htm
artificial intelligence,False,N-CSR,N-CSR,2025-03-10,Advisors' Inner Circle Fund III  (CIK 0001593547),,https://www.sec.gov/Archives/edgar/data/1593547/000139834425005303/fp0091943-1_ncsrixbrl.htm
artificial intelligence,False,DRS/A,DRS/A,2025-06-09,TechCreate Group Ltd.  (CIK 0002047190),,https://www.sec.gov/Archives/edgar/data/2047190/000164117225014192/filename1.htm
artificial intelligence,True,8-K,EX-2.1,2026-09-14,PERDOCEO EDUCATION Corp  (PRDO)  (CIK 0001046568),EX-2.1,https://www.sec.gov/Archives/edgar/data/1046568/000119312526389857/d61984dex21.htm
artificial intelligence,True,20-F,EX-4.87,2026-04-17,"Tencent Music Entertainment Group  (TME, TCMEF)  (CIK 0001744676)",EX-4.87,https://www.sec.gov/Archives/edgar/data/1744676/000119312526160257/tme-ex4_87.htm
artificial intelligence,False,N-CSR,N-CSR,2026-03-06,"EUROPEAN EQUITY FUND, INC / MD  (EEA)  (CIK 0000791718)","THE EUROPEAN EQUITY FUND, INC.",https://www.sec.gov/Archives/edgar/data/791718/000008805326000214/ar123125eea.htm
artificial intelligence,False,424B4,424B4,2025-10-15,TechCreate Group Ltd.  (TCGL)  (CIK 0002047190),424B4,https://www.sec.gov/Archives/edgar/data/2047190/000149315225018140/form424b4.htm
artificial intelligence,False,S-1,S-1,2026-04-15,"Merlin, Inc.  (MRLN)  (CIK 0002028707)",REGISTRATION STATEMENT,https://www.sec.gov/Archives/edgar/data/2028707/000121390026044057/ea0284531-02.htm
artificial intelligence,False,F-1/A,F-1/A,2025-09-19,TechCreate Group Ltd.  (TCGL)  (CIK 0002047190),F-1/A,https://www.sec.gov/Archives/edgar/data/2047190/000149315225014170/formf-1a.htm
artificial intelligence,False,ARS,ARS,2026-03-31,WABASH NATIONAL Corp  (WNC)  (CIK 0000879526),ARS,https://www.sec.gov/Archives/edgar/data/879526/000119312526134608/d22491dars.pdf
artificial intelligence,False,F-1/A,F-1/A,2025-08-20,TechCreate Group Ltd.  (TCGL)  (CIK 0002047190),F-1/A,https://www.sec.gov/Archives/edgar/data/2047190/000164117225024899/formf-1a.htm
artificial intelligence,False,F-1,F-1,2025-07-29,TechCreate Group Ltd.  (CIK 0002047190),F-1,https://www.sec.gov/Archives/edgar/data/2047190/000164117225021315/formf1.htm
artificial intelligence,False,DEF 14A,DEF 14A,2026-03-27,"Dine Brands Global, Inc.  (DIN)  (CIK 0000049754)",DEF 14A,https://www.sec.gov/Archives/edgar/data/49754/000119312526127555/d93744ddef14a.htm
artificial intelligence,False,DRS/A,DRS/A,2025-08-28,Hacker Interstellar Inc.  (CIK 0002070237),,https://www.sec.gov/Archives/edgar/data/2070237/000121390025081371/filename1.htm
artificial intelligence,False,F-1/A,F-1/A,2026-09-09,ROZE AI INC.  (ROZE)  (CIK 0002075335),AMENDMENT NO. 4 TO FORM F-1,https://www.sec.gov/Archives/edgar/data/2075335/000121390026098134/ea0304797-f1a4_roze.htm
artificial intelligence,False,ARS,ARS,2026-04-28,HCW Biologics Inc.  (HCWB)  (CIK 0001828673),ARS,https://www.sec.gov/Archives/edgar/data/1828673/000149315226019412/formars.pdf
artificial intelligence,False,N-CSR,N-CSR,2025-12-05,SEI INSTITUTIONAL INTERNATIONAL TRUST  (CIK 0000835597),,https://www.sec.gov/Archives/edgar/data/835597/000139834425022110/fp0096366-1_ncsrixbrl.htm
artificial intelligence,False,S-1/A,S-1/A,2025-05-12,"Zoomcar Holdings, Inc.  (ZCAR, ZCARW)  (CIK 0001854275)",AMENDMENT NO. 1 TO FORM S-1,https://www.sec.gov/Archives/edgar/data/1854275/000121390025041769/ea0241482-s1a1_zoomcar.htm
artificial intelligence,True,6-K,EX-99.1,2026-03-24,"SUN LIFE FINANCIAL INC  (SLF, SLFIF, SLFQF, SUNFF)  (CIK 0001097362)",EXHIBIT 99.1,https://www.sec.gov/Archives/edgar/data/1097362/000106299326001587/exhibit99-1.htm
artificial intelligence,False,20-F,20-F,2025-05-30,"Carbon Revolution Public Ltd Co  (CREV, CREVW)  (CIK 0001960208)",20-F,https://www.sec.gov/Archives/edgar/data/1960208/000114036125020877/ef20036407_20-f.htm
artificial intelligence,False,424B4,424B4,2026-07-29,Game Your Game Inc.  (GYGY)  (CIK 0002111846),PROSPECTUS,https://www.sec.gov/Archives/edgar/data/2111846/000121390026082494/ea0275919-11.htm
artificial intelligence,False,10-K,10-K,2026-03-06,"Bluejay Diagnostics, Inc.  (BJDX)  (CIK 0001704287)",ANNUAL REPORT,https://www.sec.gov/Archives/edgar/data/1704287/000121390026024616/ea0279152-10k_bluejay.htm
artificial intelligence,False,DRS,DRS,2025-03-28,"Zoomcar Holdings, Inc.  (ZCAR, ZCARW)  (CIK 0001854275)",,https://www.sec.gov/Archives/edgar/data/1854275/000101376225003498/filename1.htm
artificial intelligence,False,PRE 14A,PRE 14A,2026-03-17,"Dine Brands Global, Inc.  (DIN)  (CIK 0000049754)",PRE 14A,https://www.sec.gov/Archives/edgar/data/49754/000119312526110865/d93744dpre14a.htm
artificial intelligence,False,424B3,424B3,2026-04-21,"Merlin, Inc.  (MRLN)  (CIK 0002028707)",PROSPECTUS,https://www.sec.gov/Archives/edgar/data/2028707/000121390026045780/ea0284531-03.htm
artificial intelligence,False,F-1,F-1,2026-05-11,ROZE AI INC.  (CIK 0002075335),REGISTRATION STATEMENT,https://www.sec.gov/Archives/edgar/data/2075335/000121390026054085/ea0289273-f1_roze.htm
artificial intelligence,False,N-CSR,N-CSR,2026-06-05,Voya Separate Portfolios Trust  (CIK 0001392116),N-CSR,https://www.sec.gov/Archives/edgar/data/1392116/000110465926070991/tm269275d2_ncsr.htm
artificial intelligence,False,S-1,S-1,2026-08-12,Fast Finance Pay Corp.  (CIK 0002109616),S-1,https://www.sec.gov/Archives/edgar/data/2109616/000149315226037415/forms-1.htm
artificial intelligence,False,S-1,S-1,2025-03-04,"Zoomcar Holdings, Inc.  (ZCAR, ZCARW)  (CIK 0001854275)",REGISTRATION STATEMENT,https://www.sec.gov/Archives/edgar/data/1854275/000121390025020176/ea0232543-s1_zoomcar.htm
artificial intelligence,False,S-1,S-1,2025-05-05,"Zoomcar Holdings, Inc.  (ZCAR, ZCARW)  (CIK 0001854275)",REGISTRATION STATEMENT,https://www.sec.gov/Archives/edgar/data/1854275/000121390025039778/ea0237557-s1_zoomcar.htm
artificial intelligence,False,F-1/A,F-1/A,2026-07-02,Hacker Interstellar Inc.  (SOUD)  (CIK 0002070237),REGISTRATION STATEMENT,https://www.sec.gov/Archives/edgar/data/2070237/000121390026074553/ea0243202-15.htm
artificial intelligence,False,DRS/A,DRS/A,2025-08-12,"Twenty One Capital, Inc.  (CIK 0002070457); Twenty One Assets, LLC  (CIK 0002070394)",,https://www.sec.gov/Archives/edgar/data/2070457/000121390025074604/filename1.htm
artificial intelligence,False,DRS/A,DRS/A,2025-02-18,Acco Group Holdings Ltd  (CIK 0002038378),,https://www.sec.gov/Archives/edgar/data/2038378/000121390025014670/filename1.htm
artificial intelligence,False,F-1/A,F-1/A,2026-05-12,Hacker Interstellar Inc.  (CIK 0002070237),REGISTRATION STATEMENT,https://www.sec.gov/Archives/edgar/data/2070237/000121390026054761/ea0243202-10.htm
artificial intelligence,False,DRS,DRS,2025-07-03,"Twenty One Capital, Inc.  (CIK 0002070457); Twenty One Assets, LLC  (CIK 0002070394)",,https://www.sec.gov/Archives/edgar/data/2070457/000121390025061570/filename1.htm
artificial intelligence,False,10-K,10-K,2026-03-31,"Alaunos Therapeutics, Inc.  (TCRT)  (CIK 0001107421)",10-K,https://www.sec.gov/Archives/edgar/data/1107421/000119312526134720/tcrt-20251231.htm
artificial intelligence,False,DRS/A,DRS/A,2025-01-23,Acco Group Holdings Ltd  (CIK 0002038378),,https://www.sec.gov/Archives/edgar/data/2038378/000121390025005869/filename1.htm
artificial intelligence,False,PREM14A,PREM14A,2026-05-28,"Global Business Travel Group, Inc.  (GBTG)  (CIK 0001820872)",PREM14A,https://www.sec.gov/Archives/edgar/data/1820872/000114036126023175/ny20072693x1_prem14a.htm
artificial intelligence,False,ARS,ARS,2025-04-24,Moelis & Co  (MC)  (CIK 0001596967),ARS,https://www.sec.gov/Archives/edgar/data/1596967/000095017025057592/2024_ars_filing.pdf
artificial intelligence,True,8-K,EX-2.1,2026-05-05,"Vistance Networks, Inc.  (VISN)  (CIK 0001517228)",EX-2.1,https://www.sec.gov/Archives/edgar/data/1517228/000119312526206475/d46980dex21.htm
artificial intelligence,False,10-K/A,10-K/A,2025-11-26,COMTECH TELECOMMUNICATIONS CORP /DE/  (CMTL)  (CIK 0000023197),10-K/A,https://www.sec.gov/Archives/edgar/data/23197/000002319725000087/cmtl-20250731.htm
artificial intelligence,False,10-K,10-K,2026-03-31,TAO Synergies Inc.  (TAOX)  (CIK 0001571934),10-K,https://www.sec.gov/Archives/edgar/data/1571934/000110465926037915/taox-20251231x10k.htm
artificial intelligence,False,POS AM,POS AM,2026-03-31,"Churchill Capital Corp IX/Cayman  (CCIX, CCIXU, CCIXW)  (CIK 0002006291); Plus Automation, Inc.  (CIK 0002086744)",POS AM,https://www.sec.gov/Archives/edgar/data/2006291/000119312526134966/ck0002006291-20260331.htm
artificial intelligence,False,10-K,10-K,2025-11-26,"LEE ENTERPRISES, Inc  (LEE)  (CIK 0000058361)",10-K,https://www.sec.gov/Archives/edgar/data/58361/000005836125000040/lee-20250928.htm
artificial intelligence,False,10-K,10-K,2026-03-31,HCW Biologics Inc.  (HCWB)  (CIK 0001828673),10-K,https://www.sec.gov/Archives/edgar/data/1828673/000119312526134934/hcwb-20251231.htm
artificial intelligence,False,DRS/A,DRS/A,2026-03-09,ROZE AI INC.  (CIK 0002075335),,https://www.sec.gov/Archives/edgar/data/2075335/000121390026025204/filename1.htm
artificial intelligence,False,DEFM14A,DEFM14A,2026-07-06,"Global Business Travel Group, Inc.  (GBTG)  (CIK 0001820872)",DEFM14A,https://www.sec.gov/Archives/edgar/data/1820872/000114036126027649/ny20072693x2_defm14a.htm
artificial intelligence,False,ARS,ARS,2025-07-25,"HOULIHAN LOKEY, INC.  (HLI)  (CIK 0001302215)",ARS,https://www.sec.gov/Archives/edgar/data/1302215/000130221525000087/hlify2510k.pdf
artificial intelligence,False,10-K,10-K,2025-06-30,"Zoomcar Holdings, Inc.  (ZCAR, ZCARW)  (CIK 0001854275)",ANNUAL REPORT,https://www.sec.gov/Archives/edgar/data/1854275/000121390025059675/ea0246595-10k_zoomcar.htm
artificial intelligence,False,N-CSR,N-CSR,2026-03-06,Advisors' Inner Circle Fund III  (CIK 0001593547),,https://www.sec.gov/Archives/edgar/data/1593547/000139834426004785/fp0097186-2_ncsrixbrl.htm
artificial intelligence,True,8-K,EX-2.1,2026-04-30,BELDEN INC.  (BDC)  (CIK 0000913142),EX-2.1,https://www.sec.gov/Archives/edgar/data/913142/000091314226000020/projectrocket-purchaseag.htm
artificial intelligence,False,S-1,S-1,2025-11-10,Terra Innovatum Global N.V.  (NKLR)  (CIK 0002067627),REGISTRATION STATEMENT,https://www.sec.gov/Archives/edgar/data/2067627/000121390025108246/ea0263573-s1_terra.htm
artificial intelligence,False,424B3,424B3,2026-04-03,"Churchill Capital Corp IX/Cayman  (CCIX, CCIXU, CCIXW)  (CIK 0002006291)",424B3,https://www.sec.gov/Archives/edgar/data/2006291/000119312526142368/ccixplusai_-_424b3_april.htm
artificial intelligence,False,DRS,DRS,2025-09-09,CALM Chain International Ltd  (CIK 0002083945),,https://www.sec.gov/Archives/edgar/data/2083945/000121390025085772/filename1.htm
artificial intelligence,False,DEF 14A,DEF 14A,2025-04-24,"Global Business Travel Group, Inc.  (GBTG)  (CIK 0001820872)",DEF 14A,https://www.sec.gov/Archives/edgar/data/1820872/000182087225000008/gbtb-20250424.htm
artificial intelligence,True,8-K,EX-2.1,2025-09-11,Ecovyst Inc.  (ECVT)  (CIK 0001708035),EX-2.1,https://www.sec.gov/Archives/edgar/data/1708035/000119312525201371/d897813dex21.htm
artificial intelligence,False,ARS,ARS,2026-04-29,Moelis & Co  (MC)  (CIK 0001596967),ARS,https://www.sec.gov/Archives/edgar/data/1596967/000119312526192153/2025_ars_filing.pdf
artificial intelligence,True,6-K,EX-99.1,2025-09-19,"Nova Minerals Ltd  (NVA, NVAAF, NVAWW)  (CIK 0001852551)",EX-99.1,https://www.sec.gov/Archives/edgar/data/1852551/000149315225014128/ex99-1.htm
artificial intelligence,False,DRS,DRS,2025-10-17,Feline Culture Holdings Ltd  (CIK 0002088343),,https://www.sec.gov/Archives/edgar/data/2088343/000121390025099841/filename1.htm
artificial intelligence,False,F-1/A,F-1/A,2026-06-15,Hacker Interstellar Inc.  (SOUD)  (CIK 0002070237),REGISTRATION STATEMENT,https://www.sec.gov/Archives/edgar/data/2070237/000121390026068442/ea0243202-12.htm
artificial intelligence,True,6-K,EX-99.1,2026-06-26,Lightspeed Commerce Inc.  (LSPD)  (CIK 0001823306),EX-99.1,https://www.sec.gov/Archives/edgar/data/1823306/000182330626000027/lspd_micxengx2026.htm
artificial intelligence,False,10-Q,10-Q,2025-12-09,"Zapata Quantum, Inc.  (CIK 0001843714)",FORM 10-Q,https://www.sec.gov/Archives/edgar/data/1843714/000107997325001835/zpat_10q093024.htm
artificial intelligence,True,8-K,EX-2.1,2025-05-27,"E2open Parent Holdings, Inc.  (ETWO, ETWOW)  (CIK 0001800347)",EX-2.1,https://www.sec.gov/Archives/edgar/data/1800347/000119312525126316/d924933dex21.htm
artificial intelligence,False,DRS/A,DRS/A,2025-09-30,Hacker Interstellar Inc.  (CIK 0002070237),,https://www.sec.gov/Archives/edgar/data/2070237/000121390025093682/filename1.htm
artificial intelligence,False,10-K,10-K,2025-03-31,AgEagle Aerial Systems Inc.  (UAVS)  (CIK 0000008504),,https://www.sec.gov/Archives/edgar/data/8504/000164117225001563/form10-k.htm
artificial intelligence,False,DRS/A,DRS/A,2025-03-31,Acco Group Holdings Ltd  (CIK 0002038378),,https://www.sec.gov/Archives/edgar/data/2038378/000121390025025955/filename1.htm
artificial intelligence,False,DRS/A,DRS/A,2025-12-02,Feline Culture Holdings Ltd  (CIK 0002088343),,https://www.sec.gov/Archives/edgar/data/2088343/000121390025117364/filename1.htm
artificial intelligence,True,6-K,EX-99.1,2026-05-22,"Algoma Steel Group Inc.  (ASTL, ASTLW)  (CIK 0001860805)",EX-99.1,https://www.sec.gov/Archives/edgar/data/1860805/000119312526235580/d14699dex991.htm
artificial intelligence,False,DRS/A,DRS/A,2025-04-17,Acco Group Holdings Ltd  (CIK 0002038378),,https://www.sec.gov/Archives/edgar/data/2038378/000121390025032920/filename1.htm
artificial intelligence,False,DRS/A,DRS/A,2025-12-15,Hacker Interstellar Inc.  (CIK 0002070237),,https://www.sec.gov/Archives/edgar/data/2070237/000121390025121402/filename1.htm
artificial intelligence,False,F-1,F-1,2026-01-20,Medikra Inc.  (CIK 0002078035),REGISTRATION STATEMENT,https://www.sec.gov/Archives/edgar/data/2078035/000121390026005545/ea0273013-f1_medikra.htm
artificial intelligence,False,DEFM14A,DEFM14A,2025-11-06,"Cantor Equity Partners, Inc.  (CEP)  (CIK 0001865602)",PROXY STATEMENT,https://www.sec.gov/Archives/edgar/data/1865602/000121390025106817/ea0263444-01.htm
artificial intelligence,True,8-K,EX-2.1,2026-06-15,NATURAL GAS SERVICES GROUP INC  (NGS)  (CIK 0001084991),EX-2.1,https://www.sec.gov/Archives/edgar/data/1084991/000108499126000054/exhibit21securitiespurchas.htm
artificial intelligence,False,F-1,F-1,2026-02-13,Hacker Interstellar Inc.  (CIK 0002070237),REGISTRATION STATEMENT,https://www.sec.gov/Archives/edgar/data/2070237/000121390026015852/ea0243202-08.htm
artificial intelligence,True,40-F,EX-99.1,2025-09-17,Sangoma Technologies Corp  (SANG)  (CIK 0001753368),EX-99.1,https://www.sec.gov/Archives/edgar/data/1753368/000175336825000018/annualinformationform-f25y.htm
artificial intelligence,False,DRS/A,DRS/A,2025-11-20,Medikra Inc.  (CIK 0002078035),,https://www.sec.gov/Archives/edgar/data/2078035/000121390025112973/filename1.htm
artificial intelligence,False,424B3,424B3,2025-11-06,"Twenty One Capital, Inc.  (XXI)  (CIK 0002070457); Twenty One Assets, LLC  (CIK 0002070394)",PROSPECTUS,https://www.sec.gov/Archives/edgar/data/2070457/000121390025106812/ea0247795-09.htm
artificial intelligence,False,DRS,DRS,2025-05-30,Neutrans Inc.  (CIK 0002065741),,https://www.sec.gov/Archives/edgar/data/2065741/000121390025049561/filename1.htm
artificial intelligence,False,DRS/A,DRS/A,2025-06-06,Republic Power Group Ltd  (CIK 0001912884),,https://www.sec.gov/Archives/edgar/data/1912884/000121390025052178/filename1.htm
artificial intelligence,False,N-CSR,N-CSR,2025-05-08,VOYA CREDIT INCOME FUND  (XSIAX)  (CIK 0001124959),N-CSR,https://www.sec.gov/Archives/edgar/data/1124959/000110465925046082/tm258877d1_ncsr.htm
artificial intelligence,False,S-1,S-1,2026-06-12,Game Your Game Inc.  (CIK 0002111846),REGISTRATION STATEMENT,https://www.sec.gov/Archives/edgar/data/2111846/000121390026068371/ea0275919-04.htm
artificial intelligence,False,10-Q,10-Q,2025-12-09,"Zapata Quantum, Inc.  (CIK 0001843714)",FORM 10-Q,https://www.sec.gov/Archives/edgar/data/1843714/000107997325001840/zpat_10q-093025.htm
artificial intelligence,False,S-1/A,S-1/A,2026-07-20,Game Your Game Inc.  (GYGY)  (CIK 0002111846),REGISTRATION STATEMENT,https://www.sec.gov/Archives/edgar/data/2111846/000121390026079281/ea0275919-09.htm
artificial intelligence,False,S-4,S-4,2025-09-15,"Twenty One Capital, Inc.  (CIK 0002070457); Twenty One Assets, LLC  (CIK 0002070394)",REGISTRATION STATEMENT,https://www.sec.gov/Archives/edgar/data/2070457/000121390025087358/ea0247795-04.htm
artificial intelligence,False,F-1/A,F-1/A,2026-02-13,Medikra Inc.  (MDKR)  (CIK 0002078035),AMENDMENT NO. 1 TO FORM F-1,https://www.sec.gov/Archives/edgar/data/2078035/000121390026016362/ea0274362-f1a1_medikra.htm
artificial intelligence,False,S-1/A,S-1/A,2025-08-13,ScanTech AI Systems Inc.  (STAI)  (CIK 0001994624),S-1/A,https://www.sec.gov/Archives/edgar/data/1994624/000141057825001705/tmb-20240930xs1a.htm
artificial intelligence,False,S-1/A,S-1/A,2026-06-30,Game Your Game Inc.  (GYGY)  (CIK 0002111846),REGISTRATION STATEMENT,https://www.sec.gov/Archives/edgar/data/2111846/000121390026073841/ea0275919-07.htm
artificial intelligence,False,10-K,10-K,2026-03-31,"Zapata Quantum, Inc.  (ZPTA, ZPTAW)  (CIK 0001843714)",ANNUAL REPORT,https://www.sec.gov/Archives/edgar/data/1843714/000107997326000401/zpat_10k-123125.htm
artificial intelligence,False,20-F/A,20-F/A,2025-08-12,Diginex Ltd  (DGNX)  (CIK 0002010499),20-F/A,https://www.sec.gov/Archives/edgar/data/2010499/000164117225023257/form20-fa.htm
artificial intelligence,False,N-CSR,N-CSR,2026-03-09,Voya VARIABLE INSURANCE TRUST  (CIK 0001090682),N-CSR,https://www.sec.gov/Archives/edgar/data/1090682/000110465926025188/tm263417d3_ncsr.htm
artificial intelligence,False,F-1,F-1,2025-10-07,Neutrans Inc.  (CIK 0002065741),REGISTRATION STATEMENT,https://www.sec.gov/Archives/edgar/data/2065741/000121390025096795/ea025962401-f1_neutrans.htm
artificial intelligence,False,10-K,10-K,2025-06-11,23andMe Holding Co.  (MEHCQ)  (CIK 0001804591),10-K,https://www.sec.gov/Archives/edgar/data/1804591/000162828025030786/mehcq-20250331.htm
artificial intelligence,False,S-4/A,S-4/A,2025-10-17,"Twenty One Capital, Inc.  (XXI)  (CIK 0002070457); Twenty One Assets, LLC  (CIK 0002070394)",REGISTRATION STATEMENT,https://www.sec.gov/Archives/edgar/data/2070457/000121390025099972/ea0247795-07.htm
artificial intelligence,False,DRS,DRS,2026-04-03,"Merlin, Inc.  (MRLN)  (CIK 0002028707)",,https://www.sec.gov/Archives/edgar/data/2028707/000121390026039887/filename1.htm
artificial intelligence,False,20-F/A,20-F/A,2026-02-09,Diginex Ltd  (DGNX)  (CIK 0002010499),20-F/A,https://www.sec.gov/Archives/edgar/data/2010499/000149315226005657/form20-fa.htm
artificial intelligence,False,20-F,20-F,2025-07-14,Diginex Ltd  (DGNX)  (CIK 0002010499),20-F,https://www.sec.gov/Archives/edgar/data/2010499/000164117225018847/form20-f.htm
artificial intelligence,False,10-Q,10-Q,2025-12-09,"Zapata Quantum, Inc.  (CIK 0001843714)",FORM 10-Q,https://www.sec.gov/Archives/edgar/data/1843714/000107997325001839/zpat_10q-063025.htm
artificial intelligence,False,DRS,DRS,2025-07-18,Hacker Interstellar Inc.  (CIK 0002070237),,https://www.sec.gov/Archives/edgar/data/2070237/000121390025065347/filename1.htm
artificial intelligence,True,8-K,EX-2.1,2025-11-10,"BigBear.ai Holdings, Inc.  (BBAI, BBAI-WT)  (CIK 0001836981)",EX-2.1,https://www.sec.gov/Archives/edgar/data/1836981/000183698125000025/exhibit21projectatlas-me.htm
artificial intelligence,False,DEF 14A,DEF 14A,2025-04-23,GLOBAL INDUSTRIAL Co  (GIC)  (CIK 0000945114),DEF 14A,https://www.sec.gov/Archives/edgar/data/945114/000094511425000016/gic-20250423.htm
artificial intelligence,False,ARS,ARS,2026-03-18,ASSURED GUARANTY LTD  (AGO)  (CIK 0001273813),ARS,https://www.sec.gov/Archives/edgar/data/1273813/000127381326000040/annualreport2025.pdf
artificial intelligence,False,DRS,DRS,2025-04-21,Republic Power Group Ltd  (CIK 0001912884),,https://www.sec.gov/Archives/edgar/data/1912884/000121390025033448/filename1.htm
artificial intelligence,False,424B4,424B4,2025-10-21,AMBITIONS ENTERPRISE MANAGEMENT CO. L.L.C  (CIK 0002010959),PROSPECTUS,https://www.sec.gov/Archives/edgar/data/2010959/000121390025100561/ea0200557-16.htm
artificial intelligence,False,10-K,10-K,2025-02-27,Moelis & Co  (MC)  (CIK 0001596967),10-K,https://www.sec.gov/Archives/edgar/data/1596967/000095017025029070/mc-20241231.htm
artificial intelligence,True,DRS,EX-99.1,2026-04-17,Seed External Spinco Inc.  (CIK 0002128626),,https://www.sec.gov/Archives/edgar/data/2128626/000119312526159726/filename2.htm
artificial intelligence,False,424B3,424B3,2026-08-11,"Zapata Quantum, Inc.  (ZPTA, ZPTAW)  (CIK 0001843714)",FORM 424B3,https://www.sec.gov/Archives/edgar/data/1843714/000168316826006205/zpat_424b3.htm
artificial intelligence,False,S-1/A,S-1/A,2026-07-09,"Zapata Quantum, Inc.  (ZPTA, ZPTAW)  (CIK 0001843714)",AMENDMENT NO 1,https://www.sec.gov/Archives/edgar/data/1843714/000168316826005402/zpat_s1a1.htm
artificial intelligence,False,F-1,F-1,2026-02-06,Feline Culture Holdings Ltd  (CIK 0002088343),REGISTRATION STATEMENT,https://www.sec.gov/Archives/edgar/data/2088343/000121390026013186/ea0259097-05.htm
artificial intelligence,True,40-F,EX-99.1,2026-09-28,Sangoma Technologies Corp  (SANG)  (CIK 0001753368),EX-99.1,https://www.sec.gov/Archives/edgar/data/1753368/000175336826000011/aif-f26q4.htm
artificial intelligence,False,424B3,424B3,2025-12-16,Terra Innovatum Global N.V.  (NKLR)  (CIK 0002067627),PROSPECTUS,https://www.sec.gov/Archives/edgar/data/2067627/000121390025121900/ea0269631-424b3_terra.htm
artificial intelligence,False,F-1/A,F-1/A,2026-09-24,Hacker Interstellar Inc.  (SOUD)  (CIK 0002070237),REGISTRATION STATEMENT,https://www.sec.gov/Archives/edgar/data/2070237/000121390026102806/ea0243202-19.htm
artificial intelligence,False,10-K,10-K,2026-02-26,Moelis & Co  (MC)  (CIK 0001596967),10-K,https://www.sec.gov/Archives/edgar/data/1596967/000119312526076747/mc-20251231.htm
artificial intelligence,False,DRS,DRS,2026-05-15,"Miluna Acquisition Corp  (MMTX, MMTXU, MMTXW)  (CIK 0002077033); CADV Ventures S.A.  (CIK 0002133525)",,https://www.sec.gov/Archives/edgar/data/2077033/000149315226023268/filename1.htm
artificial intelligence,False,DEF 14A,DEF 14A,2025-08-29,PROCTER & GAMBLE Co  (PG)  (CIK 0000080424),DEF 14A,https://www.sec.gov/Archives/edgar/data/80424/000119312525191749/d875382ddef14a.htm
artificial intelligence,False,10-K,10-K,2025-03-31,Sidus Space Inc.  (SIDU)  (CIK 0001879726),,https://www.sec.gov/Archives/edgar/data/1879726/000164117225001742/form10-k.htm
artificial intelligence,False,10-K,10-K,2025-09-23,InMed Pharmaceuticals Inc.  (INM)  (CIK 0001728328),ANNUAL REPORT,https://www.sec.gov/Archives/edgar/data/1728328/000121390025090210/ea0253959-10k_inmed.htm
artificial intelligence,False,10-K,10-K,2025-05-15,"HOULIHAN LOKEY, INC.  (HLI)  (CIK 0001302215)",10-K,https://www.sec.gov/Archives/edgar/data/1302215/000130221525000024/hli-20250331.htm
artificial intelligence,False,10-K,10-K,2026-03-05,"Via Renewables, Inc.  (VIASP)  (CIK 0001606268)",10-K,https://www.sec.gov/Archives/edgar/data/1606268/000160626826000013/spke-20251231.htm
artificial intelligence,False,DRS/A,DRS/A,2025-09-02,Neutrans Inc.  (CIK 0002065741),,https://www.sec.gov/Archives/edgar/data/2065741/000121390025082834/filename1.htm
artificial intelligence,False,ARS,ARS,2025-04-29,Sidus Space Inc.  (SIDU)  (CIK 0001879726),,https://www.sec.gov/Archives/edgar/data/1879726/000164117225006532/ars.pdf
artificial intelligence,False,N-CSR,N-CSR,2025-03-10,Voya VARIABLE INSURANCE TRUST  (CIK 0001090682),N-CSR,https://www.sec.gov/Archives/edgar/data/1090682/000110465925022073/tm252795d3_ncsr.htm
artificial intelligence,False,424B4,424B4,2025-10-17,Acco Group Holdings Ltd  (ACCL)  (CIK 0002038378),PROSPECTUS,https://www.sec.gov/Archives/edgar/data/2038378/000121390025099963/ea0214214-19.htm
artificial intelligence,False,424B4,424B4,2026-02-02,Braiin Ltd  (BRAI)  (CIK 0002076975),424B4,https://www.sec.gov/Archives/edgar/data/2076975/000149315226004786/form424b4.htm
artificial intelligence,True,40-F,EX-99.3,2025-02-13,TELUS CORP  (TU)  (CIK 0000868675),EXHIBIT 99.3,https://www.sec.gov/Archives/edgar/data/868675/000110465925012533/tu-20241231xex99d3.htm
artificial intelligence,False,DRS/A,DRS/A,2025-06-16,Acco Group Holdings Ltd  (CIK 0002038378),,https://www.sec.gov/Archives/edgar/data/2038378/000121390025054678/filename1.htm
artificial intelligence,False,DEF 14A,DEF 14A,2025-04-25,"Robinhood Markets, Inc.  (HOOD)  (CIK 0001783879)",DEF 14A,https://www.sec.gov/Archives/edgar/data/1783879/000178387925000134/hood-20250425.htm
artificial intelligence,False,DEF 14A,DEF 14A,2026-04-22,GLOBAL INDUSTRIAL Co  (GIC)  (CIK 0000945114),DEF 14A,https://www.sec.gov/Archives/edgar/data/945114/000162828026026622/gic-20260422.htm
artificial intelligence,False,20-F,20-F,2025-07-29,ImmunoPrecise Antibodies Ltd.  (IPA)  (CIK 0001715925),20-F,https://www.sec.gov/Archives/edgar/data/1715925/000095017025099392/ipa-20250430.htm
artificial intelligence,False,DEFM14A,DEFM14A,2026-06-05,MARCHEX INC  (MCHX)  (CIK 0001224133),PROXY STATEMENT,https://www.sec.gov/Archives/edgar/data/1224133/000207709626000195/ea0292048-02.htm
artificial intelligence,False,F-1/A,F-1/A,2026-01-13,Braiin Ltd  (BRAI)  (CIK 0002076975),F-1/A,https://www.sec.gov/Archives/edgar/data/2076975/000149315226001917/formf-1a.htm
artificial intelligence,False,ARS,ARS,2026-04-20,"Shuttle Pharmaceuticals Holdings, Inc.  (SHPH)  (CIK 0001757499)",ARS,https://www.sec.gov/Archives/edgar/data/1757499/000149315226018120/formars.pdf
artificial intelligence,False,PRE 14A,PRE 14A,2026-03-27,"DYNEX CAPITAL INC  (DX, DX-PC)  (CIK 0000826675)",PRE 14A,https://www.sec.gov/Archives/edgar/data/826675/000110465926036202/tm263859-4_pre14a.htm
artificial intelligence,False,DEF 14A,DEF 14A,2026-04-07,"DYNEX CAPITAL INC  (DX, DX-PC)  (CIK 0000826675)",DEF 14A,https://www.sec.gov/Archives/edgar/data/826675/000110465926040189/tm263859-6_def14a.htm
artificial intelligence,False,ARS,ARS,2026-10-07,"CISO Global, Inc.  (CISO)  (CIK 0001777319)",ARS,https://www.sec.gov/Archives/edgar/data/1777319/000149315226046155/formars.pdf
artificial intelligence,False,DRS/A,DRS/A,2025-12-31,Feline Culture Holdings Ltd  (CIK 0002088343),,https://www.sec.gov/Archives/edgar/data/2088343/000121390025126961/filename1.htm
artificial intelligence,False,S-4,S-4,2026-05-27,"SOUNDHOUND AI, INC.  (SOUN, SOUNW)  (CIK 0001840856)",REGISTRATION STATEMENT,https://www.sec.gov/Archives/edgar/data/1840856/000121390026061593/ea0292090-01.htm
artificial intelligence,False,10-K,10-K,2026-03-30,"CISO Global, Inc.  (CISO)  (CIK 0001777319)",10-K,https://www.sec.gov/Archives/edgar/data/1777319/000149315226013324/form10-k.htm
artificial intelligence,False,PREM14A,PREM14A,2026-07-09,"Simulations Plus, Inc.  (SLP)  (CIK 0001023459)",PREM14A,https://www.sec.gov/Archives/edgar/data/1023459/000102345926000036/prem14a.htm
artificial intelligence,False,PRER14A,PRER14A,2026-07-20,"Simulations Plus, Inc.  (SLP)  (CIK 0001023459)",PREM14A,https://www.sec.gov/Archives/edgar/data/1023459/000102345926000049/prem14aamendment.htm
artificial intelligence,False,10-K,10-K,2026-03-31,"Shuttle Pharmaceuticals Holdings, Inc.  (SHPH)  (CIK 0001757499)",10-K,https://www.sec.gov/Archives/edgar/data/1757499/000149315226014131/form10-k.htm
artificial intelligence,False,S-1/A,S-1/A,2025-12-09,Terra Innovatum Global N.V.  (NKLR)  (CIK 0002067627),AMENDMENT NO. 1 TO FORM S-1,https://www.sec.gov/Archives/edgar/data/2067627/000121390025119411/ea0267121-s1a1_terra.htm
artificial intelligence,True,8-K,EX-2.1,2025-01-08,MATTHEWS INTERNATIONAL CORP  (MATW)  (CIK 0000063296),EX-2.1,https://www.sec.gov/Archives/edgar/data/63296/000119312525003242/d899504dex21.htm
artificial intelligence,False,DEF 14A,DEF 14A,2026-04-24,PEGASYSTEMS INC  (PEGA)  (CIK 0001013857),DEF 14A,https://www.sec.gov/Archives/edgar/data/1013857/000101385726000031/pega-20260424.htm
artificial intelligence,False,424B5,424B5,2025-03-13,Invesco Municipal Income Opportunities Trust  (OIA)  (CIK 0000835333),424B5,https://www.sec.gov/Archives/edgar/data/835333/000110465925023508/tm258531d1_424b5.htm
artificial intelligence,False,10-Q,10-Q,2025-11-14,"Zoomcar Holdings, Inc.  (ZCAR, ZCARW)  (CIK 0001854275)",QUARTERLY REPORT,https://www.sec.gov/Archives/edgar/data/1854275/000121390025110391/ea0263586-10q_zoomcar.htm
artificial intelligence,False,DEF 14A,DEF 14A,2025-12-02,"Aeluma, Inc.  (ALMU)  (CIK 0001828805)",PRELIMINARY PROXY STATEMENT,https://www.sec.gov/Archives/edgar/data/1828805/000121390025117284/ea0267920-def14a_aeluma.htm
artificial intelligence,False,DEF 14A,DEF 14A,2026-04-02,"Global Business Travel Group, Inc.  (GBTG)  (CIK 0001820872)",DEF 14A,https://www.sec.gov/Archives/edgar/data/1820872/000162828026022942/gbtb-20260402.htm
artificial intelligence,False,DEFM14A,DEFM14A,2026-07-22,"Simulations Plus, Inc.  (SLP)  (CIK 0001023459)",DEFM14A,https://www.sec.gov/Archives/edgar/data/1023459/000102345926000051/defm14a.htm
artificial intelligence,False,F-1,F-1,2025-11-10,Braiin Ltd  (CIK 0002076975),F-1,https://www.sec.gov/Archives/edgar/data/2076975/000149315225021436/formf-1.htm
artificial intelligence,True,6-K,EX-99.1,2025-05-21,"Algoma Steel Group Inc.  (ASTL, ASTLW)  (CIK 0001860805)",EX-99.1,https://www.sec.gov/Archives/edgar/data/1860805/000119312525123763/d941698dex991.htm
artificial intelligence,False,DEF 14A,DEF 14A,2025-11-25,Jet.AI Inc.  (JTAI)  (CIK 0001861622),DEF 14A,https://www.sec.gov/Archives/edgar/data/1861622/000149315225024908/formdef14a.htm
artificial intelligence,False,PRE 14A,PRE 14A,2025-11-14,Jet.AI Inc.  (JTAI)  (CIK 0001861622),PRE 14A,https://www.sec.gov/Archives/edgar/data/1861622/000149315225023617/formpre14a.htm
artificial intelligence,False,F-1/A,F-1/A,2025-12-11,Braiin Ltd  (BRAI)  (CIK 0002076975),F-1/A,https://www.sec.gov/Archives/edgar/data/2076975/000149315225027173/formf-1a.htm
artificial intelligence,False,F-1/A,F-1/A,2025-07-18,AMBITIONS ENTERPRISE MANAGEMENT CO. L.L.C  (CIK 0002010959),REGISTRATION STATEMENT,https://www.sec.gov/Archives/edgar/data/2010959/000121390025065460/ea0200557-12.htm
artificial intelligence,False,DRS/A,DRS/A,2025-05-09,Republic Power Group Ltd  (CIK 0001912884),,https://www.sec.gov/Archives/edgar/data/1912884/000121390025041427/filename1.htm
artificial intelligence,False,N-2/A,N-2/A,2025-02-07,Invesco Municipal Income Opportunities Trust  (OIA)  (CIK 0000835333),N-2/A,https://www.sec.gov/Archives/edgar/data/835333/000110465925010545/tm254314d1_n2a.htm
artificial intelligence,False,DEF 14A,DEF 14A,2025-03-20,CME GROUP INC.  (CME)  (CIK 0001156375),DEF 14A,https://www.sec.gov/Archives/edgar/data/1156375/000115637525000077/cmegroupinc2025proxystatem.htm
artificial intelligence,False,ARS,ARS,2025-04-30,AgEagle Aerial Systems Inc.  (UAVS)  (CIK 0000008504),ARS,https://www.sec.gov/Archives/edgar/data/8504/000164117225007909/formars.pdf
artificial intelligence,False,F-1/A,F-1/A,2025-06-27,AMBITIONS ENTERPRISE MANAGEMENT CO. L.L.C  (AHMA)  (CIK 0002010959),REGISTRATION STATEMENT,https://www.sec.gov/Archives/edgar/data/2010959/000121390025058774/ea0200557-10.htm
artificial intelligence,False,10-Q,10-Q,2025-05-13,SURF AIR MOBILITY INC.  (SRFM)  (CIK 0001936224),10-Q,https://www.sec.gov/Archives/edgar/data/1936224/000095017025070437/srfm-20250331.htm
artificial intelligence,False,S-4/A,S-4/A,2026-09-23,"Blockfusion Digital Infrastructure, Inc.  (BLDC)  (CIK 0002097508); Blockfusion USA, Inc.  (CIK 0001910992)",FORM S-4/A,https://www.sec.gov/Archives/edgar/data/2097508/000118518526004213/bldcs4a4091826.htm
artificial intelligence,False,DEF 14A,DEF 14A,2026-03-18,Ally Financial Inc.  (ALLY)  (CIK 0000040729),DEF 14A,https://www.sec.gov/Archives/edgar/data/40729/000119312526113819/ally-20260318.htm
artificial intelligence,False,DRS,DRS,2025-11-24,AIAI Holdings Corp  (CIK 0002096362),,https://www.sec.gov/Archives/edgar/data/2096362/000149315225024734/filename1.htm
artificial intelligence,False,DEF 14A,DEF 14A,2025-04-08,"DYNEX CAPITAL INC  (DX, DX-PC)  (CIK 0000826675)",DEF 14A,https://www.sec.gov/Archives/edgar/data/826675/000082667525000050/dx-20250408.htm
artificial intelligence,False,DRS/A,DRS/A,2025-09-26,Braiin Ltd  (CIK 0002076975),,https://www.sec.gov/Archives/edgar/data/2076975/000149315225015031/filename1.htm
artificial intelligence,False,DRS/A,DRS/A,2026-08-12,"Miluna Acquisition Corp  (MMTX, MMTXU, MMTXW)  (CIK 0002077033); CADV Ventures S.A.  (CIK 0002133525)",,https://www.sec.gov/Archives/edgar/data/2077033/000149315226037279/filename1.htm
artificial intelligence,False,PRE 14A,PRE 14A,2025-03-27,"DYNEX CAPITAL INC  (DX, DX-PC)  (CIK 0000826675)",PRE 14A,https://www.sec.gov/Archives/edgar/data/826675/000082667525000044/dx-20250327.htm
artificial intelligence,False,DEF 14A,DEF 14A,2025-03-19,"BWX Technologies, Inc.  (BWXT)  (CIK 0001486957)",DEF 14A,https://www.sec.gov/Archives/edgar/data/1486957/000148695725000016/bwxt-20250318.htm
artificial intelligence,False,PRE 14A,PRE 14A,2025-03-06,"BWX Technologies, Inc.  (BWXT)  (CIK 0001486957)",PRE 14A,https://www.sec.gov/Archives/edgar/data/1486957/000148695725000011/bwxt-20250306.htm
artificial intelligence,False,DEF 14A,DEF 14A,2026-04-01,JBT MAREL Corp  (JBTM)  (CIK 0001433660),DEF 14A,https://www.sec.gov/Archives/edgar/data/1433660/000143366026000082/jbt-20260401.htm
artificial intelligence,False,ARS,ARS,2025-12-19,FRANKLIN COVEY CO  (FC)  (CIK 0000886206),ARS,https://www.sec.gov/Archives/edgar/data/886206/000114036125046096/ny20057868x3_ars.pdf
artificial intelligence,False,F-1,F-1,2025-07-18,Acco Group Holdings Ltd  (CIK 0002038378),REGISTRATION STATEMENT,https://www.sec.gov/Archives/edgar/data/2038378/000121390025065443/ea0214214-12.htm
artificial intelligence,False,F-1/A,F-1/A,2025-08-22,Acco Group Holdings Ltd  (ACCL)  (CIK 0002038378),REGISTRATION STATEMENT,https://www.sec.gov/Archives/edgar/data/2038378/000121390025079608/ea0214214-15.htm
artificial intelligence,False,10-K,10-K,2026-03-19,"GTJ REIT, INC.  (CIK 0001368757)",10-K,https://www.sec.gov/Archives/edgar/data/1368757/000119312526115837/gttj-20251231.htm
artificial intelligence,True,8-K,EX-2.1,2026-06-12,UNITED COMMUNITY BANKS INC  (UCB)  (CIK 0000857855),EXHIBIT 2.1,https://www.sec.gov/Archives/edgar/data/857855/000110465926073197/tm2617702d1_ex2-1.htm
artificial intelligence,False,F-1/A,F-1/A,2025-08-01,AMBITIONS ENTERPRISE MANAGEMENT CO. L.L.C  (CIK 0002010959),REGISTRATION STATEMENT,https://www.sec.gov/Archives/edgar/data/2010959/000121390025070564/ea0200557-14.htm
artificial intelligence,False,425,425,2026-02-02,DEVON ENERGY CORP/DE  (DVN)  (CIK 0001090012),425,https://www.sec.gov/Archives/edgar/data/1090012/000119312526032769/d75203d425.htm
artificial intelligence,False,DRS/A,DRS/A,2026-07-28,"Miluna Acquisition Corp  (MMTX, MMTXU, MMTXW)  (CIK 0002077033); CADV Ventures S.A.  (CIK 0002133525)",,https://www.sec.gov/Archives/edgar/data/2077033/000149315226034996/filename1.htm
artificial intelligence,True,6-K,EX-99.1,2026-03-17,"Baidu, Inc.  (BIDU, BAIDF)  (CIK 0001329099)",EX-99.1,https://www.sec.gov/Archives/edgar/data/1329099/000119312526110843/d34060dex991.pdf
artificial intelligence,False,20-F,20-F,2025-04-29,Mogo Inc.  (MOGO)  (CIK 0001602842),20-F,https://www.sec.gov/Archives/edgar/data/1602842/000095017025060208/mogo-20241231.htm
artificial intelligence,True,8-K,EX-2.1,2026-06-09,"NOVANTA INC  (NOVT, NOVTU)  (CIK 0001076930)",EX-2.1,https://www.sec.gov/Archives/edgar/data/1076930/000119312526262867/novt-ex2_1.htm
artificial intelligence,False,DRS,DRS,2026-03-02,WinVest Holdings Corp.  (CIK 0002104943); WinVest Acquisition Corp.  (CIK 0001854463); Embed Financial Group Cayman Holdings  (CIK 0002104917),,https://www.sec.gov/Archives/edgar/data/2104943/000121390026022091/filename1.htm
artificial intelligence,False,S-4/A,S-4/A,2026-07-02,"SOUNDHOUND AI, INC.  (SOUN, SOUNW)  (CIK 0001840856)",REGISTRATION STATEMENT,https://www.sec.gov/Archives/edgar/data/1840856/000121390026075095/ea0292090-02.htm
artificial intelligence,False,20-F,20-F,2026-03-17,"Baidu, Inc.  (BIDU, BAIDF)  (CIK 0001329099)",FORM 20-F,https://www.sec.gov/Archives/edgar/data/1329099/000119312526109289/d38065d20f.htm
artificial intelligence,False,424B3,424B3,2026-07-09,"SOUNDHOUND AI, INC.  (SOUN, SOUNW)  (CIK 0001840856)",PROSPECTUS,https://www.sec.gov/Archives/edgar/data/1840856/000121390026076737/ea0292090-04.htm
artificial intelligence,False,F-1/A,F-1/A,2025-08-06,Acco Group Holdings Ltd  (ACCL)  (CIK 0002038378),REGISTRATION STATEMENT,https://www.sec.gov/Archives/edgar/data/2038378/000121390025072421/ea0214214-14.htm
artificial intelligence,False,S-4/A,S-4/A,2026-07-08,"SOUNDHOUND AI, INC.  (SOUN, SOUNW)  (CIK 0001840856)",REGISTRATION STATEMENT,https://www.sec.gov/Archives/edgar/data/1840856/000121390026076371/ea0292090-03.htm
artificial intelligence,False,DEF 14A,DEF 14A,2025-01-16,"LEE ENTERPRISES, Inc  (LEE)  (CIK 0000058361)",DEF 14A,https://www.sec.gov/Archives/edgar/data/58361/000162828025001707/lee-20250116.htm
artificial intelligence,False,PRE 14A,PRE 14A,2025-01-06,"LEE ENTERPRISES, Inc  (LEE)  (CIK 0000058361)",PRE 14A,https://www.sec.gov/Archives/edgar/data/58361/000162828025000530/pre-14a2025.htm
artificial intelligence,True,8-K,EX-2.1,2026-04-15,"Leidos Holdings, Inc.  (LDOS)  (CIK 0001336920)",EX-2.1,https://www.sec.gov/Archives/edgar/data/1336920/000119312526155884/d148240dex21.htm
artificial intelligence,False,424B5,424B5,2026-02-19,JIADE Ltd  (JDZG)  (CIK 0001976908),424B5,https://www.sec.gov/Archives/edgar/data/1976908/000110465926017350/tm2534487d2_424b5.htm
artificial intelligence,False,DEFM14A,DEFM14A,2026-07-09,LIVEPERSON INC  (LPSN)  (CIK 0001102993),PROXY STATEMENT,https://www.sec.gov/Archives/edgar/data/1102993/000121390026076759/ea0297465-01.htm
artificial intelligence,False,DEF 14A,DEF 14A,2025-03-28,"Dine Brands Global, Inc.  (DIN)  (CIK 0000049754)",DEF 14A,https://www.sec.gov/Archives/edgar/data/49754/000119312525067149/d921476ddef14a.htm
artificial intelligence,False,424B4,424B4,2026-02-12,RF Acquisition Corp III  (RFAM)  (CIK 0002091712),424B4,https://www.sec.gov/Archives/edgar/data/2091712/000182912626001285/rfacq3_424b4.htm
artificial intelligence,False,424B3,424B3,2026-02-13,RF Acquisition Corp III  (RFAM)  (CIK 0002091712),424B3,https://www.sec.gov/Archives/edgar/data/2091712/000182912626001337/rfacq3_424b3.htm
artificial intelligence,False,S-1/A,S-1/A,2025-12-19,RF Acquisition Corp III  (CIK 0002091712),S-1/A,https://www.sec.gov/Archives/edgar/data/2091712/000182912625010185/rfacq3_s1a.htm
artificial intelligence,False,S-1/A,S-1/A,2026-01-29,RF Acquisition Corp III  (CIK 0002091712),S-1/A,https://www.sec.gov/Archives/edgar/data/2091712/000182912626000720/rfacq3_s1a.htm
artificial intelligence,False,S-1,S-1,2026-06-05,"Zapata Quantum, Inc.  (ZPTA, ZPTAW)  (CIK 0001843714)",FORM S-1,https://www.sec.gov/Archives/edgar/data/1843714/000168316826004579/zpat_s1.htm
artificial intelligence,False,10-K,10-K,2026-07-14,"Zoomcar Holdings, Inc.  (ZCAR, ZCARW)  (CIK 0001854275)",ANNUAL REPORT,https://www.sec.gov/Archives/edgar/data/1854275/000121390026078029/ea0296662-10k_zoomcar.htm
artificial intelligence,True,8-K,EX-2.1,2025-12-22,CACI INTERNATIONAL INC /DE/  (CACI)  (CIK 0000016058),EX-2.1,https://www.sec.gov/Archives/edgar/data/16058/000162828025058393/purchaseagreementarka.htm
artificial intelligence,False,S-1/A,S-1/A,2026-01-20,RF Acquisition Corp III  (CIK 0002091712),S-1/A,https://www.sec.gov/Archives/edgar/data/2091712/000182912626000407/rfacq3_s1a.htm
artificial intelligence,False,DRS/A,DRS/A,2026-07-06,"Miluna Acquisition Corp  (MMTX, MMTXU, MMTXW)  (CIK 0002077033); CADV Ventures S.A.  (CIK 0002133525)",,https://www.sec.gov/Archives/edgar/data/2077033/000149315226032200/filename1.htm
artificial intelligence,False,10-K/A,10-K/A,2026-07-16,"Zoomcar Holdings, Inc.  (ZCAR, ZCARW)  (CIK 0001854275)",ANNUAL REPORT,https://www.sec.gov/Archives/edgar/data/1854275/000121390026078693/ea0296662-10ka1_zoomcar.htm
artificial intelligence,False,10-K,10-K,2026-04-29,"NutriBand Inc.  (NTRB, NTRBW)  (CIK 0001676047)",ANNUAL REPORT,https://www.sec.gov/Archives/edgar/data/1676047/000121390026049399/ea0287168-10k_nutriband.htm
artificial intelligence,True,8-K,EX-2.1,2025-03-12,"Clearwater Analytics Holdings, Inc.  (CWAN)  (CIK 0001866368)",EX-2.1,https://www.sec.gov/Archives/edgar/data/1866368/000119312525052444/d853519dex21.htm
artificial intelligence,False,424B3,424B3,2026-07-13,"ROBO.AI INC.  (AIIO, AIIOW)  (CIK 0001932737)",PROSPECTUS,https://www.sec.gov/Archives/edgar/data/1932737/000121390026077554/ea0294090-05.htm
artificial intelligence,False,10-K,10-K,2026-02-25,"FIRST BUSINESS FINANCIAL SERVICES, INC.  (FBIZ)  (CIK 0001521951)",10-K,https://www.sec.gov/Archives/edgar/data/1521951/000119312526071523/fbiz-20251231.htm
artificial intelligence,False,485APOS,485APOS,2026-07-09,SHORT-TERM INVESTMENTS TRUST  (CIK 0000205007),POST-EFFECTIVE AMENDMENT FILED PURSUANT TO SECURITIES ACT RULE 485(A),https://www.sec.gov/Archives/edgar/data/205007/000207184426000768/final485.htm
artificial intelligence,False,20-F/A,20-F/A,2025-11-06,VivoPower International PLC  (VVPR)  (CIK 0001681348),,https://www.sec.gov/Archives/edgar/data/1681348/000149315225021108/form20-fa.htm
artificial intelligence,False,PREM14A,PREM14A,2026-05-26,MARCHEX INC  (MCHX)  (CIK 0001224133),PROXY STATEMENT,https://www.sec.gov/Archives/edgar/data/1224133/000207709626000175/ea0292048-01.htm
artificial intelligence,True,SC TO-T,EX-99.(A)(1)(I),2025-02-10,"Aspen Technology, Inc.  (CIK 0001897982); EMERSON ELECTRIC CO  (CIK 0000032604)",EXHIBIT (A)(1)(I),https://www.sec.gov/Archives/edgar/data/1897982/000114036125003633/ny20042954x1_exa1i.htm
artificial intelligence,False,20-F,20-F,2025-05-14,"Carbon Revolution Public Ltd Co  (CREV, CREVW)  (CIK 0001960208)",20-F,https://www.sec.gov/Archives/edgar/data/1960208/000114036125018960/ef20036407_20-f.htm
artificial intelligence,False,F-4,F-4,2026-05-27,Embed Financial Group Holdings  (CIK 0002104943); WinVest Acquisition Corp.  (CIK 0001854463); Embed Financial Group Cayman Holdings  (CIK 0002104917),REGISTRATION STATEMENT,https://www.sec.gov/Archives/edgar/data/2104943/000121390026061585/ea0275759-03.htm
artificial intelligence,False,485APOS,485APOS,2026-06-24,SHORT-TERM INVESTMENTS TRUST  (CIK 0000205007),POST-EFFECTIVE AMENDMENT FILED PURSUANT TO SECURITIES ACT RULE 485(A),https://www.sec.gov/Archives/edgar/data/205007/000207184426000727/final485.htm
artificial intelligence,False,ARS,ARS,2025-09-09,Safe & Green Development Corp  (SGD)  (CIK 0001959023),FORM ARS,https://www.sec.gov/Archives/edgar/data/1959023/000121390025085706/ea025647501-ars_safegreen.pdf
artificial intelligence,False,S-4,S-4,2026-08-27,"Miluna Acquisition Corp  (MMTX, MMTXU, MMTXW)  (CIK 0002077033); CADV Ventures S.A.  (CIK 0002133525)",S-4,https://www.sec.gov/Archives/edgar/data/2077033/000149315226040431/forms-4.htm
artificial intelligence,True,8-K,EX-2.1,2025-01-03,"NU SKIN ENTERPRISES, INC.  (NUS)  (CIK 0001021561)",UNIT PURCHASE AGREEMENT,https://www.sec.gov/Archives/edgar/data/1021561/000114036125000113/ef20041017_ex2-1.htm
artificial intelligence,False,DRS,DRS,2026-03-13,Bending Spoons S.p.A.  (CIK 0002004711),,https://www.sec.gov/Archives/edgar/data/2004711/000110465926027746/filename1.htm
artificial intelligence,False,10-K,10-K,2025-03-31,Safe & Green Development Corp  (SGD)  (CIK 0001959023),ANNUAL REPORT,https://www.sec.gov/Archives/edgar/data/1959023/000121390025026215/ea0236216-10k_safe.htm
artificial intelligence,False,F-1/A,F-1/A,2025-02-12,Going International Holding Co Ltd  (CIK 0001968532),REGISTRATION STATEMENT,https://www.sec.gov/Archives/edgar/data/1968532/000121390025012962/ea0201982-05.htm
artificial intelligence,False,10-K,10-K,2025-09-09,"Aeluma, Inc.  (ALMU)  (CIK 0001828805)",ANNUAL REPORT,https://www.sec.gov/Archives/edgar/data/1828805/000121390025086227/ea0256331-10k_aelumainc.htm
artificial intelligence,False,S-1/A,S-1/A,2026-03-23,AIAI Holdings Corp  (AIAI)  (CIK 0002096362),S-1/A,https://www.sec.gov/Archives/edgar/data/2096362/000149315226012102/forms-1a.htm
artificial intelligence,False,F-1,F-1,2025-02-07,AMBITIONS ENTERPRISE MANAGEMENT CO. L.L.C  (CIK 0002010959),REGISTRATION STATEMENT,https://www.sec.gov/Archives/edgar/data/2010959/000121390025011398/ea0200557-07.htm
artificial intelligence,False,S-1/A,S-1/A,2026-05-01,AIAI Holdings Corp  (AIAI)  (CIK 0002096362),S-1/A,https://www.sec.gov/Archives/edgar/data/2096362/000149315226020803/forms-1a.htm
artificial intelligence,False,DRS,DRS,2025-11-10,AsiaPac AdTechinno Group Ltd  (CIK 0002087437),,https://www.sec.gov/Archives/edgar/data/2087437/000149315225021338/filename1.htm
artificial intelligence,False,424B5,424B5,2026-02-13,"AST SpaceMobile, Inc.  (ASTS)  (CIK 0001780312)",424B5,https://www.sec.gov/Archives/edgar/data/1780312/000149315226006522/form424b5.htm
artificial intelligence,False,424B5,424B5,2026-02-13,"AST SpaceMobile, Inc.  (ASTS)  (CIK 0001780312)",424B5,https://www.sec.gov/Archives/edgar/data/1780312/000149315226006524/form424b5.htm
artificial intelligence,False,DEF 14A,DEF 14A,2025-04-01,"Macy's, Inc.  (M)  (CIK 0000794367)",DEF 14A,https://www.sec.gov/Archives/edgar/data/794367/000155837025004270/m-20250516xdef14a.htm
artificial intelligence,False,N-CSR,N-CSR,2025-11-07,AIM COUNSELOR SERIES TRUST (INVESCO COUNSELOR SERIES TRUST)  (CIK 0001112996),10312025 ACST N-CSR,https://www.sec.gov/Archives/edgar/data/1112996/000119312525271069/8de1d707226b3e2.htm
artificial intelligence,False,S-1/A,S-1/A,2026-04-30,AIAI Holdings Corp  (AIAI)  (CIK 0002096362),S-1/A,https://www.sec.gov/Archives/edgar/data/2096362/000149315226020261/forms-1a.htm
artificial intelligence,False,S-1/A,S-1/A,2026-04-08,AIAI Holdings Corp  (AIAI)  (CIK 0002096362),S-1/A,https://www.sec.gov/Archives/edgar/data/2096362/000149315226015707/forms-1a.htm
artificial intelligence,False,DRS/A,DRS/A,2025-12-31,AsiaPac AdTechinno Group Ltd  (CIK 0002087437),,https://www.sec.gov/Archives/edgar/data/2087437/000149315225029730/filename1.htm
artificial intelligence,True,8-K,EX-2.1,2025-03-18,"CSW INDUSTRIALS, INC.  (CSWI)  (CIK 0001624794)",EX-2.1,https://www.sec.gov/Archives/edgar/data/1624794/000119312525056730/d938973dex21.htm
artificial intelligence,False,424B5,424B5,2026-02-11,"AST SpaceMobile, Inc.  (ASTS)  (CIK 0001780312)",424B5,https://www.sec.gov/Archives/edgar/data/1780312/000149315226006226/form424b5.htm
artificial intelligence,False,N-2,N-2,2025-09-12,Invesco California Value Municipal Income Trust  (VCV)  (CIK 0000895531),N-2,https://www.sec.gov/Archives/edgar/data/895531/000110465925089556/tm2525809d1_n2.htm
artificial intelligence,False,424B5,424B5,2026-02-11,"AST SpaceMobile, Inc.  (ASTS)  (CIK 0001780312)",424B5,https://www.sec.gov/Archives/edgar/data/1780312/000149315226006229/form424b5.htm
artificial intelligence,True,10-Q,EX-10.1,2025-12-09,OOMA INC  (OOMA)  (CIK 0001327688),EX-10.1,https://www.sec.gov/Archives/edgar/data/1327688/000119312525312961/ooma-ex10_1.htm
artificial intelligence,False,S-1/A,S-1/A,2026-04-24,AIAI Holdings Corp  (AIAI)  (CIK 0002096362),S-1/A,https://www.sec.gov/Archives/edgar/data/2096362/000149315226018924/forms-1a.htm
artificial intelligence,False,DEFR14A,DEFR14A,2025-06-09,Redwire Corp  (RDW)  (CIK 0001819810),DEFR14A,https://www.sec.gov/Archives/edgar/data/1819810/000162828025030099/redwire-defr14a.htm
artificial intelligence,False,DRS/A,DRS/A,2026-03-27,WinVest Holdings Corp.  (CIK 0002104943); WinVest Acquisition Corp.  (CIK 0001854463); Embed Financial Group Cayman Holdings  (CIK 0002104917),,https://www.sec.gov/Archives/edgar/data/2104943/000121390026035261/filename1.htm
artificial intelligence,False,F-1/A,F-1/A,2026-06-26,"ROBO.AI INC.  (AIIO, AIIOW)  (CIK 0001932737)",REGISTRATION STATEMENT,https://www.sec.gov/Archives/edgar/data/1932737/000121390026072599/ea0294090-02.htm
artificial intelligence,False,S-1/A,S-1/A,2026-03-04,AIAI Holdings Corp  (AIAI)  (CIK 0002096362),S-1/A,https://www.sec.gov/Archives/edgar/data/2096362/000149315226008887/forms-1a.htm
artificial intelligence,False,F-1/A,F-1/A,2025-03-18,AMBITIONS ENTERPRISE MANAGEMENT CO. L.L.C  (AHMA)  (CIK 0002010959),REGISTRATION STATEMENT,https://www.sec.gov/Archives/edgar/data/2010959/000101376225000659/ea0200557-09.htm
artificial intelligence,False,S-4/A,S-4/A,2026-09-18,"Miluna Acquisition Corp  (MMTX, MMTXU, MMTXW)  (CIK 0002077033); CADV Ventures S.A.  (CIK 0002133525)",S-4/A,https://www.sec.gov/Archives/edgar/data/2077033/000149315226043206/forms-4a.htm
artificial intelligence,False,S-1/A,S-1/A,2026-04-20,AIAI Holdings Corp  (AIAI)  (CIK 0002096362),S-1/A,https://www.sec.gov/Archives/edgar/data/2096362/000149315226018040/forms-1a.htm
artificial intelligence,False,S-1/A,S-1/A,2026-07-06,"USBC, Inc.  (USBC)  (CIK 0001074828)",S-1/A,https://www.sec.gov/Archives/edgar/data/1074828/000107482826000044/usbc-20260706.htm
artificial intelligence,False,S-4,S-4,2025-12-01,"BlockchAIn Digital Infrastructure, Inc.  (CIK 0002070542)",REGISTRATION STATEMENT,https://www.sec.gov/Archives/edgar/data/2070542/000121390025116271/ea0266866-s4_block.htm
artificial intelligence,False,S-4/A,S-4/A,2025-12-23,"BlockchAIn Digital Infrastructure, Inc.  (AIB)  (CIK 0002070542)",AMENDMENT NO. 1 TO FORM S-4,https://www.sec.gov/Archives/edgar/data/2070542/000121390025125415/ea0270475-s4a1_block.htm
artificial intelligence,False,DRS,DRS,2025-06-11,"TG-17, Inc.  (CIK 0001756064)",,https://www.sec.gov/Archives/edgar/data/1756064/000164117225014593/filename1.htm
artificial intelligence,False,424B3,424B3,2026-07-06,Terra Innovatum Global N.V.  (NKLR)  (CIK 0002067627),PROSPECTUS SUPPLEMENT,https://www.sec.gov/Archives/edgar/data/2067627/000121390026075498/ea029709101-424b3_terra.htm
artificial intelligence,False,S-4,S-4,2026-09-04,"Churchill Capital Corp XI  (CCXI, CCXIU, CCXIW)  (CIK 0002074973); Agility Robotics, Inc.  (CIK 0001727116)",REGISTRATION STATEMENT,https://www.sec.gov/Archives/edgar/data/2074973/000121390026097764/ea0297114-04.htm
artificial intelligence,False,S-4/A,S-4/A,2026-09-30,"Churchill Capital Corp XI  (CCXI, CCXIU, CCXIW)  (CIK 0002074973); Agility Robotics, Inc.  (CIK 0001727116)",REGISTRATION STATEMENT,https://www.sec.gov/Archives/edgar/data/2074973/000121390026105334/ea0297114-05.htm
artificial intelligence,False,DEF 14A,DEF 14A,2025-04-03,ALBANY INTERNATIONAL CORP /DE/  (AIN)  (CIK 0000819793),DEF 14A,https://www.sec.gov/Archives/edgar/data/819793/000162828025016378/ain-20250327.htm
artificial intelligence,False,10-K,10-K,2026-06-16,Terra Innovatum Global N.V.  (NKLR)  (CIK 0002067627),ANNUAL REPORT,https://www.sec.gov/Archives/edgar/data/2067627/000121390026068933/ea0285850-10k_terra.htm
artificial intelligence,False,424B4,424B4,2025-02-19,"Petros Pharmaceuticals, Inc.  (PTPI)  (CIK 0001815903)",424B4,https://www.sec.gov/Archives/edgar/data/1815903/000141057825000164/tmb-20240930x424b4.htm
artificial intelligence,False,F-1,F-1,2026-06-12,"ROBO.AI INC.  (AIIO, AIIOW)  (CIK 0001932737)",REGISTRATION STATEMENT,https://www.sec.gov/Archives/edgar/data/1932737/000121390026068388/ea0294090-01.htm
artificial intelligence,False,ARS,ARS,2026-04-16,"SMITH MICRO SOFTWARE, INC.  (SMSI)  (CIK 0000948708)",FORM ARS,https://www.sec.gov/Archives/edgar/data/948708/000143774926012560/smsi20260414_ars.pdf
artificial intelligence,False,20-F,20-F,2025-11-07,KAZIA THERAPEUTICS LTD  (KZIA)  (CIK 0001075880),20-F,https://www.sec.gov/Archives/edgar/data/1075880/000119312525272284/d908386d20f.htm
artificial intelligence,False,S-1,S-1,2026-05-26,"VARSAL TECH, INC.  (VAT)  (CIK 0002109801)",S-1,https://www.sec.gov/Archives/edgar/data/2109801/000149315226025296/forms-1.htm
artificial intelligence,False,DEF 14A,DEF 14A,2025-04-24,"Salesforce, Inc.  (CRM)  (CIK 0001108524)",DEF 14A,https://www.sec.gov/Archives/edgar/data/1108524/000110852425000009/crm-20250424.htm
artificial intelligence,False,DEF 14A,DEF 14A,2026-04-22,APPIAN CORP  (APPN)  (CIK 0001441683),DEF 14A,https://www.sec.gov/Archives/edgar/data/1441683/000144168326000021/appn-20260421.htm
artificial intelligence,False,10-K,10-K,2026-03-05,"Lineage Cell Therapeutics, Inc.  (LCTX)  (CIK 0000876343)",10-K,https://www.sec.gov/Archives/edgar/data/876343/000119312526093992/lctx-20251231.htm
artificial intelligence,True,8-K,EX-2.1,2026-03-03,"Esperion Therapeutics, Inc.  (ESPR)  (CIK 0001434868)",EX-2.1,https://www.sec.gov/Archives/edgar/data/1434868/000162828026013552/exhibit21.htm
artificial intelligence,False,10-K,10-K,2025-03-10,"Bright Mountain Media, Inc.  (BMTM)  (CIK 0001568385)",10-K,https://www.sec.gov/Archives/edgar/data/1568385/000095017025036193/bmtm-20241231.htm
artificial intelligence,False,424B5,424B5,2025-03-21,Invesco Senior Income Trust  (VVR)  (CIK 0001059386),424B5,https://www.sec.gov/Archives/edgar/data/1059386/000110465925026711/tm258538d1_424b5.htm
artificial intelligence,False,N-2/A,N-2/A,2025-02-07,Invesco Senior Income Trust  (VVR)  (CIK 0001059386),N-2/A,https://www.sec.gov/Archives/edgar/data/1059386/000110465925010548/tm254332d1_n2a.htm
artificial intelligence,False,10-K,10-K,2025-12-22,BNB PLUS CORP.  (BNBX)  (CIK 0000744452),10-K,https://www.sec.gov/Archives/edgar/data/744452/000110465925123342/tmb-20250930x10k.htm
artificial intelligence,False,485APOS,485APOS,2025-12-11,SHORT-TERM INVESTMENTS TRUST  (CIK 0000205007),485APOS,https://www.sec.gov/Archives/edgar/data/205007/000119312525315498/d31263d485apos.htm
artificial intelligence,False,DEF 14A,DEF 14A,2026-04-02,"Primerica, Inc.  (PRI)  (CIK 0001475922)",DEF 14A,https://www.sec.gov/Archives/edgar/data/1475922/000119312526139047/pri-20260326.htm
artificial intelligence,False,S-1,S-1,2025-10-30,APPLIED DNA SCIENCES INC  (APDN)  (CIK 0000744452),S-1,https://www.sec.gov/Archives/edgar/data/744452/000110465925103871/apdn-20250630xs1.htm
artificial intelligence,False,F-1/A,F-1/A,2025-07-22,Going International Holding Co Ltd  (CIK 0001968532),REGISTRATION STATEMENT,https://www.sec.gov/Archives/edgar/data/1968532/000121390025066651/ea0201982-07.htm
artificial intelligence,False,DEF 14A,DEF 14A,2026-04-23,OneSpan Inc.  (OSPN)  (CIK 0001044777),DEF 14A,https://www.sec.gov/Archives/edgar/data/1044777/000104477726000011/ospn-20260423.htm
artificial intelligence,False,DEF 14A,DEF 14A,2025-12-12,"ENERGIZER HOLDINGS, INC.  (ENR)  (CIK 0001632790)",DEF 14A,https://www.sec.gov/Archives/edgar/data/1632790/000163279025000120/enr-20251212.htm
artificial intelligence,False,S-1/A,S-1/A,2026-07-22,"VARSAL TECH, INC.  (VAT)  (CIK 0002109801)",S-1/A,https://www.sec.gov/Archives/edgar/data/2109801/000149315226034129/forms-1a.htm
artificial intelligence,False,DRS/A,DRS/A,2026-08-17,"Churchill Capital Corp XI  (CCXI, CCXIU, CCXIW)  (CIK 0002074973); Agility Robotics, Inc.  (CIK 0001727116)",,https://www.sec.gov/Archives/edgar/data/2074973/000121390026090791/filename1.htm
artificial intelligence,False,DEF 14A,DEF 14A,2025-04-29,UNITED THERAPEUTICS Corp  (UTHR)  (CIK 0001082554),DEFINITIVE PROXY STATEMENT,https://www.sec.gov/Archives/edgar/data/1082554/000108255425000014/uthr-20250428.htm
artificial intelligence,False,S-1/A,S-1/A,2026-08-17,"VARSAL TECH, INC.  (VAT)  (CIK 0002109801)",S-1/A,https://www.sec.gov/Archives/edgar/data/2109801/000149315226038800/forms-1a.htm
artificial intelligence,False,DRS/A,DRS/A,2025-07-03,MEDIAON GROUP INC.  (CIK 0002059702),,https://www.sec.gov/Archives/edgar/data/2059702/000164117225017771/filename1.htm
artificial intelligence,True,10-K,EX-10.24,2026-04-03,OOMA INC  (OOMA)  (CIK 0001327688),EX-10.24,https://www.sec.gov/Archives/edgar/data/1327688/000132768826000009/ooma-ex10_24.htm
artificial intelligence,False,20-F,20-F,2026-03-09,Genius Group Ltd  (GNS)  (CIK 0001847806),20-F,https://www.sec.gov/Archives/edgar/data/1847806/000149315226009371/form20-f.htm
artificial intelligence,True,6-K,EX-99.1,2026-02-17,ZIM Integrated Shipping Services Ltd.  (ZIM)  (CIK 0001654126),EXHIBIT 99.1,https://www.sec.gov/Archives/edgar/data/1654126/000117891326000483/exhibit_99-1.htm
artificial intelligence,False,S-1/A,S-1/A,2025-02-13,"Petros Pharmaceuticals, Inc.  (PTPI)  (CIK 0001815903)",S-1/A,https://www.sec.gov/Archives/edgar/data/1815903/000141057825000122/tmb-20240930xs1a.htm
artificial intelligence,False,S-1/A,S-1/A,2026-07-01,"VARSAL TECH, INC.  (VAT)  (CIK 0002109801)",S-1/A,https://www.sec.gov/Archives/edgar/data/2109801/000149315226031369/forms-1a.htm
artificial intelligence,False,F-1/A,F-1/A,2026-03-10,Neutrans Inc.  (CIK 0002065741),AMENDMENT NO. 2 TO FORM F-1,https://www.sec.gov/Archives/edgar/data/2065741/000121390026025595/ea0280732-f1a2_neutrans.htm
artificial intelligence,False,DRS,DRS,2026-02-13,"VARSAL TECH, INC.  (CIK 0002109801)",,https://www.sec.gov/Archives/edgar/data/2109801/000149315226006627/filename1.htm
artificial intelligence,False,424B3,424B3,2025-04-23,"Innventure, Inc.  (INV, INVLW)  (CIK 0002001557)",424B3,https://www.sec.gov/Archives/edgar/data/2001557/000162828025019358/innventureinc-424b3xsx1.htm
artificial intelligence,False,N-CSR,N-CSR,2026-03-06,NEW GERMANY FUND INC  (GF)  (CIK 0000858706),"THE NEW GERMANY FUND, INC.",https://www.sec.gov/Archives/edgar/data/858706/000008805326000215/ar123125ngf.htm
artificial intelligence,False,S-4,S-4,2026-04-14,"SRx Health Solutions, Inc.  (SRXH)  (CIK 0001471727)",S-4,https://www.sec.gov/Archives/edgar/data/1471727/000149315226016588/forms-4.htm
artificial intelligence,True,6-K,EX-99.1,2026-03-19,ZIM Integrated Shipping Services Ltd.  (ZIM)  (CIK 0001654126),EXHIBIT 99.1,https://www.sec.gov/Archives/edgar/data/1654126/000117891326001558/exhibit_99-1.htm
artificial intelligence,True,6-K,EX-99.1,2025-06-27,Lightspeed Commerce Inc.  (LSPD)  (CIK 0001823306),EX-99.1,https://www.sec.gov/Archives/edgar/data/1823306/000182330625000036/lightspeed-managementinf.htm
artificial intelligence,False,DEF 14A,DEF 14A,2025-03-27,"PROG Holdings, Inc.  (PRG)  (CIK 0001808834)",DEF 14A PROXY 2024,https://www.sec.gov/Archives/edgar/data/1808834/000180883425000046/prg-20250326.htm
artificial intelligence,False,S-1,S-1,2025-04-15,"Innventure, Inc.  (INV, INVLW)  (CIK 0002001557)",S-1,https://www.sec.gov/Archives/edgar/data/2001557/000162828025017890/innv-20250415.htm
artificial intelligence,False,F-1/A,F-1/A,2026-04-06,Neutrans Inc.  (NEUT)  (CIK 0002065741),AMENDMENT NO. 3 TO FORM F-1,https://www.sec.gov/Archives/edgar/data/2065741/000121390026040098/ea0284838-f1a3_neutrans.htm
artificial intelligence,False,424B3,424B3,2026-03-13,"New ERA Energy & Digital, Inc.  (NUAI, NUAIW)  (CIK 0002028336)",PROSPECTUS SUPPLEMENT,https://www.sec.gov/Archives/edgar/data/2028336/000121390026027683/ea028151502-424b3_newera.htm
artificial intelligence,False,S-4/A,S-4/A,2026-02-09,"Blockfusion Data Centers, Inc.  (BLDC)  (CIK 0002097508); Blockfusion USA, Inc.  (CIK 0001910992)",FORM S-4/A1,https://www.sec.gov/Archives/edgar/data/2097508/000118518526000445/bldcs4a1020426.htm
artificial intelligence,False,DEF 14A,DEF 14A,2026-03-16,Motorsport Games Inc.  (MSGM)  (CIK 0001821175),DEF 14A,https://www.sec.gov/Archives/edgar/data/1821175/000149315226010269/formdef14a.htm
artificial intelligence,False,20-F,20-F,2025-03-13,ProQR Therapeutics N.V.  (PRQR)  (CIK 0001612940),20-F,https://www.sec.gov/Archives/edgar/data/1612940/000155837025002851/tmb-20241231x20f.htm
artificial intelligence,False,N-CSR,N-CSR,2025-03-07,"EUROPEAN EQUITY FUND, INC / MD  (EEA)  (CIK 0000791718)","THE EUROPEAN EQUITY FUND, INC.",https://www.sec.gov/Archives/edgar/data/791718/000008805325000200/ar123124eea.htm
artificial intelligence,False,F-1/A,F-1/A,2026-02-19,Neutrans Inc.  (CIK 0002065741),AMENDMENT NO. 1 TO FORM F-1,https://www.sec.gov/Archives/edgar/data/2065741/000121390026018291/ea0277178-f1a1_neutrans.htm
artificial intelligence,False,ARS,ARS,2026-03-26,SERVICE CORP INTERNATIONAL  (SCI)  (CIK 0000089089),ARS,https://www.sec.gov/Archives/edgar/data/89089/000008908926000015/sci-2025ars.pdf
artificial intelligence,False,424B3,424B3,2026-02-17,"BlockchAIn Digital Infrastructure, Inc.  (AIB)  (CIK 0002070542)",PROSPECTUS,https://www.sec.gov/Archives/edgar/data/2070542/000121390026017308/ea0276744-424b3_block.htm
artificial intelligence,False,424B3,424B3,2026-03-13,"New ERA Energy & Digital, Inc.  (NUAI, NUAIW)  (CIK 0002028336)",PROSPECTUS SUPPLEMENT,https://www.sec.gov/Archives/edgar/data/2028336/000121390026027682/ea028151501-424b3_newera.htm
artificial intelligence,False,S-1,S-1,2025-01-24,"Petros Pharmaceuticals, Inc.  (PTPI)  (CIK 0001815903)",S-1,https://www.sec.gov/Archives/edgar/data/1815903/000141057825000047/tmb-20240930xs1.htm
artificial intelligence,False,10-K,10-K,2025-04-15,Cosmos Health Inc.  (COSM)  (CIK 0001474167),FORM 10-K,https://www.sec.gov/Archives/edgar/data/1474167/000147793225002759/cosm_10k.htm
artificial intelligence,False,S-1/A,S-1/A,2025-02-14,"Petros Pharmaceuticals, Inc.  (PTPI)  (CIK 0001815903)",S-1/A,https://www.sec.gov/Archives/edgar/data/1815903/000141057825000137/tmb-20240930xs1a.htm
artificial intelligence,False,ARS,ARS,2025-06-04,"CIRRUS LOGIC, INC.  (CRUS)  (CIK 0000772406)",ARS,https://www.sec.gov/Archives/edgar/data/772406/000077240625000020/crusformarsfy25final6425.pdf
artificial intelligence,False,10-K,10-K,2026-03-12,"New ERA Energy & Digital, Inc.  (NUAI, NUAIW)  (CIK 0002028336)",ANNUAL REPORT,https://www.sec.gov/Archives/edgar/data/2028336/000121390026026501/ea0276741-10k_newera.htm
artificial intelligence,False,DRS,DRS,2026-07-14,"Churchill Capital Corp XI  (CCXI, CCXIU, CCXIW)  (CIK 0002074973); Agility Robotics, Inc.  (CIK 0001727116)",,https://www.sec.gov/Archives/edgar/data/2074973/000121390026077755/filename1.htm
artificial intelligence,False,S-4/A,S-4/A,2026-01-30,"BlockchAIn Digital Infrastructure, Inc.  (AIB)  (CIK 0002070542)",AMENDMENT NO. 4 TO FORM S-4,https://www.sec.gov/Archives/edgar/data/2070542/000121390026009858/ea0274713-s4a4_block.htm
artificial intelligence,False,F-1/A,F-1/A,2026-07-16,Yesil Global Enerji A.S.  (CIK 0002087162),F-1/A,https://www.sec.gov/Archives/edgar/data/2087162/000149315226033580/formf-1a.htm
artificial intelligence,False,S-1/A,S-1/A,2025-02-10,"Petros Pharmaceuticals, Inc.  (PTPI)  (CIK 0001815903)",S-1/A,https://www.sec.gov/Archives/edgar/data/1815903/000141057825000108/tmb-20240930xs1a.htm
artificial intelligence,False,PREM14A,PREM14A,2026-04-15,"Allbirds, Inc.  (BIRD)  (CIK 0001653909)",PREM14A,https://www.sec.gov/Archives/edgar/data/1653909/000119312526155866/d39753dprem14a.htm
artificial intelligence,False,S-1/A,S-1/A,2026-07-13,"USBC, Inc.  (USBC)  (CIK 0001074828)",S-1/A,https://www.sec.gov/Archives/edgar/data/1074828/000107482826000052/usbc-20260713.htm
artificial intelligence,False,DRS/A,DRS/A,2026-04-15,"VARSAL TECH, INC.  (CIK 0002109801)",,https://www.sec.gov/Archives/edgar/data/2109801/000149315226016786/filename1.htm
artificial intelligence,True,SC 13E3/A,EX-99.(A)-(1),2026-08-26,"Perfect Corp.  (PERF, PERFF)  (CIK 0001899830)",EXHIBIT (A)-(1),https://www.sec.gov/Archives/edgar/data/1899830/000110465926101025/tm2623859d1_ex99-a1.htm
artificial intelligence,False,S-4/A,S-4/A,2026-01-21,"BlockchAIn Digital Infrastructure, Inc.  (AIB)  (CIK 0002070542)",AMENDMENT NO. 2 TO FORM S-4,https://www.sec.gov/Archives/edgar/data/2070542/000121390026005984/ea0273276-s4a2_block.htm
artificial intelligence,True,8-K,EX-2.1,2025-01-13,"Enfusion, Inc.  (ENFN)  (CIK 0001868912)",EXHIBIT 2.1,https://www.sec.gov/Archives/edgar/data/1868912/000110465925002843/tm251420d1_ex2-1.htm
artificial intelligence,False,20-F,20-F,2025-03-28,"Baidu, Inc.  (BIDU, BAIDF)  (CIK 0001329099)",FORM 20-F,https://www.sec.gov/Archives/edgar/data/1329099/000119312525066199/d853848d20f.htm
artificial intelligence,True,8-K,EX-2.1,2025-01-13,"Clearwater Analytics Holdings, Inc.  (CWAN)  (CIK 0001866368)",EX-2.1,https://www.sec.gov/Archives/edgar/data/1866368/000119312525004935/d921635dex21.htm
artificial intelligence,False,F-1,F-1,2026-03-25,AsiaPac AdTechinno Group Ltd  (CIK 0002087437),F-1,https://www.sec.gov/Archives/edgar/data/2087437/000149315226012613/formf-1.htm
artificial intelligence,False,F-1/A,F-1/A,2025-10-10,KOKOBOTS GROUP  (KOKO)  (CIK 0002045907),REGISTRATION STATEMENT,https://www.sec.gov/Archives/edgar/data/2045907/000121390025098168/ea0225390-08.htm
artificial intelligence,False,20-F,20-F,2025-04-01,POET TECHNOLOGIES INC.  (POET)  (CIK 0001437424),,https://www.sec.gov/Archives/edgar/data/1437424/000164117225002143/form20-f.htm
artificial intelligence,False,DRS/A,DRS/A,2026-01-30,AsiaPac AdTechinno Group Ltd  (CIK 0002087437),,https://www.sec.gov/Archives/edgar/data/2087437/000149315226004398/filename1.htm
artificial intelligence,False,424B3,424B3,2025-02-05,"Soluna Holdings, Inc  (SLNH, SLNHP)  (CIK 0000064463)",,https://www.sec.gov/Archives/edgar/data/64463/000149315225005030/form424b3.htm
artificial intelligence,True,8-K,EX-2.1,2026-09-08,FRANKLIN ELECTRIC CO INC  (FELE)  (CIK 0000038725),EX-2.1,https://www.sec.gov/Archives/edgar/data/38725/000003872526000062/a09042026ex21catpumpscorpa.htm
artificial intelligence,False,F-4/A,F-4/A,2026-06-25,Bleichroeder Acquisition France Merger Sub 2  (PSQL)  (CIK 0002119292); Pasqal Holding SAS  (CIK 0002122325); Bleichroeder Acquisition Corp. II  (CIK 0002088295),REGISTRATION STATEMENT,https://www.sec.gov/Archives/edgar/data/2119292/000121390026071788/ea0282861-04.htm
artificial intelligence,False,425,425,2025-06-26,DNOW Inc.  (DNOW)  (CIK 0001599617),425,https://www.sec.gov/Archives/edgar/data/1599617/000119312525149130/d904394d425.htm
artificial intelligence,True,8-K,EX-2.1,2026-07-22,BIOLIFE SOLUTIONS INC  (BLFS)  (CIK 0000834365),EX-2.1,https://www.sec.gov/Archives/edgar/data/834365/000162828026049232/exhibit21-projectbeacona.htm
artificial intelligence,False,424B3,424B3,2025-08-05,MAINZ BIOMED N.V.  (MYNZ)  (CIK 0001874252),PROSPECTUS,https://www.sec.gov/Archives/edgar/data/1874252/000121390025071863/ea0251748-424b3_mainz.htm
artificial intelligence,False,N-CSR,N-CSR,2026-10-05,Adviser Managed Trust  (CIK 0001502608),,https://www.sec.gov/Archives/edgar/data/1502608/000139834426017851/fp0100327-1_ncsrixbrl.htm
artificial intelligence,False,DEF 14A,DEF 14A,2026-01-15,TE Connectivity plc  (TEL)  (CIK 0001385157),DEF 14A,https://www.sec.gov/Archives/edgar/data/1385157/000110465926003934/tel-20260311xdef14a.htm
artificial intelligence,True,425,EX-2.1,2025-01-13,"Clearwater Analytics Holdings, Inc.  (CWAN)  (CIK 0001866368); Enfusion, Inc.  (CIK 0001868912)",EXHIBIT 2.1,https://www.sec.gov/Archives/edgar/data/1866368/000110465925003010/tm251420d4_ex2-1.htm
artificial intelligence,False,S-1,S-1,2026-01-26,AIAI Holdings Corp  (CIK 0002096362),S-1,https://www.sec.gov/Archives/edgar/data/2096362/000149315226003639/forms-1.htm
artificial intelligence,True,8-K,EX-2.1,2026-07-22,REPLIGEN CORP  (RGEN)  (CIK 0000730272),EX-2.1,https://www.sec.gov/Archives/edgar/data/730272/000119312526311402/d141685dex21.htm
artificial intelligence,False,DEF 14A,DEF 14A,2026-03-23,Element Solutions Inc  (ESI)  (CIK 0001590714),DEF 14A,https://www.sec.gov/Archives/edgar/data/1590714/000159071426000034/esi-20260323.htm
artificial intelligence,True,SC 13E3,EX-99.(A)-(1),2026-07-31,"Perfect Corp.  (PERF, PERFF)  (CIK 0001899830)",EXHIBIT (A)-(1),https://www.sec.gov/Archives/edgar/data/1899830/000110465926089222/tm2621676d1_ex99-a1.htm
artificial intelligence,False,ARS,ARS,2026-05-15,RenX Enterprises Corp.  (RENX)  (CIK 0001959023),ANNUAL REPORT,https://www.sec.gov/Archives/edgar/data/1959023/000121390026057932/ea0288863-03.pdf
artificial intelligence,False,10-K,10-K,2026-02-19,Pyrophyte Acquisition Corp.  (CIK 0001848756),ANNUAL REPORT,https://www.sec.gov/Archives/edgar/data/1848756/000121390026018114/ea0268293-10k_pyrophyte.htm
artificial intelligence,False,S-1/A,S-1/A,2026-02-09,"Twenty One Capital, Inc.  (XXI)  (CIK 0002070457)",AMENDMENT NO. 1 TO FORM S-1,https://www.sec.gov/Archives/edgar/data/2070457/000121390026013482/ea0275941-s1a1_twenty.htm
artificial intelligence,False,DEF 14A,DEF 14A,2026-04-10,Amalgamated Financial Corp.  (AMAL)  (CIK 0001823608),DEF 14A,https://www.sec.gov/Archives/edgar/data/1823608/000182360826000098/amal-20260410.htm
artificial intelligence,False,DRS/A,DRS/A,2026-05-04,Bending Spoons S.p.A.  (CIK 0002004711),,https://www.sec.gov/Archives/edgar/data/2004711/000110465926054644/filename1.htm
artificial intelligence,False,424B3,424B3,2026-02-12,"Twenty One Capital, Inc.  (XXI)  (CIK 0002070457)",PROSPECTUS,https://www.sec.gov/Archives/edgar/data/2070457/000121390026015676/ea0276552-424b3_twentyone.htm
artificial intelligence,False,10-K,10-K,2026-03-05,"SMITH MICRO SOFTWARE, INC.  (SMSI)  (CIK 0000948708)",FORM 10-K,https://www.sec.gov/Archives/edgar/data/948708/000143774926007087/smsi20251231d_10k.htm
artificial intelligence,False,S-1,S-1,2026-01-05,"Twenty One Capital, Inc.  (XXI)  (CIK 0002070457)",REGISTRATION STATEMENT,https://www.sec.gov/Archives/edgar/data/2070457/000121390026001285/ea0270549-s1_twenty.htm
artificial intelligence,False,424B3,424B3,2025-05-21,MAINZ BIOMED N.V.  (MYNZ)  (CIK 0001874252),PROSPECTUS,https://www.sec.gov/Archives/edgar/data/1874252/000121390025046199/ea0242940-424b3_mainzbiomed.htm
artificial intelligence,False,10-K,10-K,2026-04-01,RenX Enterprises Corp.  (RENX)  (CIK 0001959023),ANNUAL REPORT,https://www.sec.gov/Archives/edgar/data/1959023/000121390026037999/ea0283352-10k_renx.htm
artificial intelligence,False,F-1/A,F-1/A,2026-05-13,MEDIAON GROUP INC.  (CIK 0002059702),F-1/A,https://www.sec.gov/Archives/edgar/data/2059702/000149315226022550/formf-1a.htm
artificial intelligence,False,DRS,DRS,2025-07-14,Braiin Ltd  (CIK 0002076975),,https://www.sec.gov/Archives/edgar/data/2076975/000121390025063757/filename1.htm
artificial intelligence,False,DEF 14A,DEF 14A,2025-04-18,Element Solutions Inc  (ESI)  (CIK 0001590714),DEF 14A,https://www.sec.gov/Archives/edgar/data/1590714/000159071425000031/esi-20250418.htm
artificial intelligence,False,10-K,10-K,2026-03-04,SL Investment Fund II LLC  (CIK 0002028686),10-K,https://www.sec.gov/Archives/edgar/data/2028686/000119312526091861/ck0002028686-20251231.htm
artificial intelligence,False,DEF 14A,DEF 14A,2025-04-11,Amalgamated Financial Corp.  (AMAL)  (CIK 0001823608),DEF 14A,https://www.sec.gov/Archives/edgar/data/1823608/000182360825000037/amal-20250410.htm
artificial intelligence,False,F-1,F-1,2025-11-06,Speed Group Holdings Ltd  (CIK 0002047859),REGISTRATION STATEMENT,https://www.sec.gov/Archives/edgar/data/2047859/000121390025107041/ea0227331-07.htm
artificial intelligence,True,8-K,EX-2.1,2026-09-04,FLEX LTD.  (FLEX)  (CIK 0000866374),EX-2.1,https://www.sec.gov/Archives/edgar/data/866374/000119312526382492/d108491dex21.htm
artificial intelligence,True,8-K,EX-2.1,2025-06-09,"IonQ, Inc.  (IONQ, IONQ-WT)  (CIK 0001824920)",EX-2.1,https://www.sec.gov/Archives/edgar/data/1824920/000119312525137398/d17095dex21.htm
artificial intelligence,False,F-1/A,F-1/A,2026-03-02,Speed Group Holdings Ltd  (SPED)  (CIK 0002047859),REGISTRATION STATEMENT,https://www.sec.gov/Archives/edgar/data/2047859/000121390026022361/ea0227331-11.htm
artificial intelligence,False,S-1/A,S-1/A,2025-02-03,"Soluna Holdings, Inc  (SLNH, SLNHP)  (CIK 0000064463)",,https://www.sec.gov/Archives/edgar/data/64463/000149315225004555/forms-1a.htm
artificial intelligence,False,F-1/A,F-1/A,2026-02-05,Speed Group Holdings Ltd  (SPED)  (CIK 0002047859),REGISTRATION STATEMENT,https://www.sec.gov/Archives/edgar/data/2047859/000121390026012822/ea0227331-09.htm
artificial intelligence,False,20-F,20-F,2026-03-12,ProQR Therapeutics N.V.  (PRQR)  (CIK 0001612940),20-F,https://www.sec.gov/Archives/edgar/data/1612940/000110465926026713/prqr-20251231x20f.htm
artificial intelligence,False,DRS/A,DRS/A,2025-01-21,GenEmbryomics Ltd  (CIK 0002038033),,https://www.sec.gov/Archives/edgar/data/2038033/000143774925001417/filename1.htm
artificial intelligence,True,8-K,EX-2.1,2026-04-29,"OppFi Inc.  (OPFI, OPFI-WT)  (CIK 0001818502)",EX-2.1,https://www.sec.gov/Archives/edgar/data/1818502/000181850226000030/exhibit21_mergeragreemente.htm
artificial intelligence,False,424B3,424B3,2025-05-20,"ServiceNow, Inc.  (NOW)  (CIK 0001373715)",424B3,https://www.sec.gov/Archives/edgar/data/1373715/000119312525123177/d210236d424b3.htm
artificial intelligence,False,S-4,S-4,2025-04-23,"ServiceNow, Inc.  (NOW)  (CIK 0001373715)",S-4,https://www.sec.gov/Archives/edgar/data/1373715/000119312525091451/d210236ds4.htm
artificial intelligence,False,S-4/A,S-4/A,2025-08-01,Terra Innovatum Global S.R.L.  (NKLR)  (CIK 0002067627); GSR III Acquisition Corp.  (CIK 0002029023); Terra Innovatum s.r.l.  (CIK 0002067618),REGISTRATION STATEMENT,https://www.sec.gov/Archives/edgar/data/2067627/000121390025070223/ea0241384-06.htm
artificial intelligence,False,S-4/A,S-4/A,2025-05-13,"ServiceNow, Inc.  (NOW)  (CIK 0001373715)",S-4/A,https://www.sec.gov/Archives/edgar/data/1373715/000119312525118914/d210236ds4a.htm
artificial intelligence,False,DEFM14A,DEFM14A,2025-09-16,"GSR III Acquisition Corp.  (GSRT, GSRTR, GSRTU)  (CIK 0002029023)",PROXY STATEMENT,https://www.sec.gov/Archives/edgar/data/2029023/000121390025087991/ea0257523-01.htm
artificial intelligence,False,S-4,S-4,2025-12-08,"Blockfusion Data Centers, Inc.  (CIK 0002097508); Blockfusion USA, Inc.  (CIK 0001910992)",FORM S-4,https://www.sec.gov/Archives/edgar/data/2097508/000118518525001952/blockfusions4110825.htm
artificial intelligence,False,F-1/A,F-1/A,2025-02-19,SAGTEC GLOBAL Ltd  (SAGT)  (CIK 0002029138),REGISTRATION STATEMENT,https://www.sec.gov/Archives/edgar/data/2029138/000121390025015247/ea0211571-09.htm
artificial intelligence,True,8-K,EX-2.1,2025-07-23,Waystar Holding Corp.  (WAY)  (CIK 0001990354),EXHIBIT 2.1,https://www.sec.gov/Archives/edgar/data/1990354/000110465925070034/tm2521498d1_ex2-1.htm
artificial intelligence,False,PRE 14A,PRE 14A,2026-03-06,Motorsport Games Inc.  (MSGM)  (CIK 0001821175),PRE 14A,https://www.sec.gov/Archives/edgar/data/1821175/000149315226009203/formpre14a.htm
artificial intelligence,False,S-4/A,S-4/A,2025-06-26,Terra Innovatum Global S.R.L.  (NKLR)  (CIK 0002067627); GSR III Acquisition Corp.  (CIK 0002029023); Terra Innovatum s.r.l.  (CIK 0002067618),REGISTRATION STATEMENT,https://www.sec.gov/Archives/edgar/data/2067627/000121390025058019/ea0241384-02.htm
artificial intelligence,False,424B3,424B3,2025-06-23,GrabAGun Digital Holdings Inc.  (PEW)  (CIK 0002051380); Metroplex Trading Co LLC  (CIK 0002060559),PROSPECTUS,https://www.sec.gov/Archives/edgar/data/2051380/000121390025056770/ea0233554-10.htm
artificial intelligence,False,S-4/A,S-4/A,2025-06-20,GrabAGun Digital Holdings Inc.  (PEW)  (CIK 0002051380); Metroplex Trading Co LLC  (CIK 0002060559),REGISTRATION STATEMENT,https://www.sec.gov/Archives/edgar/data/2051380/000121390025056160/ea0233554-08.htm
artificial intelligence,False,DEF 14A,DEF 14A,2025-04-08,CONDUENT Inc  (CNDT)  (CIK 0001677703),DEF 14A,https://www.sec.gov/Archives/edgar/data/1677703/000167770325000062/cndt-20250407.htm
artificial intelligence,False,DRS/A,DRS/A,2026-07-23,Bitari Inc  (CIK 0002091680),,https://www.sec.gov/Archives/edgar/data/2091680/000118518526003096/filename1.htm
artificial intelligence,False,424B3,424B3,2025-08-05,InMed Pharmaceuticals Inc.  (INM)  (CIK 0001728328),PROSPECTUS,https://www.sec.gov/Archives/edgar/data/1728328/000121390025071758/ea0248871-424b3_inmed.htm
artificial intelligence,False,S-4,S-4,2026-05-14,"Iron Horse Acquisition II Corp.  (IRHO, IRHOR, IRHOU)  (CIK 0002051985); Electra Vehicles, Inc.  (CIK 0002134212)",REGISTRATION STATEMENT,https://www.sec.gov/Archives/edgar/data/2051985/000121390026056865/ea0289268-01.htm
artificial intelligence,False,485BPOS,485BPOS,2026-09-28,SHORT-TERM INVESTMENTS TRUST  (CIK 0000205007),485BPOS,https://www.sec.gov/Archives/edgar/data/205007/000110465926111404/tm2626183d1_485bpos.htm
artificial intelligence,True,DEFA14A,EX-2.1,2025-11-19,"SEMrush Holdings, Inc.  (SEMR)  (CIK 0001831840)",EXHIBIT 2.1,https://www.sec.gov/Archives/edgar/data/1831840/000095010325014984/dp237567_ex0201.htm
artificial intelligence,False,10-K,10-K,2025-08-04,"ConnectM Technology Solutions, Inc.  (CNTM)  (CIK 0001895249)",10-K,https://www.sec.gov/Archives/edgar/data/1895249/000155837025010044/cntm-20241231x10k.htm
artificial intelligence,False,DEF 14A,DEF 14A,2026-03-26,"PROG Holdings, Inc.  (PRG)  (CIK 0001808834)",DEF 14A PROXY 2025,https://www.sec.gov/Archives/edgar/data/1808834/000180883426000053/prg-20260326.htm
artificial intelligence,True,40-F,EX-99.1,2026-03-12,"Algoma Steel Group Inc.  (ASTL, ASTLW)  (CIK 0001860805)",EX-99.1,https://www.sec.gov/Archives/edgar/data/1860805/000119312526102628/d92446dex991.htm
artificial intelligence,False,DEF 14A,DEF 14A,2025-03-27,TERADATA CORP /DE/  (TDC)  (CIK 0000816761),DEF 14A,https://www.sec.gov/Archives/edgar/data/816761/000081676125000093/tdc-20250326.htm
artificial intelligence,False,S-4/A,S-4/A,2026-05-01,"Blockfusion Data Centers, Inc.  (BLDC)  (CIK 0002097508); Blockfusion USA, Inc.  (CIK 0001910992)",FORM S-4/A,https://www.sec.gov/Archives/edgar/data/2097508/000118518526001689/bldcs4a2031726.htm
artificial intelligence,False,ARS,ARS,2025-03-26,DraftKings Inc.  (DKNG)  (CIK 0001883685),ARS,https://www.sec.gov/Archives/edgar/data/1883685/000110465925028289/tm252515d4_ars.pdf
artificial intelligence,False,PREM14A,PREM14A,2026-07-17,"Identiv, Inc.  (INVE)  (CIK 0001036044)",PREM14A,https://www.sec.gov/Archives/edgar/data/1036044/000119312526307972/d103630dprem14a.htm
artificial intelligence,False,S-4/A,S-4/A,2025-07-15,Terra Innovatum Global S.R.L.  (NKLR)  (CIK 0002067627); GSR III Acquisition Corp.  (CIK 0002029023); Terra Innovatum s.r.l.  (CIK 0002067618),REGISTRATION STATEMENT,https://www.sec.gov/Archives/edgar/data/2067627/000121390025063846/ea0241384-04.htm
artificial intelligence,False,424B3,424B3,2025-09-16,Terra Innovatum Global S.R.L.  (NKLR)  (CIK 0002067627); GSR III Acquisition Corp.  (CIK 0002029023); Terra Innovatum s.r.l.  (CIK 0002067618),PROSPECTUS,https://www.sec.gov/Archives/edgar/data/2067627/000121390025087981/ea0241384-13.htm
artificial intelligence,False,20-F,20-F,2026-03-31,POET TECHNOLOGIES INC.  (POET)  (CIK 0001437424),20-F,https://www.sec.gov/Archives/edgar/data/1437424/000149315226014253/form20-f.htm
artificial intelligence,True,8-K,EX-2.1,2025-11-19,"SEMrush Holdings, Inc.  (SEMR)  (CIK 0001831840)",EXHIBIT 2.1,https://www.sec.gov/Archives/edgar/data/1831840/000095010325014983/dp237534_ex0201.htm
artificial intelligence,False,S-4/A,S-4/A,2025-09-11,Terra Innovatum Global S.R.L.  (NKLR)  (CIK 0002067627); GSR III Acquisition Corp.  (CIK 0002029023); Terra Innovatum s.r.l.  (CIK 0002067618),REGISTRATION STATEMENT,https://www.sec.gov/Archives/edgar/data/2067627/000121390025086741/ea0241384-10.htm
artificial intelligence,False,S-4/A,S-4/A,2025-06-16,GrabAGun Digital Holdings Inc.  (PEW)  (CIK 0002051380); Metroplex Trading Co LLC  (CIK 0002060559),REGISTRATION STATEMENT,https://www.sec.gov/Archives/edgar/data/2051380/000121390025054803/ea0233554-06.htm
artificial intelligence,False,DEFM14A,DEFM14A,2025-06-20,"COLOMBIER ACQUISITION CORP. II  (CLBR, CLBR-UN, CLBR-WT)  (CIK 0001995413)",PROXY STATEMENT,https://www.sec.gov/Archives/edgar/data/1995413/000121390025056297/ea0233554-09.htm
artificial intelligence,False,S-4/A,S-4/A,2025-09-03,Terra Innovatum Global S.R.L.  (NKLR)  (CIK 0002067627); GSR III Acquisition Corp.  (CIK 0002029023); Terra Innovatum s.r.l.  (CIK 0002067618),REGISTRATION STATEMENT,https://www.sec.gov/Archives/edgar/data/2067627/000121390025084087/ea0241384-08.htm
artificial intelligence,False,DEFM14A,DEFM14A,2026-08-07,"Identiv, Inc.  (INVE)  (CIK 0001036044)",DEFM14A,https://www.sec.gov/Archives/edgar/data/1036044/000119312526338993/d103630ddefm14a.htm
artificial intelligence,False,424B4,424B4,2025-03-07,SAGTEC GLOBAL Ltd  (SAGT)  (CIK 0002029138),PROSPECTUS,https://www.sec.gov/Archives/edgar/data/2029138/000121390025021563/ea0211571-11.htm
artificial intelligence,False,S-4/A,S-4/A,2025-04-29,GrabAGun Digital Holdings Inc.  (PEW)  (CIK 0002051380); Metroplex Trading Co LLC  (CIK 0002060559),REGISTRATION STATEMENT,https://www.sec.gov/Archives/edgar/data/2051380/000121390025036410/ea0233554-02.htm
artificial intelligence,False,POS AM,POS AM,2026-04-01,"Twenty One Capital, Inc.  (XXI)  (CIK 0002070457)",POST-EFFECTIVE AMENDMENT NO. 1 TO FORM S-1,https://www.sec.gov/Archives/edgar/data/2070457/000121390026037806/ea0282034-posam1_twenty.htm
artificial intelligence,False,N-CSR,N-CSR,2025-06-06,Voya Separate Portfolios Trust  (CIK 0001392116),N-CSR,https://www.sec.gov/Archives/edgar/data/1392116/000110465925057401/tm2514698d8_ncsr.htm
artificial intelligence,False,S-4/A,S-4/A,2026-06-30,"Blockfusion Digital Infrastructure, Inc.  (BLDC)  (CIK 0002097508); Blockfusion USA, Inc.  (CIK 0001910992)",FORM S-4/A,https://www.sec.gov/Archives/edgar/data/2097508/000118518526002745/bldcs4a3061126.htm
artificial intelligence,False,DRS,DRS,2025-12-12,AIR Holdings Ltd  (CIK 0002097725),,https://www.sec.gov/Archives/edgar/data/2097725/000119312525317314/filename1.htm
artificial intelligence,False,424B3,424B3,2026-04-07,"Twenty One Capital, Inc.  (XXI)  (CIK 0002070457)",PROSPECTUS,https://www.sec.gov/Archives/edgar/data/2070457/000121390026040725/ea0285344-424b3_twenty.htm
artificial intelligence,False,486BPOS,486BPOS,2026-06-25,Invesco Dynamic Credit Opportunity Fund  (CIK 0001860151),486BPOS,https://www.sec.gov/Archives/edgar/data/1860151/000110465926077696/tm2618489d1_486bpos.htm
artificial intelligence,False,S-4/A,S-4/A,2025-06-02,GrabAGun Digital Holdings Inc.  (PEW)  (CIK 0002051380); Metroplex Trading Co LLC  (CIK 0002060559),REGISTRATION STATEMENT,https://www.sec.gov/Archives/edgar/data/2051380/000121390025049615/ea0233554-04.htm
artificial intelligence,False,DEF 14A,DEF 14A,2026-03-31,"Macy's, Inc.  (M)  (CIK 0000794367)",DEF 14A,https://www.sec.gov/Archives/edgar/data/794367/000110465926037752/m-20260515xdef14a.htm
artificial intelligence,False,20-F,20-F,2025-04-30,Genius Group Ltd  (GNS)  (CIK 0001847806),,https://www.sec.gov/Archives/edgar/data/1847806/000164117225006794/form20-f.htm
artificial intelligence,False,DRS,DRS,2025-09-23,JOYBYTE HOLDINGS LIMITED  (CIK 0002083034),,https://www.sec.gov/Archives/edgar/data/2083034/000118518525001252/filename1.htm
artificial intelligence,False,DEF 14A,DEF 14A,2026-04-24,Vertiv Holdings Co  (VRT)  (CIK 0001674101),DEF 14A,https://www.sec.gov/Archives/edgar/data/1674101/000119312526174898/d18663ddef14a.htm
artificial intelligence,False,F-1/A,F-1/A,2025-12-04,MEDIAON GROUP INC.  (CIK 0002059702),F-1/A,https://www.sec.gov/Archives/edgar/data/2059702/000149315225026027/formf-1a.htm
artificial intelligence,False,DRS,DRS,2025-07-24,"Seahawk Recycling Holdings, Inc.  (CIK 0002075786)",,https://www.sec.gov/Archives/edgar/data/2075786/000121390025067275/filename1.htm
artificial intelligence,False,F-1,F-1,2025-12-03,MEDIAON GROUP INC.  (CIK 0002059702),F-1,https://www.sec.gov/Archives/edgar/data/2059702/000149315225025925/formf-1.htm
artificial intelligence,False,S-1,S-1,2026-09-18,"Fold Holdings, Inc.  (FLD, FLDDW)  (CIK 0001889123)",REGISTRATION STATEMENT,https://www.sec.gov/Archives/edgar/data/1889123/000121390026101444/ea0301910-01.htm
artificial intelligence,False,F-1,F-1,2025-09-25,"Seahawk Recycling Holdings, Inc.  (CIK 0002075786)",REGISTRATION STATEMENT,https://www.sec.gov/Archives/edgar/data/2075786/000121390025091701/ea0249320-04.htm
artificial intelligence,True,10-K,EX-10.9,2026-03-04,MIDDLEBY Corp  (MIDD)  (CIK 0000769520),EX-10.9,https://www.sec.gov/Archives/edgar/data/769520/000076952026000011/midd-ex109x20251326x10k.htm
artificial intelligence,False,6-K,6-K,2026-08-27,"PRUDENTIAL PLC  (PUK, PUKPF)  (CIK 0001116578)",6-K,https://www.sec.gov/Archives/edgar/data/1116578/000162828026059164/hyprelimreport.htm
artificial intelligence,False,DRS/A,DRS/A,2026-05-26,Bending Spoons S.p.A.  (CIK 0002004711),,https://www.sec.gov/Archives/edgar/data/2004711/000110465926066373/filename1.htm
artificial intelligence,False,6-K,6-K,2025-08-27,"PRUDENTIAL PLC  (PUK, PUKPF)  (CIK 0001116578)",FORM 6-K,https://www.sec.gov/Archives/edgar/data/1116578/000110465925083706/tm2523773d1_6k.htm
artificial intelligence,False,DRS/A,DRS/A,2025-09-11,MEDIAON GROUP INC.  (CIK 0002059702),,https://www.sec.gov/Archives/edgar/data/2059702/000164117225027118/filename1.htm
artificial intelligence,False,PREM14C,PREM14C,2025-07-03,Informatica Inc.  (INFA)  (CIK 0001868778),PREM14C,https://www.sec.gov/Archives/edgar/data/1868778/000119312525155517/d74603dprem14c.htm
artificial intelligence,False,DRS/A,DRS/A,2025-08-29,"Seahawk Recycling Holdings, Inc.  (CIK 0002075786)",,https://www.sec.gov/Archives/edgar/data/2075786/000121390025082696/filename1.htm
artificial intelligence,False,F-1/A,F-1/A,2025-11-24,"Seahawk Recycling Holdings, Inc.  (SEAH)  (CIK 0002075786)",REGISTRATION STATEMENT,https://www.sec.gov/Archives/edgar/data/2075786/000121390025113788/ea0249320-06.htm
artificial intelligence,False,497,497,2026-08-11,RBB Fund Trust  (CIK 0001618627),,https://www.sec.gov/Archives/edgar/data/1618627/000139834426013998/fp0100374-1_497.htm
artificial intelligence,False,F-1,F-1,2025-12-29,Riverstone Ltd  (CIK 0002062397),F-1,https://www.sec.gov/Archives/edgar/data/2062397/000149315225029305/formf-1.htm
artificial intelligence,False,ARS,ARS,2025-04-15,GARTNER INC  (IT)  (CIK 0000749251),ARS,https://www.sec.gov/Archives/edgar/data/749251/000074925125000022/gartnerinc2024annualreport.pdf
artificial intelligence,False,DEF 14A,DEF 14A,2025-04-29,UNITED THERAPEUTICS Corp  (UTHR)  (CIK 0001082554),DEFINITIVE PROXY STATEMENT,https://www.sec.gov/Archives/edgar/data/1082554/000108255425000014/uthr_courtesy-pdf.pdf
artificial intelligence,False,F-1/A,F-1/A,2026-06-12,"Seahawk Recycling Holdings, Inc.  (SEAH)  (CIK 0002075786)",REGISTRATION STATEMENT,https://www.sec.gov/Archives/edgar/data/2075786/000121390026068063/ea0249320-10.htm
artificial intelligence,False,DRS/A,DRS/A,2026-05-22,Bitari Inc  (CIK 0002091680),,https://www.sec.gov/Archives/edgar/data/2091680/000118518526002087/filename1.htm
artificial intelligence,False,DEFR14A,DEFR14A,2026-04-06,CONDUENT Inc  (CNDT)  (CIK 0001677703),DEFR14A,https://www.sec.gov/Archives/edgar/data/1677703/000167770326000049/cndt-20260406.htm
artificial intelligence,False,DEF 14A,DEF 14A,2026-03-18,ASSURED GUARANTY LTD  (AGO)  (CIK 0001273813),DEF 14A,https://www.sec.gov/Archives/edgar/data/1273813/000127381326000028/ago-20260318.htm
artificial intelligence,False,424B3,424B3,2026-04-13,"Bitcoin Depot Inc.  (BTM, BTMWW)  (CIK 0001901799)",424B3,https://www.sec.gov/Archives/edgar/data/1901799/000119312526151887/d336418d424b3.htm
artificial intelligence,False,S-1/A,S-1/A,2026-03-02,Long Table Growth Corp.  (LTGR)  (CIK 0002104177),REGISTRATION STATEMENT,https://www.sec.gov/Archives/edgar/data/2104177/000121390026022176/ea0272676-02.htm
artificial intelligence,False,DEFM14C,DEFM14C,2025-07-14,Informatica Inc.  (INFA)  (CIK 0001868778),DEFM14C,https://www.sec.gov/Archives/edgar/data/1868778/000119312525158774/d74603ddefm14c.htm
artificial intelligence,False,DEF 14A,DEF 14A,2026-04-03,CONDUENT Inc  (CNDT)  (CIK 0001677703),DEF 14A,https://www.sec.gov/Archives/edgar/data/1677703/000167770326000043/cndt-20260403.htm
artificial intelligence,True,8-K,EX-2.1,2025-03-04,Jamf Holding Corp.  (JAMF)  (CIK 0001721947),EX-2.1,https://www.sec.gov/Archives/edgar/data/1721947/000162828025009863/projectintrepid-unitpurcha.htm
artificial intelligence,False,10-K,10-K,2026-03-18,"Bitcoin Depot Inc.  (BTM, BTMWW)  (CIK 0001901799)",10-K,https://www.sec.gov/Archives/edgar/data/1901799/000119312526113938/btm-20251231.htm
artificial intelligence,True,8-K,EX-2.1,2025-04-16,"GeneDx Holdings Corp.  (WGS, WGSWW)  (CIK 0001818331)",EX-2.1,https://www.sec.gov/Archives/edgar/data/1818331/000181833125000057/projectflare-mergeragreeme.htm
artificial intelligence,False,F-1/A,F-1/A,2025-03-17,GenEmbryomics Ltd  (XGEN)  (CIK 0002038033),FORM F-1/A,https://www.sec.gov/Archives/edgar/data/2038033/000143774925007827/gene20250313_f1a.htm
artificial intelligence,False,425,425,2025-01-13,"Enfusion, Inc.  (ENFN)  (CIK 0001868912); Clearwater Analytics Holdings, Inc.  (CIK 0001866368)",425,https://www.sec.gov/Archives/edgar/data/1868912/000119312525004988/d921635d425.htm
artificial intelligence,True,8-K,EX-2.1,2026-04-28,"Pioneer Bancorp, Inc./MD  (PBFS)  (CIK 0001769663)",EX-2.1,https://www.sec.gov/Archives/edgar/data/1769663/000110465926049906/pbfs-20260424xex2d1.htm
artificial intelligence,False,F-1/A,F-1/A,2026-02-13,Zi Yun Dong Fang Ltd  (YLY)  (CIK 0002053115),F-1/A,https://www.sec.gov/Archives/edgar/data/2053115/000149315226006663/formf-1a.htm
artificial intelligence,False,DRS/A,DRS/A,2025-09-24,"BlockchAIn Digital Infrastructure, Inc.  (CIK 0002070542)",,https://www.sec.gov/Archives/edgar/data/2070542/000121390025091225/filename1.htm
artificial intelligence,True,6-K,EX-99.2,2025-03-31,"PAN AMERICAN SILVER CORP  (PAAS, PAASF)  (CIK 0000771992)",EX-99.2,https://www.sec.gov/Archives/edgar/data/771992/000077199225000027/a2025infocirc.htm
artificial intelligence,False,F-1,F-1,2026-06-08,Bending Spoons S.p.A.  (CIK 0002004711),F-1,https://www.sec.gov/Archives/edgar/data/2004711/000110465926071170/tm2613674-7_f1.htm
artificial intelligence,False,F-1,F-1,2025-07-11,KOKOBOTS GROUP  (CIK 0002045907),REGISTRATION STATEMENT,https://www.sec.gov/Archives/edgar/data/2045907/000121390025063114/ea0225390-06.htm
artificial intelligence,False,F-1/A,F-1/A,2026-06-22,Bending Spoons S.p.A.  (BSP)  (CIK 0002004711),F-1/A,https://www.sec.gov/Archives/edgar/data/2004711/000110465926076487/tm2613674-10_f1.htm
artificial intelligence,False,DRS/A,DRS/A,2025-09-26,Riverstone Ltd  (CIK 0002062397),,https://www.sec.gov/Archives/edgar/data/2062397/000149315225015051/filename1.htm
artificial intelligence,False,F-1/A,F-1/A,2026-01-23,KOKOBOTS GROUP  (KOKO)  (CIK 0002045907),REGISTRATION STATEMENT,https://www.sec.gov/Archives/edgar/data/2045907/000121390026007321/ea0225390-10.htm
artificial intelligence,False,DEFA14A,DEFA14A,2026-09-04,FLEX LTD.  (FLEX)  (CIK 0000866374),DEFA14A,https://www.sec.gov/Archives/edgar/data/866374/000119312526382496/d108491ddefa14a.htm
artificial intelligence,False,DRS,DRS,2025-07-15,MAINZ BIOMED N.V.  (MYNZ)  (CIK 0001874252),,https://www.sec.gov/Archives/edgar/data/1874252/000121390025064332/filename1.htm
artificial intelligence,False,F-1/A,F-1/A,2026-02-27,Zi Yun Dong Fang Ltd  (YLY)  (CIK 0002053115),F-1/A,https://www.sec.gov/Archives/edgar/data/2053115/000149315226008288/formf-1a.htm
artificial intelligence,False,424B4,424B4,2026-07-01,Bending Spoons S.p.A.  (BSP)  (CIK 0002004711),424B4,https://www.sec.gov/Archives/edgar/data/2004711/000110465926079884/tm2613674-14_424b4.htm
artificial intelligence,False,F-1/A,F-1/A,2025-12-03,Zi Yun Dong Fang Ltd  (YLY)  (CIK 0002053115),F-1/A,https://www.sec.gov/Archives/edgar/data/2053115/000149315225025933/formf-1a.htm
artificial intelligence,False,F-1,F-1,2025-07-30,MAINZ BIOMED N.V.  (MYNZ)  (CIK 0001874252),REGISTRATION STATEMENT,https://www.sec.gov/Archives/edgar/data/1874252/000121390025069318/ea0250631-f1_mainz.htm
artificial intelligence,False,F-1/A,F-1/A,2025-09-12,Zi Yun Dong Fang Ltd  (YLY)  (CIK 0002053115),F-1/A,https://www.sec.gov/Archives/edgar/data/2053115/000149315225013216/formf-1a.htm
artificial intelligence,False,F-1/A,F-1/A,2025-03-25,GenEmbryomics Ltd  (XGEN)  (CIK 0002038033),FORM F-1/A,https://www.sec.gov/Archives/edgar/data/2038033/000143774925009095/gene20250325_f1a.htm
artificial intelligence,False,425,425,2026-07-22,REPLIGEN CORP  (RGEN)  (CIK 0000730272),425,https://www.sec.gov/Archives/edgar/data/730272/000119312526311411/d141685d425.htm
artificial intelligence,False,DRS/A,DRS/A,2025-08-28,"BlockchAIn Digital Infrastructure, Inc.  (CIK 0002070542)",,https://www.sec.gov/Archives/edgar/data/2070542/000121390025081741/filename1.htm
artificial intelligence,False,S-4,S-4,2026-02-25,"Coursera, Inc.  (COUR)  (CIK 0001651562)",S-4,https://www.sec.gov/Archives/edgar/data/1651562/000114036126006778/ny20062436x1_s4.htm
artificial intelligence,True,40-F,EX-99.1,2026-03-31,Cardiol Therapeutics Inc.  (CRDL)  (CIK 0001702123),EX-99.1,https://www.sec.gov/Archives/edgar/data/1702123/000110465926037844/crdl-20251231xex99d1.htm
artificial intelligence,False,F-1/A,F-1/A,2025-10-01,Zi Yun Dong Fang Ltd  (YLY)  (CIK 0002053115),F-1/A,https://www.sec.gov/Archives/edgar/data/2053115/000149315225016425/formf-1a.htm
artificial intelligence,False,F-1/A,F-1/A,2025-05-14,MAINZ BIOMED N.V.  (MYNZ)  (CIK 0001874252),AMENDMENT NO. 1 TO FORM F-1,https://www.sec.gov/Archives/edgar/data/1874252/000121390025043331/ea0242243-f1a1_mainz.htm
artificial intelligence,False,DRS,DRS,2025-04-09,MAINZ BIOMED N.V.  (MYNZ)  (CIK 0001874252),,https://www.sec.gov/Archives/edgar/data/1874252/000121390025030364/filename1.htm
artificial intelligence,False,S-1/A,S-1/A,2026-08-27,"USBC, Inc.  (USBC)  (CIK 0001074828)",S-1/A,https://www.sec.gov/Archives/edgar/data/1074828/000107482826000074/usbc-20260827.htm
artificial intelligence,False,424B3,424B3,2026-03-10,"Coursera, Inc.  (COUR)  (CIK 0001651562)",424B3,https://www.sec.gov/Archives/edgar/data/1651562/000114036126008783/ny20062436x3_424b3.htm
artificial intelligence,False,F-1,F-1,2025-02-20,GenEmbryomics Ltd  (CIK 0002038033),FORM F-1,https://www.sec.gov/Archives/edgar/data/2038033/000143774925004473/gene20250215_f1.htm
artificial intelligence,False,ARS,ARS,2026-06-03,"CIRRUS LOGIC, INC.  (CRUS)  (CIK 0000772406)",ARS,https://www.sec.gov/Archives/edgar/data/772406/000077240626000026/fy26formars.pdf
artificial intelligence,False,S-1/A,S-1/A,2025-08-01,InMed Pharmaceuticals Inc.  (INM)  (CIK 0001728328),PRE-EFFECTIVE AMENDMENT NO. 1 TO FORM S-1,https://www.sec.gov/Archives/edgar/data/1728328/000121390025070112/ea0249334-s1a1_inmed.htm
artificial intelligence,False,424B4,424B4,2026-05-15,Iron Dome Acquisition I Corp.  (IDAC)  (CIK 0002090441),PROSPECTUS,https://www.sec.gov/Archives/edgar/data/2090441/000121390026057787/ea0261600-07.htm
artificial intelligence,False,S-1/A,S-1/A,2026-05-11,Iron Dome Acquisition I Corp.  (IDAC)  (CIK 0002090441),REGISTRATION STATEMENT,https://www.sec.gov/Archives/edgar/data/2090441/000121390026054599/ea0261600-06.htm
artificial intelligence,False,DRS,DRS,2025-07-08,"BlockchAIn Digital Infrastructure, Inc.  (CIK 0002070542)",,https://www.sec.gov/Archives/edgar/data/2070542/000121390025062019/filename1.htm
artificial intelligence,False,DRS/A,DRS/A,2025-05-12,MEDIAON GROUP INC.  (CIK 0002059702),,https://www.sec.gov/Archives/edgar/data/2059702/000164117225009735/filename1.htm
artificial intelligence,False,S-1,S-1,2026-08-05,BNB PLUS CORP.  (BNBX)  (CIK 0000744452),S-1,https://www.sec.gov/Archives/edgar/data/744452/000110465926091228/tmb-20260331xs1.htm
artificial intelligence,False,PRE 14A,PRE 14A,2026-05-01,"Corvex, Inc.  (MOVE)  (CIK 0001734750)",PRE 14A,https://www.sec.gov/Archives/edgar/data/1734750/000114036126018404/ny20066593x1_pre14a.htm
artificial intelligence,False,DEFM14A,DEFM14A,2026-03-10,"Udemy, Inc.  (UDMY)  (CIK 0001607939)",DEFM 14A,https://www.sec.gov/Archives/edgar/data/1607939/000114036126008785/ny20063463x1_defm14a.htm
artificial intelligence,False,DEF 14A,DEF 14A,2026-06-05,"Corvex, Inc.  (MOVE)  (CIK 0001734750)",DEF 14A,https://www.sec.gov/Archives/edgar/data/1734750/000114036126024310/ny20066593x3_def14a.htm
artificial intelligence,False,F-1,F-1,2025-05-14,MAINZ BIOMED N.V.  (MYNZ)  (CIK 0001874252),REGISTRATION STATEMENT,https://www.sec.gov/Archives/edgar/data/1874252/000121390025042989/ea0241950-f1_mainz.htm
artificial intelligence,False,DEF 14A,DEF 14A,2026-03-23,CME GROUP INC.  (CME)  (CIK 0001156375),DEF 14A,https://www.sec.gov/Archives/edgar/data/1156375/000162828026020500/cme-20260323.htm
artificial intelligence,False,DRS,DRS,2025-05-12,MEDIAON GROUP INC.  (CIK 0002059702),,https://www.sec.gov/Archives/edgar/data/2059702/000164117225009555/filename1.htm
artificial intelligence,True,40-F,EX-99.3,2026-02-12,TELUS CORP  (TU)  (CIK 0000868675),EXHIBIT-99.3,https://www.sec.gov/Archives/edgar/data/868675/000110465926013854/tu-20251231xex99d3.htm
artificial intelligence,False,DEF 14A,DEF 14A,2025-04-01,"Primerica, Inc.  (PRI)  (CIK 0001475922)",DEF 14A,https://www.sec.gov/Archives/edgar/data/1475922/000095017025048061/pri-20250326.htm
artificial intelligence,False,DRS/A,DRS/A,2026-03-02,Nuclea Energy Inc.  (CIK 0002101996),,https://www.sec.gov/Archives/edgar/data/2101996/000121390026022369/filename1.htm
artificial intelligence,False,PRE 14A,PRE 14A,2026-03-12,CME GROUP INC.  (CME)  (CIK 0001156375),PRE 14A,https://www.sec.gov/Archives/edgar/data/1156375/000162828026017236/cme-20260312.htm
artificial intelligence,False,486BPOS,486BPOS,2026-06-25,Invesco Senior Loan Fund  (CIK 0000853180),486BPOS,https://www.sec.gov/Archives/edgar/data/853180/000110465926077699/tm2618495d1_486bpos.htm
artificial intelligence,False,N-CSR,N-CSR,2025-03-10,VOYA GOVERNMENT MONEY MARKET PORTFOLIO  (CIK 0000002663),N-CSR,https://www.sec.gov/Archives/edgar/data/2663/000110465925022094/tm252795d7_ncsr.htm
artificial intelligence,True,8-K,EX-2.1,2026-05-28,"Caesars Entertainment, Inc.  (CZR)  (CIK 0001590895)",EX-2.1,https://www.sec.gov/Archives/edgar/data/1590895/000119312526242995/d143382dex21.htm
artificial intelligence,False,DRS/A,DRS/A,2026-02-12,Nuclea Energy Inc.  (CIK 0002101996),,https://www.sec.gov/Archives/edgar/data/2101996/000121390026015081/filename1.htm
artificial intelligence,False,DRS/A,DRS/A,2026-02-17,AIR Holdings Ltd  (CIK 0002097725); AIR Ltd  (CIK 0002109429),,https://www.sec.gov/Archives/edgar/data/2097725/000119312526051909/filename1.htm
artificial intelligence,False,425,425,2025-06-26,MRC GLOBAL INC.  (MRC)  (CIK 0001439095),425,https://www.sec.gov/Archives/edgar/data/1439095/000119312525149158/d75113d425.htm
artificial intelligence,False,DEF 14A,DEF 14A,2025-10-23,"SCANSOURCE, INC.  (SCSC)  (CIK 0000918965)",DEF 14A,https://www.sec.gov/Archives/edgar/data/918965/000119312525248757/d69135ddef14a.htm
artificial intelligence,True,8-K,EX-10.1,2025-09-26,TIPTREE INC.  (TIPT)  (CIK 0001393726),EX-10.1,https://www.sec.gov/Archives/edgar/data/1393726/000119312525218437/tipt-ex10_1.htm
artificial intelligence,False,PREM14A,PREM14A,2025-02-21,"LOGILITY SUPPLY CHAIN SOLUTIONS, INC  (LGTY)  (CIK 0000713425)",PREM 14A,https://www.sec.gov/Archives/edgar/data/713425/000114036125005488/ny20042527x1_prem14a.htm
artificial intelligence,False,10-K,10-K,2025-02-14,DraftKings Inc.  (DKNG)  (CIK 0001883685),10-K,https://www.sec.gov/Archives/edgar/data/1883685/000188368525000010/dkng-20241231.htm
artificial intelligence,False,DEFM14A,DEFM14A,2025-03-04,"LOGILITY SUPPLY CHAIN SOLUTIONS, INC  (LGTY)  (CIK 0000713425)",DEFM14A,https://www.sec.gov/Archives/edgar/data/713425/000114036125006872/ny20042527x2_defm14a.htm
artificial intelligence,False,N-CSR,N-CSR,2026-01-05,AIM INVESTMENT FUNDS (INVESCO INVESTMENT FUNDS)  (CIK 0000826644),10312025 AIF NCSR,https://www.sec.gov/Archives/edgar/data/826644/000119312526001679/8de4c3ad778d07c.htm
artificial intelligence,False,486BPOS,486BPOS,2025-06-26,Invesco Senior Loan Fund  (CIK 0000853180),486BPOS,https://www.sec.gov/Archives/edgar/data/853180/000110465925062977/tm2518864d1_486bpos.htm
artificial intelligence,False,S-1,S-1,2026-03-31,"Bitcoin Depot Inc.  (BTM, BTMWW)  (CIK 0001901799)",S-1,https://www.sec.gov/Archives/edgar/data/1901799/000119312526134687/d119639ds1.htm
artificial intelligence,False,DEFM14A,DEFM14A,2026-02-13,"Bakkt, Inc.  (BKKT, BKKT-WT)  (CIK 0001820302)",DEFM14A,https://www.sec.gov/Archives/edgar/data/1820302/000119312526051757/d766953ddefm14a.htm
artificial intelligence,False,S-1/A,S-1/A,2026-04-10,"Bitcoin Depot Inc.  (BTM, BTMWW)  (CIK 0001901799)",S-1/A,https://www.sec.gov/Archives/edgar/data/1901799/000119312526150385/d119639ds1a.htm
artificial intelligence,False,N-14,N-14,2026-08-25,RBB Fund Trust  (CIK 0001618627),,https://www.sec.gov/Archives/edgar/data/1618627/000139834426015548/fp0100600-1_n14.htm
artificial intelligence,False,DEF 14A,DEF 14A,2025-06-27,"LiveRamp Holdings, Inc.  (RAMP)  (CIK 0000733269)",DEF 14A,https://www.sec.gov/Archives/edgar/data/733269/000110465925063301/tm255764-4_def14a.htm
artificial intelligence,False,N-14/A,N-14/A,2026-07-22,RBB Fund Trust  (CIK 0001618627),,https://www.sec.gov/Archives/edgar/data/1618627/000139834426012485/fp0099930-1_n14a.htm
artificial intelligence,False,PREM14A,PREM14A,2026-02-04,"Bakkt, Inc.  (BKKT, BKKT-WT)  (CIK 0001820302)",PREM14A,https://www.sec.gov/Archives/edgar/data/1820302/000119312526036881/d766953dprem14a.htm
artificial intelligence,False,ARS,ARS,2026-04-10,Perella Weinberg Partners  (PWP)  (CIK 0001777835),ARS,https://www.sec.gov/Archives/edgar/data/1777835/000177783526000031/pwp2025formars-filed2026.pdf
artificial intelligence,False,N-14/A,N-14/A,2026-08-05,RBB Fund Trust  (CIK 0001618627),,https://www.sec.gov/Archives/edgar/data/1618627/000139834426013606/fp0100305-1_n14a.htm
artificial intelligence,False,424B3,424B3,2026-04-22,AIR Holdings Ltd  (AIIR)  (CIK 0002097725); AIR Ltd  (CIK 0002109429),424B3,https://www.sec.gov/Archives/edgar/data/2097725/000119312526170549/project_genesis_-_final_.htm
artificial intelligence,False,10-K,10-K,2025-03-04,"FUEL TECH, INC.  (FTEK)  (CIK 0000846913)",FORM 10-K,https://www.sec.gov/Archives/edgar/data/846913/000143774925006116/ftek20241231_10k.htm
artificial intelligence,True,10-Q,EX-2.2,2025-05-07,"IonQ, Inc.  (IONQ, IONQ-WT)  (CIK 0001824920)",EX-2.2,https://www.sec.gov/Archives/edgar/data/1824920/000095017025065699/ionq-ex2_2.htm
artificial intelligence,False,10-K,10-K,2026-02-25,"Apollo Global Management, Inc.  (APO, APOS, APO-PA)  (CIK 0001858681)",10-K,https://www.sec.gov/Archives/edgar/data/1858681/000185868126000013/apo-20251231.htm
artificial intelligence,False,S-1/A,S-1/A,2026-05-29,Long Table Growth Corp.  (LTGR)  (CIK 0002104177),REGISTRATION STATEMENT,https://www.sec.gov/Archives/edgar/data/2104177/000121390026062817/ea0272676-04.htm
artificial intelligence,False,424B4,424B4,2026-06-04,Long Table Growth Corp.  (LTGR)  (CIK 0002104177),PROSPECTUS,https://www.sec.gov/Archives/edgar/data/2104177/000121390026065344/ea0272676-05.htm
artificial intelligence,False,ARS,ARS,2026-07-02,"MONRO, INC.  (MNRO)  (CIK 0000876427)",ARS,https://www.sec.gov/Archives/edgar/data/876427/000119312526293572/d236096dars.pdf
artificial intelligence,False,DEFM14A,DEFM14A,2026-08-06,"Bleichroeder Acquisition Corp. II  (BBCQ, BBCQU, BBCQW)  (CIK 0002088295)",PROXY STATEMENT,https://www.sec.gov/Archives/edgar/data/2088295/000121390026085816/ea0300825-01.htm
artificial intelligence,False,F-4/A,F-4/A,2026-07-31,Bleichroeder Acquisition France Merger Sub 2  (PSQL)  (CIK 0002119292); Pasqal Holding SAS  (CIK 0002122325); Bleichroeder Acquisition Corp. II  (CIK 0002088295),REGISTRATION STATEMENT,https://www.sec.gov/Archives/edgar/data/2119292/000121390026084072/ea0282861-08.htm
artificial intelligence,False,424B3,424B3,2026-08-05,Bleichroeder Acquisition France Merger Sub 2  (PSQL)  (CIK 0002119292); Pasqal Holding SAS  (CIK 0002122325); Bleichroeder Acquisition Corp. II  (CIK 0002088295),PROSPECTUS,https://www.sec.gov/Archives/edgar/data/2119292/000121390026085694/ea0282861-11.htm
artificial intelligence,True,8-K,EX-2.1,2026-02-02,DEVON ENERGY CORP/DE  (DVN)  (CIK 0001090012),EX-2.1,https://www.sec.gov/Archives/edgar/data/1090012/000119312526032720/d75203dex21.htm
artificial intelligence,False,PRER14A,PRER14A,2026-05-27,"Corvex, Inc.  (MOVE)  (CIK 0001734750)",PRER14A,https://www.sec.gov/Archives/edgar/data/1734750/000114036126023007/ny20066593x2_prer14a.htm
artificial intelligence,False,F-4,F-4,2026-03-27,AIR Holdings Ltd  (CIK 0002097725); AIR Ltd  (CIK 0002109429),F-4,https://www.sec.gov/Archives/edgar/data/2097725/000119312526129446/ck0002097725-20260327.htm
artificial intelligence,False,F-4/A,F-4/A,2026-04-14,AIR Holdings Ltd  (AIIR)  (CIK 0002097725); AIR Ltd  (CIK 0002109429),F-4/A,https://www.sec.gov/Archives/edgar/data/2097725/000119312526155085/project_genesis_-_f-4a1.htm
artificial intelligence,False,F-4/A,F-4/A,2026-04-17,AIR Holdings Ltd  (AIIR)  (CIK 0002097725); AIR Ltd  (CIK 0002109429),F-4/A,https://www.sec.gov/Archives/edgar/data/2097725/000119312526161808/ck0002097725-20260417.htm
artificial intelligence,False,N-14/A,N-14/A,2026-06-18,RBB Fund Trust  (CIK 0001618627),,https://www.sec.gov/Archives/edgar/data/1618627/000139834426011051/fp0099153-1_n14a.htm
artificial intelligence,False,PRE 14A,PRE 14A,2026-06-08,"Cycurion, Inc.  (CYCU, CYCUW)  (CIK 0001868419)",PRE 14A,https://www.sec.gov/Archives/edgar/data/1868419/000149315226027759/formpre14a.htm
artificial intelligence,False,10-K,10-K,2026-03-03,"FUEL TECH, INC.  (FTEK)  (CIK 0000846913)",FORM 10-K,https://www.sec.gov/Archives/edgar/data/846913/000143774926006623/ftek20251231_10k.htm
artificial intelligence,False,DEF 14A,DEF 14A,2025-04-03,"RELIANCE, INC.  (RS)  (CIK 0000861884)",DEF 14A,https://www.sec.gov/Archives/edgar/data/861884/000110465925031739/tm252301-5_def14a.htm
artificial intelligence,False,F-4/A,F-4/A,2026-07-23,Bleichroeder Acquisition France Merger Sub 2  (PSQL)  (CIK 0002119292); Pasqal Holding SAS  (CIK 0002122325); Bleichroeder Acquisition Corp. II  (CIK 0002088295),REGISTRATION STATEMENT,https://www.sec.gov/Archives/edgar/data/2119292/000121390026080591/ea0282861-06.htm
artificial intelligence,False,10-K,10-K,2026-05-27,"MONRO, INC.  (MNRO)  (CIK 0000876427)",10-K,https://www.sec.gov/Archives/edgar/data/876427/000087642726000007/mnro-20260328x10k.htm
artificial intelligence,False,DRS,DRS,2025-04-11,Riverstone Ltd  (CIK 0002062397),,https://www.sec.gov/Archives/edgar/data/2062397/000164117225003767/filename1.htm
artificial intelligence,False,425,425,2026-06-11,DANA Inc  (DAN)  (CIK 0000026780),425,https://www.sec.gov/Archives/edgar/data/26780/000119312526267647/d71897d425.htm
artificial intelligence,False,DRS,DRS,2025-03-10,"Invea Therapeutics, Inc  (CIK 0001906425)",,https://www.sec.gov/Archives/edgar/data/1906425/000121390025022187/filename1.htm
artificial intelligence,False,DEF 14A,DEF 14A,2026-04-02,"RELIANCE, INC.  (RS)  (CIK 0000861884)",DEF 14A,https://www.sec.gov/Archives/edgar/data/861884/000110465926039140/tm2531976-2_def14a.htm
artificial intelligence,False,S-4/A,S-4/A,2026-05-05,"SRx Health Solutions, Inc.  (SRXH)  (CIK 0001471727)",S-4/A,https://www.sec.gov/Archives/edgar/data/1471727/000149315226021307/forms-4a.htm
artificial intelligence,False,S-4,S-4,2026-09-23,PATRICK INDUSTRIES INC  (PATK)  (CIK 0000076605),S-4,https://www.sec.gov/Archives/edgar/data/76605/000162828026063259/patrickindustries-sx4.htm
artificial intelligence,False,10-K,10-K,2025-03-14,"Hancock Park Corporate Income, Inc.  (CIK 0001661306)",10-K,https://www.sec.gov/Archives/edgar/data/1661306/000166130625000013/hpci-20241231.htm
artificial intelligence,False,N-CSR,N-CSR,2025-03-10,Voya VARIABLE FUNDS  (CIK 0000002664),N-CSR,https://www.sec.gov/Archives/edgar/data/2664/000110465925022078/tm252795d9_ncsr.htm
artificial intelligence,False,N-CSR,N-CSR,2026-03-09,VOYA GOVERNMENT MONEY MARKET PORTFOLIO  (CIK 0000002663),N-CSR,https://www.sec.gov/Archives/edgar/data/2663/000110465926025186/tm263417d6_ncsr.htm
artificial intelligence,False,10-K,10-K,2026-03-13,"Hancock Park Corporate Income, Inc.  (CIK 0001661306)",10-K,https://www.sec.gov/Archives/edgar/data/1661306/000166130626000023/hpci-20251231.htm
artificial intelligence,False,424B4,424B4,2026-06-18,"bioAffinity Technologies, Inc.  (BIAF, BIAFW)  (CIK 0001712762)",424B4,https://www.sec.gov/Archives/edgar/data/1712762/000149315226029206/form424b4.htm
artificial intelligence,False,S-1,S-1,2025-12-08,AfterNext Acquisition I Corp.  (CIK 0002087035),S-1,https://www.sec.gov/Archives/edgar/data/2087035/000149315225026667/forms-1.htm
artificial intelligence,True,8-K,EX-2.1,2026-02-02,Coterra Energy Inc.  (CTRA)  (CIK 0000858470),EXHIBIT 2.1,https://www.sec.gov/Archives/edgar/data/858470/000110465926008979/tm264761d1_ex2-1.htm
artificial intelligence,False,DEFA14A,DEFA14A,2026-05-28,"Caesars Entertainment, Inc.  (CZR)  (CIK 0001590895)",DEFA14A,https://www.sec.gov/Archives/edgar/data/1590895/000119312526242998/d143382ddefa14a.htm
artificial intelligence,True,425,EX-2.1,2026-02-02,DEVON ENERGY CORP/DE  (DVN)  (CIK 0001090012); Coterra Energy Inc.  (CIK 0000858470),EXHIBIT 2.1,https://www.sec.gov/Archives/edgar/data/1090012/000110465926008982/tm264761d2_ex2-1.htm
artificial intelligence,False,S-1/A,S-1/A,2026-01-20,AfterNext Acquisition I Corp.  (AFNX)  (CIK 0002087035),S-1/A,https://www.sec.gov/Archives/edgar/data/2087035/000149315226002829/forms-1a.htm
artificial intelligence,False,N-CSR,N-CSR,2025-03-10,Voya INTERMEDIATE BOND PORTFOLIO  (CIK 0000002646),N-CSR,https://www.sec.gov/Archives/edgar/data/2646/000110465925022077/tm252795d6_ncsr.htm
artificial intelligence,False,ARS,ARS,2026-08-19,"Hancock Park Corporate Income, Inc.  (CIK 0001661306)",ARS,https://www.sec.gov/Archives/edgar/data/1661306/000166130626000079/hpci_annual_report_2025_.pdf
artificial intelligence,False,10-K,10-K,2026-03-31,"Cycurion, Inc.  (CYCU, CYCUW)  (CIK 0001868419)",10-K,https://www.sec.gov/Archives/edgar/data/1868419/000186841926000010/cycu-20251231.htm
artificial intelligence,False,F-1/A,F-1/A,2025-09-05,Diginex Ltd  (DGNX)  (CIK 0002010499),F-1/A,https://www.sec.gov/Archives/edgar/data/2010499/000164117225026615/formf-1a.htm
artificial intelligence,False,DEF 14A,DEF 14A,2026-04-21,SEMTECH CORP  (SMTC)  (CIK 0000088941),DEF 14A,https://www.sec.gov/Archives/edgar/data/88941/000114036126015949/ny20064946x771_def14a.htm
artificial intelligence,False,424B3,424B3,2026-05-07,"SRx Health Solutions, Inc.  (SRXH)  (CIK 0001471727)",424B3,https://www.sec.gov/Archives/edgar/data/1471727/000149315226021743/form424b3.htm
artificial intelligence,True,C/A,EX-99,2025-08-18,"IOTACOMM, INC.  (CIK 0001095130)",FORM C/A AND EXHIBITS,https://www.sec.gov/Archives/edgar/data/1095130/000106299325014551/formca.pdf
artificial intelligence,False,DEF 14A,DEF 14A,2026-04-22,"Cantor Equity Partners III, Inc.  (CAEP)  (CIK 0002034268)",DEF 14A,https://www.sec.gov/Archives/edgar/data/2034268/000119312526170505/caep_def_14a.htm
artificial intelligence,False,10-K,10-K,2025-03-31,"CISO Global, Inc.  (CISO)  (CIK 0001777319)",,https://www.sec.gov/Archives/edgar/data/1777319/000164117225001660/form10-k.htm
artificial intelligence,False,20-F,20-F,2026-04-30,Nebius Group N.V.  (NBIS)  (CIK 0001513845),20-F,https://www.sec.gov/Archives/edgar/data/1513845/000110465926052948/nbis-20251231x20f.htm
artificial intelligence,False,S-1/A,S-1/A,2026-03-02,AfterNext Acquisition I Corp.  (AFNX)  (CIK 0002087035),S-1/A,https://www.sec.gov/Archives/edgar/data/2087035/000149315226008494/forms-1a.htm
artificial intelligence,False,S-1/A,S-1/A,2026-03-19,AfterNext Acquisition I Corp.  (AFNX)  (CIK 0002087035),S-1/A,https://www.sec.gov/Archives/edgar/data/2087035/000149315226011384/forms-1a.htm
artificial intelligence,False,DEFM14A,DEFM14A,2026-09-29,"DoubleVerify Holdings, Inc.  (DV)  (CIK 0001819928)",DEFM14A,https://www.sec.gov/Archives/edgar/data/1819928/000110465926111962/tm2621904-12_defm14a.htm
artificial intelligence,False,F-1,F-1,2025-07-28,Diginex Ltd  (DGNX)  (CIK 0002010499),F-1,https://www.sec.gov/Archives/edgar/data/2010499/000164117225021080/formf-1.htm
artificial intelligence,False,DEF 14A,DEF 14A,2026-09-23,"NEWS CORP  (NWS, NWSA, NWSLL)  (CIK 0001564708)",FORM- DEF 14A,https://www.sec.gov/Archives/edgar/data/1564708/000110465926109969/tm2624691-1_def14a.htm
artificial intelligence,False,DEFA14A,DEFA14A,2026-04-23,"TruBridge, Inc.  (TBRG)  (CIK 0001169445)",DEFA14A,https://www.sec.gov/Archives/edgar/data/1169445/000119312526172148/d46312ddefa14a.htm
artificial intelligence,True,SC TO-T,EX-99.(A)(1)(A),2026-03-30,"Urgent.ly Inc.  (ULY, ULYX)  (CIK 0001603652); Agero, Inc.  (CIK 0002124706)",EX-99.(A)(1)(A),https://www.sec.gov/Archives/edgar/data/1603652/000119312526131754/d132042dex99a1a.htm
artificial intelligence,False,10-K,10-K,2026-02-27,Perella Weinberg Partners  (PWP)  (CIK 0001777835),10-K,https://www.sec.gov/Archives/edgar/data/1777835/000177783526000022/pwp-20251231.htm
artificial intelligence,False,20-F,20-F,2025-06-10,"NWTN, Inc.  (NWTN, NWTNW)  (CIK 0001932737)",ANNUAL REPORT,https://www.sec.gov/Archives/edgar/data/1932737/000121390025052905/ea0245063-20f_nwtninc.htm
artificial intelligence,False,F-1/A,F-1/A,2025-08-11,Zi Yun Dong Fang Ltd  (YLY)  (CIK 0002053115),,https://www.sec.gov/Archives/edgar/data/2053115/000164117225022861/formf-1a.htm
artificial intelligence,False,F-1/A,F-1/A,2026-04-27,Zi Yun Dong Fang Ltd  (YLY)  (CIK 0002053115),F-1/A,https://www.sec.gov/Archives/edgar/data/2053115/000149315226019131/formf-1a.htm
artificial intelligence,False,424B3,424B3,2025-04-30,"Getty Images Holdings, Inc.  (GETY)  (CIK 0001898496)",PROSPECTUS,https://www.sec.gov/Archives/edgar/data/1898496/000121390025037626/ea0235881-03.htm
artificial intelligence,False,F-1/A,F-1/A,2026-05-22,"Seahawk Recycling Holdings, Inc.  (SEAH)  (CIK 0002075786)",REGISTRATION STATEMENT,https://www.sec.gov/Archives/edgar/data/2075786/000121390026060634/ea0249320-09.htm
artificial intelligence,False,ARS,ARS,2025-07-15,"XBP Europe Holdings, Inc.  (XBP, XBPEW)  (CIK 0001839530)",ARS,https://www.sec.gov/Archives/edgar/data/1839530/000110465925068146/tm2520400d3_ars.pdf
artificial intelligence,False,PREM14A,PREM14A,2026-09-11,"DoubleVerify Holdings, Inc.  (DV)  (CIK 0001819928)",PREM14A,https://www.sec.gov/Archives/edgar/data/1819928/000110465926107126/tm2621904-10_prem14a.htm
artificial intelligence,False,DEFM14C,DEFM14C,2025-02-18,"PAYCOR HCM, INC.  (PYCR)  (CIK 0001839439)",DEFM14C,https://www.sec.gov/Archives/edgar/data/1839439/000119312525028124/d918083ddefm14c.htm
artificial intelligence,False,DRS,DRS,2025-11-12,"Securitize Holdings, Inc.  (CIK 0002094496); Securitize, Inc.  (CIK 0001762096)",,https://www.sec.gov/Archives/edgar/data/2094496/000121390025108962/filename1.htm
artificial intelligence,False,DRS/A,DRS/A,2025-12-23,KRAKacquisition Corp  (CIK 0002082119),,https://www.sec.gov/Archives/edgar/data/2082119/000114036125046585/filename1.htm
artificial intelligence,False,F-1/A,F-1/A,2025-07-28,Zi Yun Dong Fang Ltd  (YLY)  (CIK 0002053115),F-1/A,https://www.sec.gov/Archives/edgar/data/2053115/000164117225021202/formf-1a.htm
artificial intelligence,False,DEFM14A,DEFM14A,2025-04-30,"Shutterstock, Inc.  (SSTK)  (CIK 0001549346)",PROXY STATEMENT,https://www.sec.gov/Archives/edgar/data/1549346/000121390025037645/ea0239849-01.htm
artificial intelligence,False,10-Q,10-Q,2026-05-07,"BEYOND MEAT, INC.  (BYND)  (CIK 0001655210)",10-Q BYND Q1 2026,https://www.sec.gov/Archives/edgar/data/1655210/000165521026000037/bynd-20260328.htm
artificial intelligence,False,S-1,S-1,2026-01-12,KRAKacquisition Corp  (CIK 0002082119),S-1,https://www.sec.gov/Archives/edgar/data/2082119/000114036126000997/ny20054630x5_s1.htm
artificial intelligence,False,20-F,20-F,2025-02-20,"HSBC HOLDINGS PLC  (HSBC, HBCYF)  (CIK 0001089113)",20-F,https://www.sec.gov/Archives/edgar/data/1089113/000108911325000040/hsbc-20241231.htm
artificial intelligence,False,F-1/A,F-1/A,2026-05-28,Zi Yun Dong Fang Ltd  (YLY)  (CIK 0002053115),F-1/A,https://www.sec.gov/Archives/edgar/data/2053115/000149315226025465/formf-1a.htm
artificial intelligence,False,F-1/A,F-1/A,2026-01-07,"Seahawk Recycling Holdings, Inc.  (SEAH)  (CIK 0002075786)",REGISTRATION STATEMENT,https://www.sec.gov/Archives/edgar/data/2075786/000121390026002141/ea0249320-08.htm
artificial intelligence,False,DRS/A,DRS/A,2025-09-19,Gigabit Inc.  (CIK 0002066522),,https://www.sec.gov/Archives/edgar/data/2066522/000149315225014136/filename1.htm
artificial intelligence,False,S-4,S-4,2025-03-31,"Getty Images Holdings, Inc.  (GETY)  (CIK 0001898496)",REGISTRATION STATEMENT,https://www.sec.gov/Archives/edgar/data/1898496/000101376225004383/ea0235881-01.htm
artificial intelligence,False,S-4/A,S-4/A,2025-04-28,"Getty Images Holdings, Inc.  (GETY)  (CIK 0001898496)",REGISTRATION STATEMENT,https://www.sec.gov/Archives/edgar/data/1898496/000121390025036138/ea0235881-02.htm
artificial intelligence,False,424B3,424B3,2025-05-12,"Heritage Distilling Holding Company, Inc.  (CASK)  (CIK 0001788230)",424B3,https://www.sec.gov/Archives/edgar/data/1788230/000164117225009684/form424b3.htm
artificial intelligence,False,F-1/A,F-1/A,2026-08-21,UDynamics Ltd  (CIK 0002097903),REGISTRATION STATEMENT,https://www.sec.gov/Archives/edgar/data/2097903/000121390026092454/ea0264362-07.htm
artificial intelligence,False,DEFM14C,DEFM14C,2025-12-31,BKV Corp  (BKV)  (CIK 0001838406),DEFM14C,https://www.sec.gov/Archives/edgar/data/1838406/000110465925125379/tm2533064-2_defm14c.htm
artificial intelligence,False,424B4,424B4,2026-01-29,KRAKacquisition Corp  (KRAQ)  (CIK 0002082119),424B4,https://www.sec.gov/Archives/edgar/data/2082119/000114036126002712/ny20054630x6_424b4.htm
artificial intelligence,False,PREM14C,PREM14C,2025-02-05,"PAYCOR HCM, INC.  (PYCR)  (CIK 0001839439)",PREM14C,https://www.sec.gov/Archives/edgar/data/1839439/000119312525020889/d918083dprem14c.htm
artificial intelligence,False,DEF 14A,DEF 14A,2026-04-01,"Ventas, Inc.  (VTR)  (CIK 0000740260)",DEF 14A,https://www.sec.gov/Archives/edgar/data/740260/000074026026000010/vtr-20260401.htm
artificial intelligence,False,DEFA14A,DEFA14A,2025-09-23,QUANTUM CORP /DE/  (QMCO)  (CIK 0000709283),DEFA14A,https://www.sec.gov/Archives/edgar/data/709283/000119312525212384/d12850ddefa14a.htm
artificial intelligence,False,PREM14A,PREM14A,2026-09-15,"Weave Communications, Inc.  (WEAV)  (CIK 0001609151)",PREM14A,https://www.sec.gov/Archives/edgar/data/1609151/000114036126036669/ny20081403x1_prem14a.htm
artificial intelligence,False,DEF 14A,DEF 14A,2025-04-23,OneSpan Inc.  (OSPN)  (CIK 0001044777),DEF 14A,https://www.sec.gov/Archives/edgar/data/1044777/000162828025019338/ospn-20250423.htm
artificial intelligence,True,SC 13E3/A,EX-99.(A)(3)(1),2025-09-23,"ONECONNECT FINANCIAL TECHNOLOGY CO., LTD.  (OCFT)  (CIK 0001780531)",EXHIBIT (A)(3)(1),https://www.sec.gov/Archives/edgar/data/1780531/000110465925092283/tm2519685d8_ex99-a31.htm
artificial intelligence,False,DEF 14A,DEF 14A,2026-04-30,Brookdale Senior Living Inc.  (BKD)  (CIK 0001332349),DEF 14A,https://www.sec.gov/Archives/edgar/data/1332349/000119312526197412/d949610ddef14a.htm
artificial intelligence,False,DRS,DRS,2025-01-10,KOKOBOTS GROUP  (CIK 0002045907),,https://www.sec.gov/Archives/edgar/data/2045907/000121390025002616/filename1.htm
artificial intelligence,False,DEFM14A,DEFM14A,2026-09-25,"Weave Communications, Inc.  (WEAV)  (CIK 0001609151)",DEFM14A,https://www.sec.gov/Archives/edgar/data/1609151/000114036126037628/ny20081403x2_defm14a.htm
artificial intelligence,True,8-K,EX-2.1,2026-01-06,Mobileye Global Inc.  (MBLY)  (CIK 0001910139),EXHIBIT 2.1,https://www.sec.gov/Archives/edgar/data/1910139/000110465926001340/tm261864d1_ex2-1.htm
artificial intelligence,True,SC 13E3,EX-99.(A)(3)(1),2025-07-18,"ONECONNECT FINANCIAL TECHNOLOGY CO., LTD.  (OCFT)  (CIK 0001780531)",EXHIBIT (A)(3)(1),https://www.sec.gov/Archives/edgar/data/1780531/000110465925069015/tm2519685d1_ex99-a31.htm
artificial intelligence,False,POS AM,POS AM,2026-02-13,Aeon Acquisition I Corp.  (AESP)  (CIK 0002082526),POS AM,https://www.sec.gov/Archives/edgar/data/2082526/000149315226006516/formposam.htm
artificial intelligence,False,N-CSR,N-CSR,2026-03-09,Voya VARIABLE FUNDS  (CIK 0000002664),N-CSR,https://www.sec.gov/Archives/edgar/data/2664/000110465926025220/tm263417d7_ncsr.htm
artificial intelligence,False,S-4/A,S-4/A,2026-05-20,"Securitize Holdings, Inc.  (SECZ)  (CIK 0002094496); Securitize, Inc.  (CIK 0001762096)",REGISTRATION STATEMENT,https://www.sec.gov/Archives/edgar/data/2094496/000121390026059300/ea0264119-09.htm
artificial intelligence,False,DRS/A,DRS/A,2025-03-07,KOKOBOTS GROUP  (CIK 0002045907),,https://www.sec.gov/Archives/edgar/data/2045907/000121390025021671/filename1.htm
artificial intelligence,False,DRS/A,DRS/A,2025-02-11,"AIRO Group Holdings, Inc.  (CIK 0001927958)",,https://www.sec.gov/Archives/edgar/data/1927958/000149315225005954/filename1.htm
artificial intelligence,False,DRS/A,DRS/A,2025-01-16,"AIRO Group Holdings, Inc.  (CIK 0001927958)",,https://www.sec.gov/Archives/edgar/data/1927958/000149315225002580/filename1.htm
artificial intelligence,False,PRE 14A,PRE 14A,2026-06-17,"Cycurion, Inc.  (CYCU, CYCUW)  (CIK 0001868419)",PRE 14A,https://www.sec.gov/Archives/edgar/data/1868419/000149315226029089/formpre14a.htm
artificial intelligence,True,SC 13E3/A,EX-99.(A)(3)(1),2025-09-02,"ONECONNECT FINANCIAL TECHNOLOGY CO., LTD.  (OCFT)  (CIK 0001780531)",EXHIBIT (A)(3)(1),https://www.sec.gov/Archives/edgar/data/1780531/000110465925086028/tm2519685d6_ex99-a31.htm
artificial intelligence,False,DEF 14A,DEF 14A,2026-06-30,"Cycurion, Inc.  (CYCU, CYCUW)  (CIK 0001868419)",DEF 14A,https://www.sec.gov/Archives/edgar/data/1868419/000149315226031311/formdef14a.htm
artificial intelligence,False,DEF 14A,DEF 14A,2026-04-22,"Robinhood Markets, Inc.  (HOOD)  (CIK 0001783879)",DEF 14A,https://www.sec.gov/Archives/edgar/data/1783879/000178387926000053/hood-20260422.htm
artificial intelligence,False,424B3,424B3,2026-06-05,"Securitize Holdings, Inc.  (SECZ)  (CIK 0002094496); Securitize, Inc.  (CIK 0001762096)",PROSPECTUS,https://www.sec.gov/Archives/edgar/data/2094496/000121390026065825/ea0264119-11.htm
artificial intelligence,False,PREM14C,PREM14C,2025-12-19,BKV Corp  (BKV)  (CIK 0001838406),PREM14C,https://www.sec.gov/Archives/edgar/data/1838406/000110465925123121/tm2533064-1_prem14c.htm
artificial intelligence,False,F-1,F-1,2026-02-27,UDynamics Ltd  (CIK 0002097903),REGISTRATION STATEMENT,https://www.sec.gov/Archives/edgar/data/2097903/000121390026021223/ea0264362-04.htm
artificial intelligence,True,8-K,EX-2.1,2025-09-25,MID PENN BANCORP INC  (MPB)  (CIK 0000879635),EX-2.1,https://www.sec.gov/Archives/edgar/data/879635/000119312525217444/d59054dex21.htm
artificial intelligence,True,SC 13E3/A,EX-99.(A)(3)(1),2025-08-15,"ONECONNECT FINANCIAL TECHNOLOGY CO., LTD.  (OCFT)  (CIK 0001780531)",EXHIBIT (A)(3)(1),https://www.sec.gov/Archives/edgar/data/1780531/000110465925078997/tm2519685d3_ex99-a31.htm
artificial intelligence,False,424B3,424B3,2026-04-14,"Rumble Inc.  (RUM, RUMBW)  (CIK 0001830081)",PROSPECTUS,https://www.sec.gov/Archives/edgar/data/1830081/000121390026043617/ea0270012-04.htm
artificial intelligence,False,DRS,DRS,2025-04-10,"Dror Ortho-Design, Inc.  (DROR)  (CIK 0001282980)",,https://www.sec.gov/Archives/edgar/data/1282980/000121390025030681/filename1.htm
artificial intelligence,False,F-1,F-1,2025-08-15,"SMX (Security Matters) Public Ltd Co  (SMX, SMXWW)  (CIK 0001940674)",F-1,https://www.sec.gov/Archives/edgar/data/1940674/000164117225024377/formf-1.htm
artificial intelligence,False,DEFM14A,DEFM14A,2026-06-05,"Cantor Equity Partners II, Inc.  (CEPT)  (CIK 0002034269)",PROXY STATEMENT,https://www.sec.gov/Archives/edgar/data/2034269/000121390026065822/ea0293597-01.htm
artificial intelligence,False,10-K,10-K,2025-03-07,SL Investment Fund II LLC  (CIK 0002028686),10-K,https://www.sec.gov/Archives/edgar/data/2028686/000202868625000012/slic-20241231.htm
artificial intelligence,False,DEF 14A,DEF 14A,2025-04-29,NOVAVAX INC  (NVAX)  (CIK 0001000694),DEF 14A,https://www.sec.gov/Archives/edgar/data/1000694/000100069425000013/nvax-20250429.htm
artificial intelligence,False,DEFM14A,DEFM14A,2026-08-11,AUDDIA INC.  (AUUD)  (CIK 0001554818),DEFINITIVE PROXY RELATING TO MERGER,https://www.sec.gov/Archives/edgar/data/1554818/000168316826006211/auddia_defm14a.htm
artificial intelligence,False,20-F,20-F,2025-03-25,"Shell plc  (SHEL, RYDAF)  (CIK 0001306965)",20-F,https://www.sec.gov/Archives/edgar/data/1306965/000130696525000007/shel-20241231.htm
artificial intelligence,False,S-4/A,S-4/A,2026-05-08,"Securitize Holdings, Inc.  (SECZ)  (CIK 0002094496); Securitize, Inc.  (CIK 0001762096)",REGISTRATION STATEMENT,https://www.sec.gov/Archives/edgar/data/2094496/000121390026053457/ea0264119-07.htm
artificial intelligence,False,S-4/A,S-4/A,2026-04-13,"Securitize Holdings, Inc.  (SECZ)  (CIK 0002094496); Securitize, Inc.  (CIK 0001762096)",REGISTRATION STATEMENT,https://www.sec.gov/Archives/edgar/data/2094496/000121390026042685/ea0264119-04.htm
artificial intelligence,False,DRS/A,DRS/A,2025-07-24,"TG-17, Inc.  (CIK 0001756064)",,https://www.sec.gov/Archives/edgar/data/1756064/000164117225020757/filename1.htm
artificial intelligence,True,8-K,EX-2.1,2026-01-15,Penumbra Inc  (PEN)  (CIK 0001321732),EXHIBIT 2.1,https://www.sec.gov/Archives/edgar/data/1321732/000095010326000523/dp240008_ex0201.htm
artificial intelligence,True,8-K,EX-2.1,2026-01-15,BOSTON SCIENTIFIC CORP  (BSX)  (CIK 0000885725),AGREEMENT AND PLAN OF MERGER,https://www.sec.gov/Archives/edgar/data/885725/000094787126000037/ss5822815_ex0201.htm
artificial intelligence,False,DRS/A,DRS/A,2026-01-20,Pacipic Nexus IntelliTech Group  (CIK 0002089778),,https://www.sec.gov/Archives/edgar/data/2089778/000121390026005377/filename1.htm
artificial intelligence,False,DRS,DRS,2025-11-24,UDynamics Ltd  (CIK 0002097903),,https://www.sec.gov/Archives/edgar/data/2097903/000121390025113791/filename1.htm
artificial intelligence,False,F-1,F-1,2025-10-24,Gigabit Inc.  (CIK 0002066522),F-1,https://www.sec.gov/Archives/edgar/data/2066522/000149315225019216/formf-1.htm
artificial intelligence,False,DRS/A,DRS/A,2026-01-27,UDynamics Ltd  (CIK 0002097903),,https://www.sec.gov/Archives/edgar/data/2097903/000121390026008092/filename1.htm
artificial intelligence,False,S-1,S-1,2026-07-02,"Cycurion, Inc.  (CYCU, CYCUW)  (CIK 0001868419)",S-1,https://www.sec.gov/Archives/edgar/data/1868419/000149315226031976/forms-1.htm
artificial intelligence,False,DEF 14A,DEF 14A,2025-04-01,"FULTON FINANCIAL CORP  (FULT, FULTP)  (CIK 0000700564)",DEFINITIVE PROXY STATEMENT,https://www.sec.gov/Archives/edgar/data/700564/000120677425000193/fult4408611-def14a.htm
artificial intelligence,True,8-K,EX-2.1,2026-01-07,D-Wave Quantum Inc.  (QBTS)  (CIK 0001907982),EX-2.1,https://www.sec.gov/Archives/edgar/data/1907982/000190798226000010/projectquest-filingversi.htm
artificial intelligence,False,N-CSR,N-CSR,2026-03-09,Voya INTERMEDIATE BOND PORTFOLIO  (CIK 0000002646),N-CSR,https://www.sec.gov/Archives/edgar/data/2646/000110465926025193/tm263417d5_ncsr.htm
artificial intelligence,False,DRS,DRS,2026-03-13,Texxon Holding Ltd  (NPT)  (CIK 0002014337),,https://www.sec.gov/Archives/edgar/data/2014337/000121390026027227/filename1.htm
artificial intelligence,False,S-4/A,S-4/A,2025-05-07,IGTA Merger Sub Ltd  (PRGY)  (CIK 0001997698),REGISTRATION STATEMENT,https://www.sec.gov/Archives/edgar/data/1997698/000121390025040649/ea0201720-25.htm
artificial intelligence,True,425,EX-2.1,2026-01-15,Penumbra Inc  (PEN)  (CIK 0001321732),EXHIBIT 2.1,https://www.sec.gov/Archives/edgar/data/1321732/000095010326000524/dp240009_ex0201.htm
artificial intelligence,False,S-1/A,S-1/A,2026-04-01,"Dror Ortho-Design, Inc.  (DROR)  (CIK 0001282980)",AMENDMENT NO. 3 TO FORM S-1,https://www.sec.gov/Archives/edgar/data/1282980/000121390026037951/ea0283974-s1a3_drorortho.htm
artificial intelligence,False,S-4/A,S-4/A,2026-07-10,"McCarthy Finney, Inc.  (MCFN)  (CIK 0002131882)",FORM S-4 AMENDMENT 2,https://www.sec.gov/Archives/edgar/data/2131882/000168316826005430/mccarthy_s4a2.htm
artificial intelligence,True,425,EX-2.1,2026-01-15,Penumbra Inc  (PEN)  (CIK 0001321732); BOSTON SCIENTIFIC CORP  (CIK 0000885725),AGREEMENT AND PLAN OF MERGER,https://www.sec.gov/Archives/edgar/data/1321732/000094787126000038/ss5822815_ex0201.htm
artificial intelligence,False,F-1,F-1,2026-03-25,Texxon Holding Ltd  (NPT)  (CIK 0002014337),REGISTRATION STATEMENT,https://www.sec.gov/Archives/edgar/data/2014337/000121390026034008/ea0282929-f1_texxon.htm
artificial intelligence,False,424B3,424B3,2025-05-27,IGTA Merger Sub Ltd  (PRGY)  (CIK 0001997698),PROSPECTUS,https://www.sec.gov/Archives/edgar/data/1997698/000121390025047841/ea0201720-27.htm
artificial intelligence,False,DRS,DRS,2025-11-04,Pacipic Nexus IntelliTech Group  (CIK 0002089778),,https://www.sec.gov/Archives/edgar/data/2089778/000121390025105905/filename1.htm
artificial intelligence,True,8-K,EX-2.1,2026-04-23,"TruBridge, Inc.  (TBRG)  (CIK 0001169445)",EX-2.1,https://www.sec.gov/Archives/edgar/data/1169445/000119312526172139/d46312dex21.htm
artificial intelligence,False,DEF 14A,DEF 14A,2026-01-30,COMTECH TELECOMMUNICATIONS CORP /DE/  (CMTL)  (CIK 0000023197),DEF 14A,https://www.sec.gov/Archives/edgar/data/23197/000002319726000017/cmtl-20260130.htm
artificial intelligence,True,6-K,EX-99.1,2025-04-01,"SatixFy Communications Ltd.  (SATX, STXYF)  (CIK 0001915403)",EXHIBIT 99.1,https://www.sec.gov/Archives/edgar/data/1915403/000117891325001139/exhibit_99-1.htm
artificial intelligence,False,DEFM14A,DEFM14A,2025-05-27,"Inception Growth Acquisition Ltd  (IGTA, IGTAR, IGTAU, IGTAW)  (CIK 0001866838)",PROXY STATEMENT,https://www.sec.gov/Archives/edgar/data/1866838/000121390025047847/ea0243490-01.htm
artificial intelligence,False,S-4/A,S-4/A,2025-03-28,IGTA Merger Sub Ltd  (PRGY)  (CIK 0001997698),REGISTRATION STATEMENT,https://www.sec.gov/Archives/edgar/data/1997698/000101376225004113/ea0201720-21.htm
artificial intelligence,False,S-4/A,S-4/A,2025-04-16,IGTA Merger Sub Ltd  (PRGY)  (CIK 0001997698),REGISTRATION STATEMENT,https://www.sec.gov/Archives/edgar/data/1997698/000121390025032515/ea0201720-23.htm
artificial intelligence,False,424B3,424B3,2026-08-11,"McCarthy Finney, Inc.  (MCFN)  (CIK 0002131882)",FORM 424B3,https://www.sec.gov/Archives/edgar/data/2131882/000168316826006208/mccarthy_424b3.htm
artificial intelligence,False,F-1/A,F-1/A,2025-12-12,Gigabit Inc.  (GBH)  (CIK 0002066522),F-1/A,https://www.sec.gov/Archives/edgar/data/2066522/000149315225027388/formf-1a.htm
artificial intelligence,False,S-4/A,S-4/A,2026-06-18,"McCarthy Finney, Inc.  (MCFN)  (CIK 0002131882)",AMENDMENT NO. 1 TO FORM S-4,https://www.sec.gov/Archives/edgar/data/2131882/000168316826004950/mccarthy_s4a1.htm
artificial intelligence,False,DEFM14A,DEFM14A,2026-08-11,"McCarthy Finney, Inc.  (MCFN)  (CIK 0002131882)",DEFINITIVE PROXY RELATING TO MERGER,https://www.sec.gov/Archives/edgar/data/2131882/000168316826006207/mccarthy_defm14a.htm
artificial intelligence,False,424B4,424B4,2025-02-27,LZ Technology Holdings Ltd  (LZMH)  (CIK 0001967397),PROSPECTUS,https://www.sec.gov/Archives/edgar/data/1967397/000121390025017977/ea023188301-424b4_lztech.htm
artificial intelligence,False,DEF 14A,DEF 14A,2025-04-01,"NEXTERA ENERGY INC  (NEE, NEE-PN, NEE-PR, NEE-PS, NEE-PT)  (CIK 0000753308)",DEF 14A,https://www.sec.gov/Archives/edgar/data/753308/000110465925030590/tm255761-3_def14a.htm
artificial intelligence,False,424B3,424B3,2025-08-29,"SMX (Security Matters) Public Ltd Co  (SMX, SMXWW)  (CIK 0001940674)",424B3,https://www.sec.gov/Archives/edgar/data/1940674/000164117225025955/form424b3.htm
artificial intelligence,False,DRS/A,DRS/A,2025-09-08,"TG-17, Inc.  (CIK 0001756064)",,https://www.sec.gov/Archives/edgar/data/1756064/000164117225026799/filename1.htm
artificial intelligence,False,PREM14A,PREM14A,2026-07-27,"HeartSciences Inc.  (HSCS, HSCSW)  (CIK 0001468492)",PROXY STATEMENT,https://www.sec.gov/Archives/edgar/data/1468492/000121390026081847/ea0297759-01.htm
artificial intelligence,False,S-1/A,S-1/A,2026-08-10,AfterNext Acquisition I Corp.  (CIK 0002087035),S-1/A,https://www.sec.gov/Archives/edgar/data/2087035/000149315226036726/forms-1a.htm
artificial intelligence,False,20-F,20-F,2025-05-15,FORMULA SYSTEMS (1985) LTD  (FORTY)  (CIK 0001045986),ANNUAL REPORT,https://www.sec.gov/Archives/edgar/data/1045986/000121390025043461/ea0240850-20f_formula.htm
artificial intelligence,False,S-1/A,S-1/A,2026-09-16,"Dror Ortho-Design, Inc.  (DROR)  (CIK 0001282980)",AMENDMENT NO. 4 TO FORM S-1,https://www.sec.gov/Archives/edgar/data/1282980/000121390026100567/ea0305492-s1a4_drorortho.htm
artificial intelligence,False,S-4/A,S-4/A,2026-07-29,"McCarthy Finney, Inc.  (MCFN)  (CIK 0002131882)",FORM S-4 AMENDMENT NO. 3,https://www.sec.gov/Archives/edgar/data/2131882/000168316826005815/mccarthy_s4a3.htm
artificial intelligence,False,PRE 14A,PRE 14A,2026-04-03,"Ulta Beauty, Inc.  (ULTA)  (CIK 0001403568)",PRE 14A,https://www.sec.gov/Archives/edgar/data/1403568/000110465926039665/tmb-20260609xpre14a.htm
artificial intelligence,False,S-4,S-4,2025-05-14,Terra Innovatum Global S.R.L.  (CIK 0002067627); GSR III Acquisition Corp.  (CIK 0002029023); Terra Innovatum s.r.l.  (CIK 0002067618),REGISTRATION STATEMENT,https://www.sec.gov/Archives/edgar/data/2067627/000121390025043376/ea0241384-01.htm
artificial intelligence,False,DEFM14C,DEFM14C,2025-07-14,"E2open Parent Holdings, Inc.  (ETWO, ETWOW)  (CIK 0001800347)",DEFM14C,https://www.sec.gov/Archives/edgar/data/1800347/000119312525158390/d910768ddefm14c.htm
artificial intelligence,False,F-1/A,F-1/A,2025-06-17,Rise Smart Group Holdings Ltd  (CIK 0001984192),REGISTRATION STATEMENT,https://www.sec.gov/Archives/edgar/data/1984192/000121390025055102/ea0204557-12.htm
artificial intelligence,False,20-F,20-F,2026-02-10,"BARCLAYS PLC  (BCS, BCLYF)  (CIK 0000312069)",20-F,https://www.sec.gov/Archives/edgar/data/312069/000031206926000004/bcs-20251231.htm
artificial intelligence,True,425,EX-2.1,2026-06-24,"Churchill Capital Corp XI  (CCXI, CCXIU, CCXIW)  (CIK 0002074973)","AGREEMENT AND PLAN OF MERGER AND REORGANIZATION, DATED AS OF JUNE 24, 2026, BY AND AMONG CHURCHILL CAPITAL CORP XI, BLB MERGER SUB, INC. AND AGILITY ROBOTICS, INC",https://www.sec.gov/Archives/edgar/data/2074973/000121390026071290/ea029548401ex2-1.htm
artificial intelligence,True,8-K,EX-2.1,2025-05-07,AppLovin Corp  (APP)  (CIK 0001751008),EX-2.1,https://www.sec.gov/Archives/edgar/data/1751008/000175100825000051/exhibit21purchaseagreement.htm
artificial intelligence,False,ARS,ARS,2025-04-25,"Apollo Global Management, Inc.  (APO, APOS, APO-PA)  (CIK 0001858681)",ARS,https://www.sec.gov/Archives/edgar/data/1858681/000119312525097013/d940862dars.pdf
artificial intelligence,False,PRER14A,PRER14A,2026-04-10,"Ulta Beauty, Inc.  (ULTA)  (CIK 0001403568)",PRER14A,https://www.sec.gov/Archives/edgar/data/1403568/000110465926041990/tmb-20260131xprer14a.htm
artificial intelligence,False,S-4,S-4,2026-07-24,"IB Acquisition Corp.  (IBAC, IBACR)  (CIK 0001998781); GNQ Insilico Inc.  (CIK 0002139774)",S-4,https://www.sec.gov/Archives/edgar/data/1998781/000149315226034626/forms-4.htm
artificial intelligence,True,40-F,EX-99.1,2025-02-27,"PEMBINA PIPELINE CORP  (PBA, PBNAF, PMBPF, PMMBF, PPLAF, PPLOF)  (CIK 0001546066)",EX-99.1 ANNUAL INFORMATION FORM,https://www.sec.gov/Archives/edgar/data/1546066/000154606625000007/aifppcq42024.htm
artificial intelligence,False,DEF 14A,DEF 14A,2026-04-22,"Ulta Beauty, Inc.  (ULTA)  (CIK 0001403568)",DEF 14A,https://www.sec.gov/Archives/edgar/data/1403568/000110465926046308/tmb-20260609xdef14a.htm
artificial intelligence,False,POS AM,POS AM,2025-05-07,"Heritage Distilling Holding Company, Inc.  (CASK)  (CIK 0001788230)",POS AM,https://www.sec.gov/Archives/edgar/data/1788230/000164117225009076/formposam.htm
artificial intelligence,False,DRS/A,DRS/A,2025-12-31,"LIBERTY DEFENSE HOLDINGS, LTD.  (LDDFF)  (CIK 0001919776)",,https://www.sec.gov/Archives/edgar/data/1919776/000110465925125426/filename1.htm
artificial intelligence,True,8-K,EX-21.1,2026-06-02,"JOHN WILEY & SONS, INC.  (WLY, WLYB)  (CIK 0000107140)",EX-21.1,https://www.sec.gov/Archives/edgar/data/107140/000010714026000034/exhibit21-wizardepa.htm
artificial intelligence,False,PREM14C,PREM14C,2025-07-02,"E2open Parent Holdings, Inc.  (ETWO, ETWOW)  (CIK 0001800347)",PREM14C,https://www.sec.gov/Archives/edgar/data/1800347/000119312525154235/d910768dprem14c.htm
artificial intelligence,False,10-K,10-K,2026-03-04,LGAM Private Credit LLC  (CIK 0001983514),10-K,https://www.sec.gov/Archives/edgar/data/1983514/000119312526091583/ck0001983514-20251231.htm
artificial intelligence,False,DEF 14A,DEF 14A,2025-03-25,"POPULAR, INC.  (BPOP, BPOPM, BPOPO)  (CIK 0000763901)",COURTESY PDF,https://www.sec.gov/Archives/edgar/data/763901/000114036125010189/ny20035757x1_def14a.pdf
artificial intelligence,False,10-K,10-K,2026-03-31,"NEONC TECHNOLOGIES HOLDINGS, INC.  (NTHI)  (CIK 0001979414)",10-K,https://www.sec.gov/Archives/edgar/data/1979414/000182912626002860/neonctechnologies_10k.htm
artificial intelligence,False,S-1/A,S-1/A,2026-09-09,AfterNext Acquisition I Corp.  (AFNX)  (CIK 0002087035),S-1/A,https://www.sec.gov/Archives/edgar/data/2087035/000149315226041834/forms-1a.htm
artificial intelligence,False,F-1,F-1,2025-09-29,Sharewow Ltd  (CIK 0002051146),REGISTRATION STATEMENT,https://www.sec.gov/Archives/edgar/data/2051146/000121390025092660/ea0225045-09.htm
artificial intelligence,False,20-F,20-F,2025-07-25,Raytech Holding Ltd  (RAY)  (CIK 0001948443),ANNUAL REPORT,https://www.sec.gov/Archives/edgar/data/1948443/000121390025067464/ea0247975-20f_raytech.htm
artificial intelligence,False,S-1/A,S-1/A,2026-07-08,AfterNext Acquisition I Corp.  (CIK 0002087035),S-1/A,https://www.sec.gov/Archives/edgar/data/2087035/000149315226032427/forms-1a.htm
artificial intelligence,False,DEF 14A,DEF 14A,2025-03-14,"WESBANCO INC  (WSBC, WSBCP)  (CIK 0000203596)",DEF 14A,https://www.sec.gov/Archives/edgar/data/203596/000095017025039418/wsbc-20250310.htm
artificial intelligence,False,DEFM14A,DEFM14A,2025-12-29,"SEMrush Holdings, Inc.  (SEMR)  (CIK 0001831840)",DEFM14A,https://www.sec.gov/Archives/edgar/data/1831840/000162828025059012/semrush-defm14a.htm
artificial intelligence,False,10-K,10-K,2025-02-14,"Kiromic Biopharma, Inc.  (KRBP)  (CIK 0001792581)",FORM 10-K,https://www.sec.gov/Archives/edgar/data/1792581/000143774925004000/krbp20241231_10k.htm
artificial intelligence,False,PRER14A,PRER14A,2026-04-03,"Clearwater Analytics Holdings, Inc.  (CWAN)  (CIK 0001866368)",PRER14A,https://www.sec.gov/Archives/edgar/data/1866368/000119312526141221/d49219dprer14a.htm
artificial intelligence,False,DRS/A,DRS/A,2026-03-18,Nuclea Energy Inc.  (CIK 0002101996),,https://www.sec.gov/Archives/edgar/data/2101996/000121390026029274/filename1.htm
artificial intelligence,False,PREM14A,PREM14A,2026-02-24,"Clearwater Analytics Holdings, Inc.  (CWAN)  (CIK 0001866368)",PREM14A,https://www.sec.gov/Archives/edgar/data/1866368/000119312526067016/d49219dprem14a.htm
artificial intelligence,True,8-K,EX-2.1,2026-06-24,"Churchill Capital Corp XI  (CCXI, CCXIU, CCXIW)  (CIK 0002074973)","AGREEMENT AND PLAN OF MERGER AND REORGANIZATION, DATED AS OF JUNE 24, 2026, BY AND AMONG CHURCHILL CAPITAL CORP XI, BLB MERGER SUB, INC. AND AGILITY ROBOTICS, INC",https://www.sec.gov/Archives/edgar/data/2074973/000121390026071287/ea029548401ex2-1.htm
artificial intelligence,False,DEF 14A,DEF 14A,2025-03-25,"POPULAR, INC.  (BPOP, BPOPM, BPOPO)  (CIK 0000763901)",DEF 14A,https://www.sec.gov/Archives/edgar/data/763901/000114036125010189/ny20035757x1_def14a.htm
artificial intelligence,False,F-1,F-1,2026-02-05,"LIBERTY DEFENSE HOLDINGS, LTD.  (LDDFF)  (CIK 0001919776)",F-1,https://www.sec.gov/Archives/edgar/data/1919776/000110465926010521/tm261972-1_f1.htm
artificial intelligence,False,425,425,2025-09-08,"Churchill Capital Corp X/Cayman  (CCCX, CCCXU, CCCXW)  (CIK 0002007825)",425,https://www.sec.gov/Archives/edgar/data/2007825/000119312525197780/d14599d425.htm
artificial intelligence,False,S-4,S-4,2026-09-11,"Sonic Holdco, Inc.  (CIK 0002149535)",S-4,https://www.sec.gov/Archives/edgar/data/2149535/000119312526388301/d160893ds4.htm
artificial intelligence,False,DEFM14A,DEFM14A,2026-04-08,"Clearwater Analytics Holdings, Inc.  (CWAN)  (CIK 0001866368)",DEFM14A,https://www.sec.gov/Archives/edgar/data/1866368/000119312526146311/d49219ddefm14a.htm
artificial intelligence,False,S-4/A,S-4/A,2025-01-15,IGTA Merger Sub Ltd  (PRGY)  (CIK 0001997698),REGISTRATION STATEMENT,https://www.sec.gov/Archives/edgar/data/1997698/000121390025003864/ea0201720-17.htm
artificial intelligence,False,DRS/A,DRS/A,2025-08-22,Gigabit Inc.  (CIK 0002066522),,https://www.sec.gov/Archives/edgar/data/2066522/000164117225025131/filename1.htm
artificial intelligence,False,10-K,10-K,2025-02-24,"Apollo Global Management, Inc.  (APO, APOS, APO-PA)  (CIK 0001858681)",10-K,https://www.sec.gov/Archives/edgar/data/1858681/000185868125000034/apo-20241231.htm
artificial intelligence,False,DRS,DRS,2026-05-26,MNBS Acquisition Corp.  (CIK 0002116517),,https://www.sec.gov/Archives/edgar/data/2116517/000118518526002097/filename1.htm
artificial intelligence,False,F-1/A,F-1/A,2026-02-20,"LIBERTY DEFENSE HOLDINGS, LTD.  (LDHL, LDDFF)  (CIK 0001919776)",F-1/A,https://www.sec.gov/Archives/edgar/data/1919776/000110465926017676/tm261972-4_f1a.htm
artificial intelligence,True,425,EX-2.1,2026-02-26,NCR Atleos Corp  (NATL)  (CIK 0001974138); BRINKS CO  (CIK 0000078890),EXHIBIT 2.1,https://www.sec.gov/Archives/edgar/data/1974138/000110465926020513/tm267399d1_ex2-1.htm
artificial intelligence,False,ARS,ARS,2025-06-02,"bioAffinity Technologies, Inc.  (BIAF, BIAFW)  (CIK 0001712762)",ARS,https://www.sec.gov/Archives/edgar/data/1712762/000164117225013286/formars.pdf
artificial intelligence,False,N-CSR,N-CSR,2026-06-05,Voya FUNDS TRUST  (CIK 0001066602),N-CSR,https://www.sec.gov/Archives/edgar/data/1066602/000110465926070989/tm269275d1_ncsr.htm
artificial intelligence,False,PREM14A,PREM14A,2026-05-28,ELECTRO SENSORS INC  (ELSE)  (CIK 0000351789),PREM14A,https://www.sec.gov/Archives/edgar/data/351789/000114036126023178/ny20072844x1_prem14a.htm
artificial intelligence,False,PREM14A,PREM14A,2025-12-18,"SEMrush Holdings, Inc.  (SEMR)  (CIK 0001831840)",PREM14A,https://www.sec.gov/Archives/edgar/data/1831840/000162828025057789/semrush-pre14aprojectascend.htm
artificial intelligence,False,10-K,10-K,2026-03-03,North Haven Private Income Fund A LLC  (CIK 0001973476),10-K,https://www.sec.gov/Archives/edgar/data/1973476/000119312526088351/ck0001973476-20251231.htm
artificial intelligence,False,F-1/A,F-1/A,2026-04-14,Pacipic Nexus IntelliTech Group  (PNIG)  (CIK 0002089778),REGISTRATION STATEMENT,https://www.sec.gov/Archives/edgar/data/2089778/000121390026043187/ea0263856-06.htm
artificial intelligence,False,DEFA14A,DEFA14A,2026-04-22,"Amneal Pharmaceuticals, Inc.  (AMRX)  (CIK 0001723128)",DEFA14A,https://www.sec.gov/Archives/edgar/data/1723128/000119312526168237/d126526ddefa14a.htm
artificial intelligence,False,S-4,S-4,2026-05-14,"McCarthy Finney, Inc.  (CIK 0002131882)",FORM S-4,https://www.sec.gov/Archives/edgar/data/2131882/000168316826003921/mccarthyfinney_s4.htm
artificial intelligence,False,S-4/A,S-4/A,2025-02-06,IGTA Merger Sub Ltd  (PRGY)  (CIK 0001997698),REGISTRATION STATEMENT,https://www.sec.gov/Archives/edgar/data/1997698/000121390025010968/ea0201720-19.htm
artificial intelligence,True,6-K,EX-99.1,2025-11-12,"TECK RESOURCES LTD  (TECK, TCKRF)  (CIK 0000886986)",EXHIBIT 99.1,https://www.sec.gov/Archives/edgar/data/886986/000110465925109326/tm2527845d5_ex99-1.pdf
artificial intelligence,False,S-4,S-4,2025-04-24,Avalon GloboCare Corp.  (ALBT)  (CIK 0001630212),REGISTRATION STATEMENT,https://www.sec.gov/Archives/edgar/data/1630212/000121390025035157/ea0238798-s4_avalon.htm
artificial intelligence,False,10-K,10-K,2026-04-09,"T3 Defense Inc.  (DFNS, DFNSW)  (CIK 0001787518)",ANNUAL REPORT,https://www.sec.gov/Archives/edgar/data/1787518/000121390026041888/ea0282720-10k_t3defense.htm
artificial intelligence,False,DEF 14A,DEF 14A,2025-08-18,FEDEX CORP  (FDX)  (CIK 0001048911),FORM DEF 14A,https://www.sec.gov/Archives/edgar/data/1048911/000110465925079800/tm2512613-2_def14a.htm
artificial intelligence,False,6-K,6-K,2026-03-12,"Shell plc  (SHEL, RYDAF)  (CIK 0001306965)",6-K,https://www.sec.gov/Archives/edgar/data/1306965/000162828026017027/shellannualreportandacco.htm
artificial intelligence,False,F-1/A,F-1/A,2026-04-30,Pacipic Nexus IntelliTech Group  (PNIG)  (CIK 0002089778),REGISTRATION STATEMENT,https://www.sec.gov/Archives/edgar/data/2089778/000121390026050006/ea0263856-08.htm
artificial intelligence,False,F-1,F-1,2026-03-20,Pacipic Nexus IntelliTech Group  (CIK 0002089778),REGISTRATION STATEMENT,https://www.sec.gov/Archives/edgar/data/2089778/000121390026032055/ea0263856-05.htm
generative AI,False,10-Q,10-Q,2025-12-09,"Zapata Quantum, Inc.  (CIK 0001843714)",FORM 10-Q,https://www.sec.gov/Archives/edgar/data/1843714/000107997325001837/zpat_10q-033125.htm
generative AI,False,10-Q,10-Q,2025-12-09,"Zapata Quantum, Inc.  (CIK 0001843714)",FORM 10-Q,https://www.sec.gov/Archives/edgar/data/1843714/000107997325001840/zpat_10q-093025.htm
generative AI,False,10-Q,10-Q,2025-12-09,"Zapata Quantum, Inc.  (CIK 0001843714)",FORM 10-Q,https://www.sec.gov/Archives/edgar/data/1843714/000107997325001839/zpat_10q-063025.htm
generative AI,True,8-K,EX-2.1,2025-02-25,Flywire Corp  (FLYW)  (CIK 0001580560),EX-2.1,https://www.sec.gov/Archives/edgar/data/1580560/000119312525035188/d843798dex21.htm
generative AI,False,10-Q,10-Q,2025-12-09,"Zapata Quantum, Inc.  (CIK 0001843714)",FORM 10-Q,https://www.sec.gov/Archives/edgar/data/1843714/000107997325001835/zpat_10q093024.htm
generative AI,False,10-K,10-K,2025-12-09,"Zapata Quantum, Inc.  (CIK 0001843714)",FORM 10-K,https://www.sec.gov/Archives/edgar/data/1843714/000107997325001836/zpat_10k-123124.htm
generative AI,False,DEF 14A,DEF 14A,2026-01-02,Cerence Inc.  (CRNC)  (CIK 0001768267),DEF 14A,https://www.sec.gov/Archives/edgar/data/1768267/000162828026000012/crnc-20260102.htm
generative AI,True,6-K,EX-99.1,2026-03-17,"Baidu, Inc.  (BIDU, BAIDF)  (CIK 0001329099)",EX-99.1,https://www.sec.gov/Archives/edgar/data/1329099/000119312526110843/d34060dex991.pdf
generative AI,False,20-F,20-F,2026-03-17,"Baidu, Inc.  (BIDU, BAIDF)  (CIK 0001329099)",FORM 20-F,https://www.sec.gov/Archives/edgar/data/1329099/000119312526109289/d38065d20f.htm
generative AI,False,20-F,20-F,2025-03-28,"Baidu, Inc.  (BIDU, BAIDF)  (CIK 0001329099)",FORM 20-F,https://www.sec.gov/Archives/edgar/data/1329099/000119312525066199/d853848d20f.htm
generative AI,True,8-K,EX-2.1,2025-01-03,"NU SKIN ENTERPRISES, INC.  (NUS)  (CIK 0001021561)",UNIT PURCHASE AGREEMENT,https://www.sec.gov/Archives/edgar/data/1021561/000114036125000113/ef20041017_ex2-1.htm
generative AI,False,10-K,10-K,2026-03-31,"Zapata Quantum, Inc.  (ZPTA, ZPTAW)  (CIK 0001843714)",ANNUAL REPORT,https://www.sec.gov/Archives/edgar/data/1843714/000107997326000401/zpat_10k-123125.htm
generative AI,True,8-K,EX-21.1,2026-06-02,"JOHN WILEY & SONS, INC.  (WLY, WLYB)  (CIK 0000107140)",EX-21.1,https://www.sec.gov/Archives/edgar/data/107140/000010714026000034/exhibit21-wizardepa.htm
generative AI,True,40-F,EX-99.1,2025-03-31,Wheaton Precious Metals Corp.  (WPM)  (CIK 0001323404),EX-99.1,https://www.sec.gov/Archives/edgar/data/1323404/000119312525068900/d893628dex991.htm
generative AI,False,20-F,20-F,2025-04-30,Nebius Group N.V.  (NBIS)  (CIK 0001513845),20-F,https://www.sec.gov/Archives/edgar/data/1513845/000155837025005991/nbis-20241231x20f.htm
generative AI,True,6-K,EX-99.1,2025-03-14,"PEARSON PLC  (PSO, PSORF)  (CIK 0000938323)",EX-99.1,https://www.sec.gov/Archives/edgar/data/938323/000119312525054446/d852367dex991.pdf
generative AI,True,20-F,EX-4.87,2026-04-17,"Tencent Music Entertainment Group  (TME, TCMEF)  (CIK 0001744676)",EX-4.87,https://www.sec.gov/Archives/edgar/data/1744676/000119312526160257/tme-ex4_87.htm
generative AI,False,S-1/A,S-1/A,2026-07-09,"Zapata Quantum, Inc.  (ZPTA, ZPTAW)  (CIK 0001843714)",AMENDMENT NO 1,https://www.sec.gov/Archives/edgar/data/1843714/000168316826005402/zpat_s1a1.htm
generative AI,False,424B3,424B3,2026-08-11,"Zapata Quantum, Inc.  (ZPTA, ZPTAW)  (CIK 0001843714)",FORM 424B3,https://www.sec.gov/Archives/edgar/data/1843714/000168316826006205/zpat_424b3.htm
generative AI,False,424B3,424B3,2026-04-20,Avalon GloboCare Corp.  (ALBT)  (CIK 0001630212),PROSPECTUS,https://www.sec.gov/Archives/edgar/data/1630212/000121390026045689/ea0286899-424b3_avalon.htm
generative AI,True,40-F,EX-99.3,2026-02-12,TELUS CORP  (TU)  (CIK 0000868675),EXHIBIT-99.3,https://www.sec.gov/Archives/edgar/data/868675/000110465926013854/tu-20251231xex99d3.htm
generative AI,True,8-K,EX-2.1,2026-09-28,"Bold Eagle Acquisition Corp.  (BEAG, BEAGR, BEAGU)  (CIK 0001852207)","BUSINESS COMBINATION AGREEMENT, DATED AS OF SEPTEMBER 25, 2026, BY AND AMONG BOLD EAGLE ACQUISITION CORP., REDL INTERMEDIATE HOLDINGS, LLC, BEAC MERGER SUB, LLC, AND, SOLELY FOR THE PURPOSES OF SECTION 6.9(E) THEREOF, REDL ULTIMATE HOLDINGS, LP",https://www.sec.gov/Archives/edgar/data/1852207/000121390026103758/ea030545301ex2-1.htm
generative AI,False,10-Q,10-Q,2025-11-14,TAO Synergies Inc.  (TAOX)  (CIK 0001571934),10-Q,https://www.sec.gov/Archives/edgar/data/1571934/000110465925112570/taox-20250930x10q.htm
generative AI,False,20-F,20-F,2025-03-14,"PEARSON PLC  (PSO, PSORF)  (CIK 0000938323)",20-F,https://www.sec.gov/Archives/edgar/data/938323/000119312525054371/d854846d20f.htm
generative AI,False,424B5,424B5,2025-10-30,"ECARX Holdings Inc.  (ECX, ECXWW)  (CIK 0001861974)",424B5,https://www.sec.gov/Archives/edgar/data/1861974/000110465925104490/tm2521297-3_424b5.htm
generative AI,True,425,EX-2.1,2026-09-28,"Bold Eagle Acquisition Corp.  (BEAG, BEAGR, BEAGU)  (CIK 0001852207)","BUSINESS COMBINATION AGREEMENT, DATED AS OF SEPTEMBER 25, 2026, BY AND AMONG BOLD EAGLE ACQUISITION CORP., REDL INTERMEDIATE HOLDINGS, LLC, BEAC MERGER SUB, LLC, AND, SOLELY FOR THE PURPOSES OF SECTION 6.9(E) THEREOF, REDL ULTIMATE HOLDINGS, LP",https://www.sec.gov/Archives/edgar/data/1852207/000121390026103760/ea030545301ex2-1.htm
generative AI,True,8-K,EX-2.1,2025-11-10,"BigBear.ai Holdings, Inc.  (BBAI, BBAI-WT)  (CIK 0001836981)",EX-2.1,https://www.sec.gov/Archives/edgar/data/1836981/000183698125000025/exhibit21projectatlas-me.htm
generative AI,False,S-1,S-1,2026-06-05,"Zapata Quantum, Inc.  (ZPTA, ZPTAW)  (CIK 0001843714)",FORM S-1,https://www.sec.gov/Archives/edgar/data/1843714/000168316826004579/zpat_s1.htm
generative AI,True,8-K,EX-2.1,2026-01-15,Penumbra Inc  (PEN)  (CIK 0001321732),EXHIBIT 2.1,https://www.sec.gov/Archives/edgar/data/1321732/000095010326000523/dp240008_ex0201.htm
generative AI,True,8-K,EX-2.1,2026-01-15,BOSTON SCIENTIFIC CORP  (BSX)  (CIK 0000885725),AGREEMENT AND PLAN OF MERGER,https://www.sec.gov/Archives/edgar/data/885725/000094787126000037/ss5822815_ex0201.htm
generative AI,True,425,EX-2.1,2026-01-15,Penumbra Inc  (PEN)  (CIK 0001321732),EXHIBIT 2.1,https://www.sec.gov/Archives/edgar/data/1321732/000095010326000524/dp240009_ex0201.htm
generative AI,True,8-K,EX-2.1,2026-09-08,FRANKLIN ELECTRIC CO INC  (FELE)  (CIK 0000038725),EX-2.1,https://www.sec.gov/Archives/edgar/data/38725/000003872526000062/a09042026ex21catpumpscorpa.htm
generative AI,True,425,EX-2.1,2026-01-15,Penumbra Inc  (PEN)  (CIK 0001321732); BOSTON SCIENTIFIC CORP  (CIK 0000885725),AGREEMENT AND PLAN OF MERGER,https://www.sec.gov/Archives/edgar/data/1321732/000094787126000038/ss5822815_ex0201.htm
generative AI,False,F-1/A,F-1/A,2025-10-14,PressLogic Inc.  (PLAI)  (CIK 0002058867),F-1/A,https://www.sec.gov/Archives/edgar/data/2058867/000149315225018006/formf-1a.htm
generative AI,False,F-1,F-1,2025-09-24,PressLogic Inc.  (CIK 0002058867),F-1,https://www.sec.gov/Archives/edgar/data/2058867/000149315225014823/formf-1.htm
generative AI,False,F-1/A,F-1/A,2025-11-07,PressLogic Inc.  (PLAI)  (CIK 0002058867),F-1/A,https://www.sec.gov/Archives/edgar/data/2058867/000149315225021290/formf-1a.htm
generative AI,False,DRS/A,DRS/A,2025-08-26,PressLogic Inc.  (CIK 0002058867),,https://www.sec.gov/Archives/edgar/data/2058867/000164117225025544/filename1.htm
generative AI,False,S-1,S-1,2025-11-28,"Blaize Holdings, Inc.  (BZAI, BZAIW)  (CIK 0001871638)",S-1,https://www.sec.gov/Archives/edgar/data/1871638/000119312525302570/d64210ds1.htm
generative AI,False,424B3,424B3,2025-12-18,"Blaize Holdings, Inc.  (BZAI, BZAIW)  (CIK 0001871638)",424B3,https://www.sec.gov/Archives/edgar/data/1871638/000187163825000016/a424b3prospectussupplement.htm
generative AI,False,ARS,ARS,2025-04-30,"AvidXchange Holdings, Inc.  (AVDX)  (CIK 0001858257)",ARS,https://www.sec.gov/Archives/edgar/data/1858257/000119312525107183/d865646dars.pdf
generative AI,False,S-1,S-1,2026-04-08,Avalon GloboCare Corp.  (ALBT)  (CIK 0001630212),REGISTRATION STATEMENT,https://www.sec.gov/Archives/edgar/data/1630212/000121390026041585/ea0285118-s1_avalon.htm
generative AI,False,F-4/A,F-4/A,2026-06-25,Bleichroeder Acquisition France Merger Sub 2  (PSQL)  (CIK 0002119292); Pasqal Holding SAS  (CIK 0002122325); Bleichroeder Acquisition Corp. II  (CIK 0002088295),REGISTRATION STATEMENT,https://www.sec.gov/Archives/edgar/data/2119292/000121390026071788/ea0282861-04.htm
generative AI,True,40-F,EX-99.1,2025-09-17,Sangoma Technologies Corp  (SANG)  (CIK 0001753368),EX-99.1,https://www.sec.gov/Archives/edgar/data/1753368/000175336825000018/annualinformationform-f25y.htm
generative AI,False,20-F,20-F,2025-05-13,VCI Global Ltd  (VCIG)  (CIK 0001930510),ANNUAL REPORT,https://www.sec.gov/Archives/edgar/data/1930510/000121390025042476/ea0239288-20f_vciglobal.htm
generative AI,False,PREM14A,PREM14A,2026-05-26,MARCHEX INC  (MCHX)  (CIK 0001224133),PROXY STATEMENT,https://www.sec.gov/Archives/edgar/data/1224133/000207709626000175/ea0292048-01.htm
generative AI,False,F-4/A,F-4/A,2025-03-04,GIBO HOLDINGS Ltd  (GIBO)  (CIK 0002034520); Global IBO Group Ltd.  (CIK 0002034047),,https://www.sec.gov/Archives/edgar/data/2034520/000149315225008960/formf-4a.htm
generative AI,False,F-4,F-4,2025-02-25,GIBO HOLDINGS Ltd  (CIK 0002034520); Global IBO Group Ltd.  (CIK 0002034047),,https://www.sec.gov/Archives/edgar/data/2034520/000149315225008143/formf-4.htm
generative AI,True,8-K,EX-2.1,2026-09-18,"Mistras Group, Inc.  (MG)  (CIK 0001436126)",EXHIBIT 2.1,https://www.sec.gov/Archives/edgar/data/1436126/000114036126037107/ef20082419_ex2-1.htm
generative AI,False,DRS/A,DRS/A,2025-07-09,PressLogic Inc.  (CIK 0002058867),,https://www.sec.gov/Archives/edgar/data/2058867/000164117225018357/filename1.htm
generative AI,False,DEFM14A,DEFM14A,2025-03-12,"Bukit Jalil Global Acquisition 1 Ltd.  (BUJA, BUJAR, BUJAU, BUJAW)  (CIK 0001956055)",DEFM14A,https://www.sec.gov/Archives/edgar/data/1956055/000192998025000118/buja_defm14a.htm
generative AI,False,DRS/A,DRS/A,2025-01-31,GIBO HOLDINGS Ltd  (CIK 0002034520); Global IBO Group Ltd.  (CIK 0002034047),,https://www.sec.gov/Archives/edgar/data/2034520/000149315225004484/filename1.htm
generative AI,False,10-K,10-K,2025-11-26,"LEE ENTERPRISES, Inc  (LEE)  (CIK 0000058361)",10-K,https://www.sec.gov/Archives/edgar/data/58361/000005836125000040/lee-20250928.htm
generative AI,True,40-F,EX-99.1,2026-09-28,Sangoma Technologies Corp  (SANG)  (CIK 0001753368),EX-99.1,https://www.sec.gov/Archives/edgar/data/1753368/000175336826000011/aif-f26q4.htm
generative AI,True,8-K,EX-2.1,2026-05-28,"Caesars Entertainment, Inc.  (CZR)  (CIK 0001590895)",EX-2.1,https://www.sec.gov/Archives/edgar/data/1590895/000119312526242995/d143382dex21.htm
generative AI,False,F-1,F-1,2025-07-02,Republic Power Group Ltd  (CIK 0001912884),REGISTRATION STATEMENT,https://www.sec.gov/Archives/edgar/data/1912884/000121390025060508/ea0231495-05.htm
generative AI,False,424B3,424B3,2025-03-12,GIBO HOLDINGS Ltd  (GIBO)  (CIK 0002034520); Global IBO Group Ltd.  (CIK 0002034047),,https://www.sec.gov/Archives/edgar/data/2034520/000149315225009992/form424b3.htm
generative AI,False,F-1/A,F-1/A,2025-09-10,Republic Power Group Ltd  (RPGL)  (CIK 0001912884),REGISTRATION STATEMENT,https://www.sec.gov/Archives/edgar/data/1912884/000121390025086565/ea0231495-09.htm
generative AI,True,8-K,EX-2.1,2026-04-29,"OppFi Inc.  (OPFI, OPFI-WT)  (CIK 0001818502)",EX-2.1,https://www.sec.gov/Archives/edgar/data/1818502/000181850226000030/exhibit21_mergeragreemente.htm
generative AI,True,40-F,EX-99.3,2025-02-13,TELUS CORP  (TU)  (CIK 0000868675),EXHIBIT 99.3,https://www.sec.gov/Archives/edgar/data/868675/000110465925012533/tu-20241231xex99d3.htm
generative AI,False,F-1/A,F-1/A,2025-08-06,Republic Power Group Ltd  (RPGL)  (CIK 0001912884),REGISTRATION STATEMENT,https://www.sec.gov/Archives/edgar/data/1912884/000121390025072216/ea0231495-07.htm
generative AI,True,6-K,EX-99.2,2025-10-07,VCI Global Ltd  (VCIG)  (CIK 0001930510),"CONDENSED CONSOLIDATED INTERIM FINANCIAL STATEMENTS (UNAUDITED) OF VCI GLOBAL LIMITED AND ITS SUBSIDIARIES AS OF JUNE 30, 2025 AND DECEMBER 31, 2024 AND FOR THE SIX MONTHS ENDED JUNE 30, 2025 AND 2024",https://www.sec.gov/Archives/edgar/data/1930510/000121390025096726/ea026021501ex99-2_vciglobal.htm
generative AI,False,424B4,424B4,2025-10-14,Republic Power Group Ltd  (RPGL)  (CIK 0001912884),PROSPECTUS,https://www.sec.gov/Archives/edgar/data/1912884/000121390025098768/ea0231495-10.htm
generative AI,False,DEFA14A,DEFA14A,2026-05-28,"Caesars Entertainment, Inc.  (CZR)  (CIK 0001590895)",DEFA14A,https://www.sec.gov/Archives/edgar/data/1590895/000119312526242998/d143382ddefa14a.htm
generative AI,True,8-K,EX-2.1,2025-12-19,"AMICUS THERAPEUTICS, INC.  (FOLD)  (CIK 0001178879)",EXHIBIT 2.1,https://www.sec.gov/Archives/edgar/data/1178879/000114036125046134/ef20061157_ex2-1.htm
generative AI,True,8-K,EX-2.1,2025-12-19,BIOMARIN PHARMACEUTICAL INC  (BMRN)  (CIK 0001048477),EX-2.1,https://www.sec.gov/Archives/edgar/data/1048477/000119312525325856/d49247dex21.htm
generative AI,False,DRS/A,DRS/A,2026-05-14,Fast Finance Pay Corp.  (CIK 0002109616),,https://www.sec.gov/Archives/edgar/data/2109616/000149315226023001/filename1.htm
generative AI,False,DRS/A,DRS/A,2025-04-28,"Lincoln International, Inc.  (CIK 0001925283)",,https://www.sec.gov/Archives/edgar/data/1925283/000095012325003763/filename1.htm
generative AI,False,10-K,10-K,2025-09-23,InMed Pharmaceuticals Inc.  (INM)  (CIK 0001728328),ANNUAL REPORT,https://www.sec.gov/Archives/edgar/data/1728328/000121390025090210/ea0253959-10k_inmed.htm
generative AI,False,DRS/A,DRS/A,2025-06-04,"Lincoln International, Inc.  (CIK 0001925283)",,https://www.sec.gov/Archives/edgar/data/1925283/000162828025029195/filename1.htm
generative AI,True,CB,EX-99.1,2025-11-04,MAGIC SOFTWARE ENTERPRISES LTD  (MGIC)  (CIK 0000876779); Matrix I.T. Ltd.  (CIK 0002093979),EXHIBIT 99.1,https://www.sec.gov/Archives/edgar/data/876779/000095010325014243/dp236802_ex9901.htm
generative AI,False,DEFM14A,DEFM14A,2026-06-05,MARCHEX INC  (MCHX)  (CIK 0001224133),PROXY STATEMENT,https://www.sec.gov/Archives/edgar/data/1224133/000207709626000195/ea0292048-02.htm
generative AI,False,DRS/A,DRS/A,2025-06-06,Republic Power Group Ltd  (CIK 0001912884),,https://www.sec.gov/Archives/edgar/data/1912884/000121390025052178/filename1.htm
generative AI,False,DRS,DRS,2025-04-21,Republic Power Group Ltd  (CIK 0001912884),,https://www.sec.gov/Archives/edgar/data/1912884/000121390025033448/filename1.htm
generative AI,False,424B3,424B3,2025-02-05,"Soluna Holdings, Inc  (SLNH, SLNHP)  (CIK 0000064463)",,https://www.sec.gov/Archives/edgar/data/64463/000149315225005030/form424b3.htm
generative AI,False,20-F,20-F,2026-04-30,Nebius Group N.V.  (NBIS)  (CIK 0001513845),20-F,https://www.sec.gov/Archives/edgar/data/1513845/000110465926052948/nbis-20251231x20f.htm
generative AI,False,10-K,10-K,2025-02-28,"AvidXchange Holdings, Inc.  (AVDX)  (CIK 0001858257)",10-K,https://www.sec.gov/Archives/edgar/data/1858257/000095017025029974/avdx-20241231.htm
generative AI,True,8-K,EX-2.1,2025-09-24,INTEGRAL AD SCIENCE HOLDING CORP.  (IAS)  (CIK 0001842718),EX-2.1,https://www.sec.gov/Archives/edgar/data/1842718/000119312525215824/d26134dex21.htm
generative AI,False,DRS/A,DRS/A,2025-02-18,Acco Group Holdings Ltd  (CIK 0002038378),,https://www.sec.gov/Archives/edgar/data/2038378/000121390025014670/filename1.htm
generative AI,False,S-4,S-4,2026-09-01,"FIRST HAWAIIAN, INC.  (FHB)  (CIK 0000036377)",S-4,https://www.sec.gov/Archives/edgar/data/36377/000110465926104366/tm2621888-1_s4.htm
generative AI,False,DEFM14A,DEFM14A,2026-08-06,"Bleichroeder Acquisition Corp. II  (BBCQ, BBCQU, BBCQW)  (CIK 0002088295)",PROXY STATEMENT,https://www.sec.gov/Archives/edgar/data/2088295/000121390026085816/ea0300825-01.htm
generative AI,False,F-4/A,F-4/A,2026-07-31,Bleichroeder Acquisition France Merger Sub 2  (PSQL)  (CIK 0002119292); Pasqal Holding SAS  (CIK 0002122325); Bleichroeder Acquisition Corp. II  (CIK 0002088295),REGISTRATION STATEMENT,https://www.sec.gov/Archives/edgar/data/2119292/000121390026084072/ea0282861-08.htm
generative AI,False,DRS/A,DRS/A,2025-01-23,Acco Group Holdings Ltd  (CIK 0002038378),,https://www.sec.gov/Archives/edgar/data/2038378/000121390025005869/filename1.htm
generative AI,False,S-4/A,S-4/A,2026-09-14,"FIRST HAWAIIAN, INC.  (FHB)  (CIK 0000036377)",S-4/A,https://www.sec.gov/Archives/edgar/data/36377/000110465926107495/tm2621888-3_s4a.htm
generative AI,False,424B3,424B3,2026-08-05,Bleichroeder Acquisition France Merger Sub 2  (PSQL)  (CIK 0002119292); Pasqal Holding SAS  (CIK 0002122325); Bleichroeder Acquisition Corp. II  (CIK 0002088295),PROSPECTUS,https://www.sec.gov/Archives/edgar/data/2119292/000121390026085694/ea0282861-11.htm
generative AI,False,F-4/A,F-4/A,2026-07-23,Bleichroeder Acquisition France Merger Sub 2  (PSQL)  (CIK 0002119292); Pasqal Holding SAS  (CIK 0002122325); Bleichroeder Acquisition Corp. II  (CIK 0002088295),REGISTRATION STATEMENT,https://www.sec.gov/Archives/edgar/data/2119292/000121390026080591/ea0282861-06.htm
generative AI,False,DRS/A,DRS/A,2026-02-06,"Lincoln International, Inc.  (CIK 0001925283)",,https://www.sec.gov/Archives/edgar/data/1925283/000162827926000087/filename1.htm
generative AI,False,S-1/A,S-1/A,2025-02-03,"Soluna Holdings, Inc  (SLNH, SLNHP)  (CIK 0000064463)",,https://www.sec.gov/Archives/edgar/data/64463/000149315225004555/forms-1a.htm
generative AI,False,DEFM14A,DEFM14A,2026-09-16,TRICO BANCSHARES /  (TCBK)  (CIK 0000356171),DEFM14A,https://www.sec.gov/Archives/edgar/data/356171/000110465926108313/tm2624984-1_defm14a.htm
generative AI,False,424B3,424B3,2026-09-16,"FIRST HAWAIIAN, INC.  (FHB)  (CIK 0000036377)",424B3,https://www.sec.gov/Archives/edgar/data/36377/000110465926108264/tm2621888-5_424b3.htm
generative AI,True,8-K,EX-2.1,2025-09-04,"Phreesia, Inc.  (PHR)  (CIK 0001412408)",EX-2.1,https://www.sec.gov/Archives/edgar/data/1412408/000141240825000058/exhibit21-agreementandplan.htm
generative AI,False,N-CSR,N-CSR,2026-05-06,"Voya Infrastructure, Industrials & Materials Fund  (IDE)  (CIK 0001417802)",N-CSR,https://www.sec.gov/Archives/edgar/data/1417802/000110465926056270/tm268462d2_ncsr.htm
generative AI,False,N-CSR,N-CSR,2026-05-06,Voya Global Advantage & Premium Opportunity Fund  (IGA)  (CIK 0001332943),N-CSR,https://www.sec.gov/Archives/edgar/data/1332943/000110465926056283/tm268462d5_ncsr.htm
generative AI,False,DRS/A,DRS/A,2026-03-24,"Lincoln International, Inc.  (CIK 0001925283)",,https://www.sec.gov/Archives/edgar/data/1925283/000162827926000332/filename1.htm
generative AI,False,N-CSR,N-CSR,2026-05-06,Voya GLOBAL EQUITY DIVIDEND & PREMIUM OPPORTUNITY FUND  (IGD)  (CIK 0001285890),N-CSR,https://www.sec.gov/Archives/edgar/data/1285890/000110465926056293/tm268462d6_ncsr.htm
generative AI,False,S-1/A,S-1/A,2026-09-21,Fast Finance Pay Corp.  (FFPP)  (CIK 0002109616),S-1/A,https://www.sec.gov/Archives/edgar/data/2109616/000149315226043424/forms-1a.htm
generative AI,False,N-CSR,N-CSR,2026-05-06,Voya Asia Pacific High Dividend Equity Income Fund  (IAE)  (CIK 0001385632),N-CSR,https://www.sec.gov/Archives/edgar/data/1385632/000110465926056275/tm268462d3_ncsr.htm
generative AI,False,N-CSR,N-CSR,2026-05-06,Voya Emerging Markets High Dividend Equity Fund  (IHD)  (CIK 0001496292),N-CSR,https://www.sec.gov/Archives/edgar/data/1496292/000110465926056279/tm268462d4_ncsr.htm
generative AI,False,424B4,424B4,2025-10-17,Acco Group Holdings Ltd  (ACCL)  (CIK 0002038378),PROSPECTUS,https://www.sec.gov/Archives/edgar/data/2038378/000121390025099963/ea0214214-19.htm
generative AI,False,DRS,DRS,2026-03-26,Bleichroeder Acquisition 2 France  (CIK 0002119292); Pasqal Holding SAS  (CIK 0002122325); Bleichroeder Acquisition Corp. II  (CIK 0002088295),,https://www.sec.gov/Archives/edgar/data/2119292/000121390026034573/filename1.htm
generative AI,False,10-K,10-K,2026-03-16,Eva Live Inc  (GOAI)  (CIK 0001983736),10-K,https://www.sec.gov/Archives/edgar/data/1983736/000149315226010305/form10-k.htm
generative AI,False,10-K,10-K,2026-03-16,Eva Live Inc  (GOAI)  (CIK 0001983736),10-K,https://www.sec.gov/Archives/edgar/data/1983736/000149315226010305/form10-k.htm
generative AI,False,DRS/A,DRS/A,2025-05-09,Republic Power Group Ltd  (CIK 0001912884),,https://www.sec.gov/Archives/edgar/data/1912884/000121390025041427/filename1.htm
generative AI,False,DRS/A,DRS/A,2025-03-31,Acco Group Holdings Ltd  (CIK 0002038378),,https://www.sec.gov/Archives/edgar/data/2038378/000121390025025955/filename1.htm
generative AI,False,DRS/A,DRS/A,2025-04-17,Acco Group Holdings Ltd  (CIK 0002038378),,https://www.sec.gov/Archives/edgar/data/2038378/000121390025032920/filename1.htm
generative AI,True,40-F,EX-99.3,2026-02-12,"SUN LIFE FINANCIAL INC  (SLF, SLFIF, SLFQF, SUNFF)  (CIK 0001097362)",EX-99.3,https://www.sec.gov/Archives/edgar/data/1097362/000109736226000010/annualaifmasterlivemasterq.htm
generative AI,True,40-F,EX-99.3,2025-02-13,"SUN LIFE FINANCIAL INC  (SLF, SLFIF, SLFQF, SUNFF)  (CIK 0001097362)",EX-99.3,https://www.sec.gov/Archives/edgar/data/1097362/000109736225000008/annualaifmasterlivemasterq.htm
generative AI,False,424B4,424B4,2026-05-21,"Lincoln International, Inc.  (LCLN)  (CIK 0001925283)",424B4,https://www.sec.gov/Archives/edgar/data/1925283/000162828026037044/lincolninternational-424b4.htm
generative AI,False,DRS,DRS,2026-03-02,WinVest Holdings Corp.  (CIK 0002104943); WinVest Acquisition Corp.  (CIK 0001854463); Embed Financial Group Cayman Holdings  (CIK 0002104917),,https://www.sec.gov/Archives/edgar/data/2104943/000121390026022091/filename1.htm
generative AI,False,S-1/A,S-1/A,2026-05-11,"Lincoln International, Inc.  (LCLN)  (CIK 0001925283)",S-1/A,https://www.sec.gov/Archives/edgar/data/1925283/000162828026033128/lincolninternational-sx1a.htm
generative AI,False,S-1,S-1,2026-04-24,"Lincoln International, Inc.  (CIK 0001925283)",S-1,https://www.sec.gov/Archives/edgar/data/1925283/000162828026027260/lincolninternational-sx1xa.htm
generative AI,False,S-1/A,S-1/A,2026-05-14,"Lincoln International, Inc.  (LCLN)  (CIK 0001925283)",S-1/A,https://www.sec.gov/Archives/edgar/data/1925283/000162828026035230/lincolninternational-sx1a2.htm
generative AI,False,DRS/A,DRS/A,2025-02-11,"AIRO Group Holdings, Inc.  (CIK 0001927958)",,https://www.sec.gov/Archives/edgar/data/1927958/000149315225005954/filename1.htm
generative AI,False,F-1,F-1,2025-07-18,Acco Group Holdings Ltd  (CIK 0002038378),REGISTRATION STATEMENT,https://www.sec.gov/Archives/edgar/data/2038378/000121390025065443/ea0214214-12.htm
generative AI,False,424B3,424B3,2025-08-05,InMed Pharmaceuticals Inc.  (INM)  (CIK 0001728328),PROSPECTUS,https://www.sec.gov/Archives/edgar/data/1728328/000121390025071758/ea0248871-424b3_inmed.htm
generative AI,True,8-K,EX-10.1,2026-07-23,Sleep Number Corp  (SNBRQ)  (CIK 0000827187),EXHIBIT 10.1,https://www.sec.gov/Archives/edgar/data/827187/000095010326011104/dp250511_ex1001.htm
generative AI,True,8-K,EX-2.1,2026-06-12,Sleep Number Corp  (SNBR)  (CIK 0000827187),EXHIBIT 2.1,https://www.sec.gov/Archives/edgar/data/827187/000095010326008891/dp248362_ex0201.htm
generative AI,False,F-1/A,F-1/A,2025-08-22,Acco Group Holdings Ltd  (ACCL)  (CIK 0002038378),REGISTRATION STATEMENT,https://www.sec.gov/Archives/edgar/data/2038378/000121390025079608/ea0214214-15.htm
generative AI,False,6-K,6-K,2025-08-27,"PRUDENTIAL PLC  (PUK, PUKPF)  (CIK 0001116578)",FORM 6-K,https://www.sec.gov/Archives/edgar/data/1116578/000110465925083706/tm2523773d1_6k.htm
generative AI,False,DEFA14A,DEFA14A,2025-12-19,"AMICUS THERAPEUTICS, INC.  (FOLD)  (CIK 0001178879)",DEFA14A,https://www.sec.gov/Archives/edgar/data/1178879/000114036125046135/ef20061157_defa14a.htm
generative AI,False,DEFA14A,DEFA14A,2026-09-18,"Mistras Group, Inc.  (MG)  (CIK 0001436126)",DEFA14A,https://www.sec.gov/Archives/edgar/data/1436126/000114036126037117/ef20082419_defa14a.htm
generative AI,False,F-1/A,F-1/A,2025-08-06,Acco Group Holdings Ltd  (ACCL)  (CIK 0002038378),REGISTRATION STATEMENT,https://www.sec.gov/Archives/edgar/data/2038378/000121390025072421/ea0214214-14.htm
generative AI,True,8-K,EX-10.1,2025-09-26,TIPTREE INC.  (TIPT)  (CIK 0001393726),EX-10.1,https://www.sec.gov/Archives/edgar/data/1393726/000119312525218437/tipt-ex10_1.htm
generative AI,False,20-F,20-F,2026-03-27,"ZOOZ Strategy Ltd.  (ZOOZ, ZOOZW)  (CIK 0001992818)",20-F,https://www.sec.gov/Archives/edgar/data/1992818/000149315226013109/form20-f.htm
generative AI,False,DRS/A,DRS/A,2025-01-16,"AIRO Group Holdings, Inc.  (CIK 0001927958)",,https://www.sec.gov/Archives/edgar/data/1927958/000149315225002580/filename1.htm
generative AI,False,20-F,20-F,2026-03-13,"PEARSON PLC  (PSO, PSORF)  (CIK 0000938323)",20-F,https://www.sec.gov/Archives/edgar/data/938323/000119312526104945/d33885d20f.htm
generative AI,False,S-4/A,S-4/A,2026-01-20,"Churchill Capital Corp X/Cayman  (CCCX, CCCXU, CCCXW)  (CIK 0002007825); ColdQuanta, Inc.  (CIK 0001746727)",S-4/A,https://www.sec.gov/Archives/edgar/data/2007825/000119312526015928/d22517ds4a.htm
generative AI,False,DRS/A,DRS/A,2026-03-27,WinVest Holdings Corp.  (CIK 0002104943); WinVest Acquisition Corp.  (CIK 0001854463); Embed Financial Group Cayman Holdings  (CIK 0002104917),,https://www.sec.gov/Archives/edgar/data/2104943/000121390026035261/filename1.htm
generative AI,False,S-4/A,S-4/A,2026-01-22,"Churchill Capital Corp X/Cayman  (CCCX, CCCXU, CCCXW)  (CIK 0002007825); ColdQuanta, Inc.  (CIK 0001746727)",S-4/A,https://www.sec.gov/Archives/edgar/data/2007825/000119312526018589/d22517ds4a.htm
generative AI,False,424B3,424B3,2026-01-23,"Churchill Capital Corp X/Cayman  (CCCX, CCCXU, CCCXW)  (CIK 0002007825); ColdQuanta, Inc.  (CIK 0001746727)",424B3,https://www.sec.gov/Archives/edgar/data/2007825/000119312526021087/d22517d424b3.htm
generative AI,False,10-K,10-K,2026-07-29,"PharmaCyte Biotech, Inc.  (PMCB)  (CIK 0001157075)",FORM 10-K FOR APRIL 2026,https://www.sec.gov/Archives/edgar/data/1157075/000168316826005836/pharmacyte_i10k-043026.htm
generative AI,False,F-4/A,F-4/A,2025-06-13,OmnigenicsAI Corp  (OMNI)  (CIK 0002013873); APx Acquisition Corp. I  (CIK 0001868573),REGISTRATION STATEMENT,https://www.sec.gov/Archives/edgar/data/2013873/000121390025054324/ea0226094-05.htm
generative AI,False,F-4/A,F-4/A,2025-07-03,OmnigenicsAI Corp  (OMNI)  (CIK 0002013873); APx Acquisition Corp. I  (CIK 0001868573),REGISTRATION STATEMENT,https://www.sec.gov/Archives/edgar/data/2013873/000121390025061545/ea0226094-07.htm
generative AI,False,F-4/A,F-4/A,2025-07-18,OmnigenicsAI Corp  (OMNI)  (CIK 0002013873); APx Acquisition Corp. I  (CIK 0001868573),REGISTRATION STATEMENT,https://www.sec.gov/Archives/edgar/data/2013873/000121390025065703/ea0226094-11.htm
generative AI,False,S-4,S-4,2026-01-05,"Churchill Capital Corp X/Cayman  (CCCX, CCCXU, CCCXW)  (CIK 0002007825); ColdQuanta, Inc.  (CIK 0001746727)",S-4,https://www.sec.gov/Archives/edgar/data/2007825/000119312526002732/d22517ds4.htm
generative AI,False,F-4/A,F-4/A,2025-03-31,OmnigenicsAI Corp  (OMNI)  (CIK 0002013873); APx Acquisition Corp. I  (CIK 0001868573),REGISTRATION STATEMENT,https://www.sec.gov/Archives/edgar/data/2013873/000121390025026339/ea0226094-03.htm
generative AI,False,S-1/A,S-1/A,2025-08-01,InMed Pharmaceuticals Inc.  (INM)  (CIK 0001728328),PRE-EFFECTIVE AMENDMENT NO. 1 TO FORM S-1,https://www.sec.gov/Archives/edgar/data/1728328/000121390025070112/ea0249334-s1a1_inmed.htm
generative AI,False,S-1,S-1,2026-08-12,Fast Finance Pay Corp.  (CIK 0002109616),S-1,https://www.sec.gov/Archives/edgar/data/2109616/000149315226037415/forms-1.htm
generative AI,False,20-F,20-F,2026-07-15,VCI Global Ltd  (VCIG)  (CIK 0001930510),ANNUAL REPORT,https://www.sec.gov/Archives/edgar/data/1930510/000121390026078044/ea0295861-20f_vciglobal.htm
generative AI,False,PREM14A,PREM14A,2025-06-30,STREAMLINE HEALTH SOLUTIONS INC.  (STRM)  (CIK 0001008586),FORM PREM14A,https://www.sec.gov/Archives/edgar/data/1008586/000143774925021552/strm20250616_prem14a.htm
generative AI,False,DEF 14A,DEF 14A,2025-03-27,TERADATA CORP /DE/  (TDC)  (CIK 0000816761),DEF 14A,https://www.sec.gov/Archives/edgar/data/816761/000081676125000093/tdc-20250326.htm
generative AI,False,F-4,F-4,2026-05-27,Embed Financial Group Holdings  (CIK 0002104943); WinVest Acquisition Corp.  (CIK 0001854463); Embed Financial Group Cayman Holdings  (CIK 0002104917),REGISTRATION STATEMENT,https://www.sec.gov/Archives/edgar/data/2104943/000121390026061585/ea0275759-03.htm
generative AI,False,DEFM14A,DEFM14A,2025-07-10,STREAMLINE HEALTH SOLUTIONS INC.  (STRM)  (CIK 0001008586),FORM DEFM14A,https://www.sec.gov/Archives/edgar/data/1008586/000143774925022490/strm20250707_defm14a.htm
generative AI,False,DRS,DRS,2025-10-30,"Churchill Capital Corp X/Cayman  (CCCX, CCCXU, CCCXW)  (CIK 0002007825); ColdQuanta, Inc.  (CIK 0001746727)",,https://www.sec.gov/Archives/edgar/data/2007825/000119312525257008/filename1.htm
generative AI,False,F-4,F-4,2025-01-22,OmnigenicsAI Corp  (CIK 0002013873); APx Acquisition Corp. I  (CIK 0001868573),REGISTRATION STATEMENT,https://www.sec.gov/Archives/edgar/data/2013873/000121390025005463/ea0226094-01.htm
generative AI,False,F-4,F-4,2026-05-26,Bleichroeder Acquisition France Merger Sub 2  (CIK 0002119292); Pasqal Holding SAS  (CIK 0002122325); Bleichroeder Acquisition Corp. II  (CIK 0002088295),REGISTRATION STATEMENT,https://www.sec.gov/Archives/edgar/data/2119292/000121390026061033/ea0282861-02.htm
generative AI,False,DRS,DRS,2026-03-13,Bending Spoons S.p.A.  (CIK 0002004711),,https://www.sec.gov/Archives/edgar/data/2004711/000110465926027746/filename1.htm
generative AI,False,F-1,F-1,2026-02-27,UDynamics Ltd  (CIK 0002097903),REGISTRATION STATEMENT,https://www.sec.gov/Archives/edgar/data/2097903/000121390026021223/ea0264362-04.htm
generative AI,False,DEF 14A,DEF 14A,2026-04-24,Vertiv Holdings Co  (VRT)  (CIK 0001674101),DEF 14A,https://www.sec.gov/Archives/edgar/data/1674101/000119312526174898/d18663ddef14a.htm
generative AI,False,PREM14C,PREM14C,2025-10-27,INTEGRAL AD SCIENCE HOLDING CORP.  (IAS)  (CIK 0001842718),PREM14C,https://www.sec.gov/Archives/edgar/data/1842718/000114036125039498/ny20056670x1_prem14c.htm
generative AI,False,20-F/A,20-F/A,2025-08-12,Diginex Ltd  (DGNX)  (CIK 0002010499),20-F/A,https://www.sec.gov/Archives/edgar/data/2010499/000164117225023257/form20-fa.htm
generative AI,False,F-1/A,F-1/A,2026-08-21,UDynamics Ltd  (CIK 0002097903),REGISTRATION STATEMENT,https://www.sec.gov/Archives/edgar/data/2097903/000121390026092454/ea0264362-07.htm
generative AI,False,DRS/A,DRS/A,2026-01-27,UDynamics Ltd  (CIK 0002097903),,https://www.sec.gov/Archives/edgar/data/2097903/000121390026008092/filename1.htm
generative AI,False,20-F/A,20-F/A,2026-02-09,Diginex Ltd  (DGNX)  (CIK 0002010499),20-F/A,https://www.sec.gov/Archives/edgar/data/2010499/000149315226005657/form20-fa.htm
generative AI,False,20-F,20-F,2025-07-14,Diginex Ltd  (DGNX)  (CIK 0002010499),20-F,https://www.sec.gov/Archives/edgar/data/2010499/000164117225018847/form20-f.htm
generative AI,False,6-K,6-K,2026-08-27,"PRUDENTIAL PLC  (PUK, PUKPF)  (CIK 0001116578)",6-K,https://www.sec.gov/Archives/edgar/data/1116578/000162828026059164/hyprelimreport.htm
generative AI,False,DRS,DRS,2026-02-09,Fast Finance Pay Corp.  (CIK 0002109616),,https://www.sec.gov/Archives/edgar/data/2109616/000149315226005765/filename1.htm
generative AI,False,DEFM14C,DEFM14C,2025-11-07,INTEGRAL AD SCIENCE HOLDING CORP.  (IAS)  (CIK 0001842718),DEFM14C,https://www.sec.gov/Archives/edgar/data/1842718/000114036125040934/ny20056670x2_defm14c.htm
generative AI,False,PREM14A,PREM14A,2026-01-21,"AMICUS THERAPEUTICS, INC.  (FOLD)  (CIK 0001178879)",PREM14A,https://www.sec.gov/Archives/edgar/data/1178879/000114036126001852/ny20062454x1_prem14a.htm
generative AI,True,8-K,EX-2.1,2025-11-07,"Cantor Equity Partners III, Inc.  (CAEP)  (CIK 0002034268)","BUSINESS COMBINATION AGREEMENT, DATED AS OF NOVEMBER 7, 2025, BY AND AMONG CAEP, THE COMPANY, PUBCO, CAYMAN MERGER SUB AND JERSEY MERGER SUB",https://www.sec.gov/Archives/edgar/data/2034268/000121390025107383/ea026443401ex2-1_cantor3.htm
generative AI,True,425,EX-2.1,2025-11-07,"Cantor Equity Partners III, Inc.  (CAEP)  (CIK 0002034268)","BUSINESS COMBINATION AGREEMENT, DATED AS OF NOVEMBER 7, 2025, BY AND AMONG CAEP, THE COMPANY, PUBCO, CAYMAN MERGER SUB AND JERSEY MERGER SUB",https://www.sec.gov/Archives/edgar/data/2034268/000121390025107386/ea026443401ex2-1_cantor3.htm
generative AI,False,S-4,S-4,2026-05-27,"SOUNDHOUND AI, INC.  (SOUN, SOUNW)  (CIK 0001840856)",REGISTRATION STATEMENT,https://www.sec.gov/Archives/edgar/data/1840856/000121390026061593/ea0292090-01.htm
generative AI,True,6-K,EX-99.1,2025-03-21,"Haleon plc  (HLN, HLNCF)  (CIK 0001900304)",ANNUAL REPORT FOR THE YEAR ENDED 31 DECEMBER 2024,https://www.sec.gov/Archives/edgar/data/1900304/000165495425003109/haleonplcannualreportand2.pdf
generative AI,False,S-4,S-4,2026-05-14,"McCarthy Finney, Inc.  (CIK 0002131882)",FORM S-4,https://www.sec.gov/Archives/edgar/data/2131882/000168316826003921/mccarthyfinney_s4.htm
generative AI,False,20-F,20-F,2025-03-20,"Haleon plc  (HLN, HLNCF)  (CIK 0001900304)",20-F,https://www.sec.gov/Archives/edgar/data/1900304/000155837025003368/hln-20241231x20f.htm
generative AI,False,DEFM14A,DEFM14A,2026-08-26,"Caesars Entertainment, Inc.  (CZR)  (CIK 0001590895)",DEFM14A,https://www.sec.gov/Archives/edgar/data/1590895/000119312526365696/d143368ddefm14a.htm
generative AI,False,DEFM14A,DEFM14A,2026-02-02,"AMICUS THERAPEUTICS, INC.  (FOLD)  (CIK 0001178879)",DEFM14A,https://www.sec.gov/Archives/edgar/data/1178879/000114036126003092/ny20062454x3_defm14a.htm
generative AI,False,PRE 14A,PRE 14A,2026-03-27,"KELLY SERVICES INC  (KELYA, KELYB)  (CIK 0000055135)",PRE 14A,https://www.sec.gov/Archives/edgar/data/55135/000119312526129427/d37355dpre14a.htm
generative AI,False,DEF 14A,DEF 14A,2026-04-13,"KELLY SERVICES INC  (KELYA, KELYB)  (CIK 0000055135)",DEF 14A,https://www.sec.gov/Archives/edgar/data/55135/000119312526152858/d37355ddef14a.htm
generative AI,False,PREM14A,PREM14A,2026-08-12,"Caesars Entertainment, Inc.  (CZR)  (CIK 0001590895)",PREM14A,https://www.sec.gov/Archives/edgar/data/1590895/000119312526345336/d143368dprem14a.htm
generative AI,False,DEFM14A,DEFM14A,2026-03-27,SILICON LABORATORIES INC.  (SLAB)  (CIK 0001038074),DEFM14A,https://www.sec.gov/Archives/edgar/data/1038074/000119312526128959/d34834ddefm14a.htm
generative AI,False,10-K,10-K,2026-03-31,TAO Synergies Inc.  (TAOX)  (CIK 0001571934),10-K,https://www.sec.gov/Archives/edgar/data/1571934/000110465926037915/taox-20251231x10k.htm
generative AI,False,DEF 14A,DEF 14A,2026-03-18,Ally Financial Inc.  (ALLY)  (CIK 0000040729),DEF 14A,https://www.sec.gov/Archives/edgar/data/40729/000119312526113819/ally-20260318.htm
generative AI,False,DEF 14A,DEF 14A,2025-10-23,"SCANSOURCE, INC.  (SCSC)  (CIK 0000918965)",DEF 14A,https://www.sec.gov/Archives/edgar/data/918965/000119312525248757/d69135ddef14a.htm
generative AI,False,PREM14A,PREM14A,2026-03-13,SILICON LABORATORIES INC.  (SLAB)  (CIK 0001038074),PREM14A,https://www.sec.gov/Archives/edgar/data/1038074/000119312526106334/d34834dprem14a.htm
generative AI,False,DRS,DRS,2025-07-21,Jet.AI Inc.  (JTAI)  (CIK 0001861622),,https://www.sec.gov/Archives/edgar/data/1861622/000164117225020326/filename1.htm
generative AI,False,S-1,S-1,2025-12-01,Jet.AI Inc.  (JTAI)  (CIK 0001861622),S-1,https://www.sec.gov/Archives/edgar/data/1861622/000149315225025591/forms-1.htm
generative AI,True,SC 13E3/A,EX-99.(A)-(1),2026-08-26,"Perfect Corp.  (PERF, PERFF)  (CIK 0001899830)",EXHIBIT (A)-(1),https://www.sec.gov/Archives/edgar/data/1899830/000110465926101025/tm2623859d1_ex99-a1.htm
generative AI,False,S-4/A,S-4/A,2026-05-20,"Securitize Holdings, Inc.  (SECZ)  (CIK 0002094496); Securitize, Inc.  (CIK 0001762096)",REGISTRATION STATEMENT,https://www.sec.gov/Archives/edgar/data/2094496/000121390026059300/ea0264119-09.htm
generative AI,False,PREM14C,PREM14C,2026-08-12,"DOMO, INC.  (DOMO)  (CIK 0001505952)",PREM14C,https://www.sec.gov/Archives/edgar/data/1505952/000110465926094949/tm2621515-1_prem14c.htm
generative AI,False,S-4/A,S-4/A,2026-05-08,"Securitize Holdings, Inc.  (SECZ)  (CIK 0002094496); Securitize, Inc.  (CIK 0001762096)",REGISTRATION STATEMENT,https://www.sec.gov/Archives/edgar/data/2094496/000121390026053457/ea0264119-07.htm
generative AI,False,S-4/A,S-4/A,2026-04-13,"Securitize Holdings, Inc.  (SECZ)  (CIK 0002094496); Securitize, Inc.  (CIK 0001762096)",REGISTRATION STATEMENT,https://www.sec.gov/Archives/edgar/data/2094496/000121390026042685/ea0264119-04.htm
generative AI,False,424B3,424B3,2026-07-09,"SOUNDHOUND AI, INC.  (SOUN, SOUNW)  (CIK 0001840856)",PROSPECTUS,https://www.sec.gov/Archives/edgar/data/1840856/000121390026076737/ea0292090-04.htm
generative AI,False,S-4/A,S-4/A,2026-07-02,"SOUNDHOUND AI, INC.  (SOUN, SOUNW)  (CIK 0001840856)",REGISTRATION STATEMENT,https://www.sec.gov/Archives/edgar/data/1840856/000121390026075095/ea0292090-02.htm
generative AI,False,ARS,ARS,2025-07-15,"XBP Europe Holdings, Inc.  (XBP, XBPEW)  (CIK 0001839530)",ARS,https://www.sec.gov/Archives/edgar/data/1839530/000110465925068146/tm2520400d3_ars.pdf
generative AI,False,DRS,DRS,2025-11-12,"Securitize Holdings, Inc.  (CIK 0002094496); Securitize, Inc.  (CIK 0001762096)",,https://www.sec.gov/Archives/edgar/data/2094496/000121390025108962/filename1.htm
generative AI,False,S-4/A,S-4/A,2026-07-08,"SOUNDHOUND AI, INC.  (SOUN, SOUNW)  (CIK 0001840856)",REGISTRATION STATEMENT,https://www.sec.gov/Archives/edgar/data/1840856/000121390026076371/ea0292090-03.htm
generative AI,False,424B3,424B3,2026-06-05,"Securitize Holdings, Inc.  (SECZ)  (CIK 0002094496); Securitize, Inc.  (CIK 0001762096)",PROSPECTUS,https://www.sec.gov/Archives/edgar/data/2094496/000121390026065825/ea0264119-11.htm
generative AI,False,DEFM14A,DEFM14A,2026-08-11,AUDDIA INC.  (AUUD)  (CIK 0001554818),DEFINITIVE PROXY RELATING TO MERGER,https://www.sec.gov/Archives/edgar/data/1554818/000168316826006211/auddia_defm14a.htm
generative AI,False,424B3,424B3,2026-01-12,"Churchill Capital Corp IX/Cayman  (CCIX, CCIXU, CCIXW)  (CIK 0002006291); Plus Automation, Inc.  (CIK 0002086744)",424B3,https://www.sec.gov/Archives/edgar/data/2006291/000119312526010468/project_sigma_424b3.htm
generative AI,False,DEFM14A,DEFM14A,2026-07-09,LIVEPERSON INC  (LPSN)  (CIK 0001102993),PROXY STATEMENT,https://www.sec.gov/Archives/edgar/data/1102993/000121390026076759/ea0297465-01.htm
generative AI,False,DEFM14A,DEFM14A,2026-06-05,"Cantor Equity Partners II, Inc.  (CEPT)  (CIK 0002034269)",PROXY STATEMENT,https://www.sec.gov/Archives/edgar/data/2034269/000121390026065822/ea0293597-01.htm
generative AI,False,DEFM14C,DEFM14C,2026-08-24,"DOMO, INC.  (DOMO)  (CIK 0001505952)",DEFM14C,https://www.sec.gov/Archives/edgar/data/1505952/000110465926099866/tm2621515-3_defm14c.htm
generative AI,False,DEFM14A,DEFM14A,2026-04-01,Penumbra Inc  (PEN)  (CIK 0001321732),DEFM14A,https://www.sec.gov/Archives/edgar/data/1321732/000114036126012785/ny20065749x1_defm14a.htm
generative AI,True,SC 13E3,EX-99.(A)-(1),2026-07-31,"Perfect Corp.  (PERF, PERFF)  (CIK 0001899830)",EXHIBIT (A)-(1),https://www.sec.gov/Archives/edgar/data/1899830/000110465926089222/tm2621676d1_ex99-a1.htm
generative AI,False,S-4/A,S-4/A,2026-07-10,"McCarthy Finney, Inc.  (MCFN)  (CIK 0002131882)",FORM S-4 AMENDMENT 2,https://www.sec.gov/Archives/edgar/data/2131882/000168316826005430/mccarthy_s4a2.htm
generative AI,False,424B3,424B3,2026-04-01,BOSTON SCIENTIFIC CORP  (BSX)  (CIK 0000885725),424B3,https://www.sec.gov/Archives/edgar/data/885725/000110465926038549/tm266847-7_424b3.htm
generative AI,False,S-1,S-1,2025-04-15,"Innventure, Inc.  (INV, INVLW)  (CIK 0002001557)",S-1,https://www.sec.gov/Archives/edgar/data/2001557/000162828025017890/innv-20250415.htm
generative AI,False,424B3,424B3,2026-08-11,"McCarthy Finney, Inc.  (MCFN)  (CIK 0002131882)",FORM 424B3,https://www.sec.gov/Archives/edgar/data/2131882/000168316826006208/mccarthy_424b3.htm
generative AI,False,424B3,424B3,2025-04-23,"Innventure, Inc.  (INV, INVLW)  (CIK 0002001557)",424B3,https://www.sec.gov/Archives/edgar/data/2001557/000162828025019358/innventureinc-424b3xsx1.htm
generative AI,False,S-4/A,S-4/A,2026-06-18,"McCarthy Finney, Inc.  (MCFN)  (CIK 0002131882)",AMENDMENT NO. 1 TO FORM S-4,https://www.sec.gov/Archives/edgar/data/2131882/000168316826004950/mccarthy_s4a1.htm
generative AI,False,S-4/A,S-4/A,2026-07-29,"McCarthy Finney, Inc.  (MCFN)  (CIK 0002131882)",FORM S-4 AMENDMENT NO. 3,https://www.sec.gov/Archives/edgar/data/2131882/000168316826005815/mccarthy_s4a3.htm
generative AI,False,DRS,DRS,2025-12-12,AIR Holdings Ltd  (CIK 0002097725),,https://www.sec.gov/Archives/edgar/data/2097725/000119312525317314/filename1.htm
generative AI,False,DEFM14A,DEFM14A,2026-08-11,"McCarthy Finney, Inc.  (MCFN)  (CIK 0002131882)",DEFINITIVE PROXY RELATING TO MERGER,https://www.sec.gov/Archives/edgar/data/2131882/000168316826006207/mccarthy_defm14a.htm
generative AI,False,DEFA14A,DEFA14A,2025-01-08,"Accolade, Inc.  (ACCD)  (CIK 0001481646)",DEFA14A,https://www.sec.gov/Archives/edgar/data/1481646/000114036125000545/ny20041213x2_defa14a.htm
generative AI,False,S-4,S-4,2025-09-19,"Churchill Capital Corp IX/Cayman  (CCIX, CCIXU, CCIXW)  (CIK 0002006291); Plus Automation, Inc.  (CIK 0002086744)",S-4,https://www.sec.gov/Archives/edgar/data/2006291/000119312525207719/ck0002006291-20250919.htm
generative AI,False,DEF 14A,DEF 14A,2026-09-23,"NEWS CORP  (NWS, NWSA, NWSLL)  (CIK 0001564708)",FORM- DEF 14A,https://www.sec.gov/Archives/edgar/data/1564708/000110465926109969/tm2624691-1_def14a.htm
generative AI,False,S-1/A,S-1/A,2025-04-10,"AIRO Group Holdings, Inc.  (AIRO)  (CIK 0001927958)",,https://www.sec.gov/Archives/edgar/data/1927958/000164117225003518/forms-1a.htm
generative AI,False,S-1,S-1,2025-02-21,"AIRO Group Holdings, Inc.  (CIK 0001927958)",,https://www.sec.gov/Archives/edgar/data/1927958/000149315225007934/forms-1.htm
generative AI,False,S-4/A,S-4/A,2025-12-30,"Churchill Capital Corp IX/Cayman  (CCIX, CCIXU, CCIXW)  (CIK 0002006291); Plus Automation, Inc.  (CIK 0002086744)",S-4/A,https://www.sec.gov/Archives/edgar/data/2006291/000119312525335940/ck0002006291-20251230.htm
generative AI,False,PREM14A,PREM14A,2026-07-27,"XWELL, Inc.  (XWEL)  (CIK 0001410428)",PREM14A,https://www.sec.gov/Archives/edgar/data/1410428/000110465926086712/tm2621012d1_prem14a.htm
generative AI,False,S-4/A,S-4/A,2026-01-12,"Churchill Capital Corp IX/Cayman  (CCIX, CCIXU, CCIXW)  (CIK 0002006291); Plus Automation, Inc.  (CIK 0002086744)",S-4/A,https://www.sec.gov/Archives/edgar/data/2006291/000119312526009645/ck0002006291-20260112.htm
generative AI,False,F-1/A,F-1/A,2025-05-29,ChowChow Cloud International Holdings Ltd  (CIK 0002041829),F-1/A,https://www.sec.gov/Archives/edgar/data/2041829/000164117225012773/formf-1a.htm
generative AI,False,20-F,20-F,2025-02-28,AMTD Digital Inc.  (HKD)  (CIK 0001809691),ANNUAL REPORT,https://www.sec.gov/Archives/edgar/data/1809691/000121390025018782/ea0231719-20f_amtd.htm
generative AI,False,S-4/A,S-4/A,2025-12-05,"Churchill Capital Corp IX/Cayman  (CCIX, CCIXU, CCIXW)  (CIK 0002006291); Plus Automation, Inc.  (CIK 0002086744)",S-4/A,https://www.sec.gov/Archives/edgar/data/2006291/000119312525309933/ck0002006291-20251205.htm
generative AI,False,10-K,10-K,2026-03-24,"Bright Mountain Media, Inc.  (BMTM)  (CIK 0001568385)",10-K,https://www.sec.gov/Archives/edgar/data/1568385/000119312526121933/bmtm-20251231.htm
generative AI,True,8-K,EX-2.1,2025-09-08,"Churchill Capital Corp X/Cayman  (CCCX, CCCXU, CCCXW)  (CIK 0002007825)",EX-2.1,https://www.sec.gov/Archives/edgar/data/2007825/000119312525197773/d14599dex21.htm
generative AI,False,S-1/A,S-1/A,2025-05-20,"AIRO Group Holdings, Inc.  (CIK 0001927958)",S-1/A,https://www.sec.gov/Archives/edgar/data/1927958/000164117225011785/forms-1a.htm
generative AI,False,F-1/A,F-1/A,2025-09-05,Diginex Ltd  (DGNX)  (CIK 0002010499),F-1/A,https://www.sec.gov/Archives/edgar/data/2010499/000164117225026615/formf-1a.htm
generative AI,False,20-F,20-F,2026-02-27,AMTD Digital Inc.  (HKD)  (CIK 0001809691),ANNUAL REPORT,https://www.sec.gov/Archives/edgar/data/1809691/000121390026021555/ea0276786-20f_amtd.htm
generative AI,False,ARS,ARS,2025-12-19,FRANKLIN COVEY CO  (FC)  (CIK 0000886206),ARS,https://www.sec.gov/Archives/edgar/data/886206/000114036125046096/ny20057868x3_ars.pdf
generative AI,False,S-1,S-1,2025-09-08,"AIRO Group Holdings, Inc.  (AIRO)  (CIK 0001927958)",S-1,https://www.sec.gov/Archives/edgar/data/1927958/000149315225012813/forms-1.htm
generative AI,False,20-F,20-F,2026-05-13,FORMULA SYSTEMS (1985) LTD  (FORTY)  (CIK 0001045986),ANNUAL REPORT,https://www.sec.gov/Archives/edgar/data/1045986/000121390026055948/ea0289446-20f_formula.htm
generative AI,False,DRS/A,DRS/A,2026-05-04,Bending Spoons S.p.A.  (CIK 0002004711),,https://www.sec.gov/Archives/edgar/data/2004711/000110465926054644/filename1.htm
generative AI,False,F-1,F-1,2025-07-28,Diginex Ltd  (DGNX)  (CIK 0002010499),F-1,https://www.sec.gov/Archives/edgar/data/2010499/000164117225021080/formf-1.htm
generative AI,False,20-F,20-F,2025-05-15,FORMULA SYSTEMS (1985) LTD  (FORTY)  (CIK 0001045986),ANNUAL REPORT,https://www.sec.gov/Archives/edgar/data/1045986/000121390025043461/ea0240850-20f_formula.htm
generative AI,False,S-4/A,S-4/A,2026-03-30,BOSTON SCIENTIFIC CORP  (BSX)  (CIK 0000885725),S-4/A,https://www.sec.gov/Archives/edgar/data/885725/000110465926036456/tm266847-3_s4a.htm
generative AI,False,DRS,DRS,2025-08-29,"AIRO Group Holdings, Inc.  (AIRO)  (CIK 0001927958)",,https://www.sec.gov/Archives/edgar/data/1927958/000164117225026038/filename1.htm
generative AI,False,S-4,S-4,2026-01-28,"Securitize Holdings, Inc.  (CIK 0002094496); Securitize, Inc.  (CIK 0001762096)",REGISTRATION STATEMENT,https://www.sec.gov/Archives/edgar/data/2094496/000121390026008915/ea0264119-02.htm
generative AI,False,S-4,S-4,2026-02-25,"Coursera, Inc.  (COUR)  (CIK 0001651562)",S-4,https://www.sec.gov/Archives/edgar/data/1651562/000114036126006778/ny20062436x1_s4.htm
generative AI,False,DEFM14A,DEFM14A,2026-03-02,"Crane Harbor Acquisition Corp.  (CHAC, CHACR, CHACU)  (CIK 0002054174)",PROXY STATEMENT,https://www.sec.gov/Archives/edgar/data/2054174/000121390026021952/ea0266307-x3.htm
generative AI,False,424B3,424B3,2026-03-02,Xanadu Quantum Technologies Ltd  (XNDU)  (CIK 0002097163); Xanadu Quantum Technologies Inc.  (CIK 0002097162),PROSPECTUS,https://www.sec.gov/Archives/edgar/data/2097163/000121390026021941/ea0266307-x2.htm
generative AI,False,424B3,424B3,2026-03-10,"Coursera, Inc.  (COUR)  (CIK 0001651562)",424B3,https://www.sec.gov/Archives/edgar/data/1651562/000114036126008783/ny20062436x3_424b3.htm
generative AI,False,F-1,F-1,2026-09-30,ROZE AI INC.  (RZAI)  (CIK 0002075335),REGISTRATION STATEMENT,https://www.sec.gov/Archives/edgar/data/2075335/000121390026105222/ea0306952-f1_roze.htm
generative AI,False,F-4/A,F-4/A,2026-02-23,Xanadu Quantum Technologies Ltd  (XNDU)  (CIK 0002097163); Xanadu Quantum Technologies Inc.  (CIK 0002097162),REGISTRATION STATEMENT,https://www.sec.gov/Archives/edgar/data/2097163/000121390026019023/ea0266307-05.htm
generative AI,False,DRS/A,DRS/A,2026-02-17,AIR Holdings Ltd  (CIK 0002097725); AIR Ltd  (CIK 0002109429),,https://www.sec.gov/Archives/edgar/data/2097725/000119312526051909/filename1.htm
generative AI,True,6-K,EX-99.1,2026-03-24,"SUN LIFE FINANCIAL INC  (SLF, SLFIF, SLFQF, SUNFF)  (CIK 0001097362)",EXHIBIT 99.1,https://www.sec.gov/Archives/edgar/data/1097362/000106299326001587/exhibit99-1.htm
generative AI,False,DEFM14A,DEFM14A,2026-03-10,"Udemy, Inc.  (UDMY)  (CIK 0001607939)",DEFM 14A,https://www.sec.gov/Archives/edgar/data/1607939/000114036126008785/ny20063463x1_defm14a.htm
generative AI,False,F-1/A,F-1/A,2025-02-19,SAGTEC GLOBAL Ltd  (SAGT)  (CIK 0002029138),REGISTRATION STATEMENT,https://www.sec.gov/Archives/edgar/data/2029138/000121390025015247/ea0211571-09.htm
generative AI,False,20-F,20-F,2025-02-20,"HSBC HOLDINGS PLC  (HSBC, HBCYF)  (CIK 0001089113)",20-F,https://www.sec.gov/Archives/edgar/data/1089113/000108911325000040/hsbc-20241231.htm
generative AI,False,S-4,S-4,2026-02-27,BOSTON SCIENTIFIC CORP  (BSX)  (CIK 0000885725),S-4,https://www.sec.gov/Archives/edgar/data/885725/000110465926021633/tm266847-1_s4.htm
generative AI,False,424B3,424B3,2026-04-22,AIR Holdings Ltd  (AIIR)  (CIK 0002097725); AIR Ltd  (CIK 0002109429),424B3,https://www.sec.gov/Archives/edgar/data/2097725/000119312526170549/project_genesis_-_final_.htm
generative AI,False,20-F,20-F,2026-03-12,MOLECULAR PARTNERS AG  (MOLN)  (CIK 0001745114),20-F,https://www.sec.gov/Archives/edgar/data/1745114/000174511426000009/moln-20251231.htm
generative AI,False,424B4,424B4,2025-03-07,SAGTEC GLOBAL Ltd  (SAGT)  (CIK 0002029138),PROSPECTUS,https://www.sec.gov/Archives/edgar/data/2029138/000121390025021563/ea0211571-11.htm
generative AI,False,F-4,F-4,2026-03-27,AIR Holdings Ltd  (CIK 0002097725); AIR Ltd  (CIK 0002109429),F-4,https://www.sec.gov/Archives/edgar/data/2097725/000119312526129446/ck0002097725-20260327.htm
generative AI,False,F-4/A,F-4/A,2026-04-14,AIR Holdings Ltd  (AIIR)  (CIK 0002097725); AIR Ltd  (CIK 0002109429),F-4/A,https://www.sec.gov/Archives/edgar/data/2097725/000119312526155085/project_genesis_-_f-4a1.htm
generative AI,False,F-4/A,F-4/A,2026-04-17,AIR Holdings Ltd  (AIIR)  (CIK 0002097725); AIR Ltd  (CIK 0002109429),F-4/A,https://www.sec.gov/Archives/edgar/data/2097725/000119312526161808/ck0002097725-20260417.htm
generative AI,False,DRS/A,DRS/A,2026-01-23,ROZE AI INC.  (CIK 0002075335),,https://www.sec.gov/Archives/edgar/data/2075335/000121390026006848/filename1.htm
generative AI,False,DEF 14A,DEF 14A,2025-01-22,"MAXIMUS, INC.  (MMS)  (CIK 0001032220)",DEF 14A,https://www.sec.gov/Archives/edgar/data/1032220/000103222025000010/mms-20250121.htm
generative AI,False,DEF 14A,DEF 14A,2026-10-08,"XWELL, Inc.  (XWEL)  (CIK 0001410428)",DEF 14A,https://www.sec.gov/Archives/edgar/data/1410428/000110465926114457/tm2621012d2_def14a.htm
generative AI,False,DEFM14A,DEFM14A,2025-10-23,Hanesbrands Inc.  (HBI)  (CIK 0001359841),DEFM14A,https://www.sec.gov/Archives/edgar/data/1359841/000110465925101676/tm2526306-8_defm14a.htm
generative AI,False,F-4/A,F-4/A,2025-10-03,Gildan Activewear Inc.  (GIL)  (CIK 0001061894),F-4/A,https://www.sec.gov/Archives/edgar/data/1061894/000110465925096709/tm2526306-2_f4a.htm
generative AI,False,DEF 14A,DEF 14A,2026-04-22,"Cantor Equity Partners III, Inc.  (CAEP)  (CIK 0002034268)",DEF 14A,https://www.sec.gov/Archives/edgar/data/2034268/000119312526170505/caep_def_14a.htm
generative AI,False,424B4,424B4,2025-06-16,"AIRO Group Holdings, Inc.  (AIRO)  (CIK 0001927958)",424B4,https://www.sec.gov/Archives/edgar/data/1927958/000164117225015147/form424b4.htm
generative AI,False,20-F,20-F,2026-04-23,Cheetah Mobile Inc.  (CMCM)  (CIK 0001597835),20-F,https://www.sec.gov/Archives/edgar/data/1597835/000119312526171821/cmcm-20251231.htm
generative AI,False,10-K,10-K,2025-06-11,23andMe Holding Co.  (MEHCQ)  (CIK 0001804591),10-K,https://www.sec.gov/Archives/edgar/data/1804591/000162828025030786/mehcq-20250331.htm
generative AI,True,425,EX-2.1,2026-06-24,"Churchill Capital Corp XI  (CCXI, CCXIU, CCXIW)  (CIK 0002074973)","AGREEMENT AND PLAN OF MERGER AND REORGANIZATION, DATED AS OF JUNE 24, 2026, BY AND AMONG CHURCHILL CAPITAL CORP XI, BLB MERGER SUB, INC. AND AGILITY ROBOTICS, INC",https://www.sec.gov/Archives/edgar/data/2074973/000121390026071290/ea029548401ex2-1.htm
generative AI,False,F-4,F-4,2025-09-22,Gildan Activewear Inc.  (GIL)  (CIK 0001061894),F-4,https://www.sec.gov/Archives/edgar/data/1061894/000110465925091787/tm2526306d1_f4.htm
generative AI,False,F-4,F-4,2026-01-28,Xanadu Quantum Technologies Ltd  (CIK 0002097163); Xanadu Quantum Technologies Inc.  (CIK 0002097162),REGISTRATION STATEMENT,https://www.sec.gov/Archives/edgar/data/2097163/000121390026008363/ea0266307-03.htm
generative AI,False,DRS/A,DRS/A,2026-05-26,Bending Spoons S.p.A.  (CIK 0002004711),,https://www.sec.gov/Archives/edgar/data/2004711/000110465926066373/filename1.htm
generative AI,False,424B4,424B4,2025-09-12,"AIRO Group Holdings, Inc.  (AIRO)  (CIK 0001927958)",424B4,https://www.sec.gov/Archives/edgar/data/1927958/000149315225013119/form424b4.htm
generative AI,False,F-1/A,F-1/A,2026-07-27,ROZE AI INC.  (ROZE)  (CIK 0002075335),AMENDMENT NO. 1 TO FORM F-1,https://www.sec.gov/Archives/edgar/data/2075335/000121390026081788/ea0298482-f1a1_roze.htm
generative AI,True,8-K,EX-2.1,2026-06-24,"Churchill Capital Corp XI  (CCXI, CCXIU, CCXIW)  (CIK 0002074973)","AGREEMENT AND PLAN OF MERGER AND REORGANIZATION, DATED AS OF JUNE 24, 2026, BY AND AMONG CHURCHILL CAPITAL CORP XI, BLB MERGER SUB, INC. AND AGILITY ROBOTICS, INC",https://www.sec.gov/Archives/edgar/data/2074973/000121390026071287/ea029548401ex2-1.htm
generative AI,False,F-1/A,F-1/A,2026-09-16,ROZE AI INC.  (ROZE)  (CIK 0002075335),AMENDMENT NO. 5 TO FORM F-1,https://www.sec.gov/Archives/edgar/data/2075335/000121390026100443/ea0305507-f1a5_roze.htm
generative AI,False,F-1/A,F-1/A,2026-08-21,ROZE AI INC.  (ROZE)  (CIK 0002075335),AMENDMENT NO. 3 TO FORM F-1,https://www.sec.gov/Archives/edgar/data/2075335/000121390026092289/ea0302951-f1a3_roze.htm
generative AI,False,F-1/A,F-1/A,2026-08-11,ROZE AI INC.  (ROZE)  (CIK 0002075335),AMENDMENT NO. 2 TO FORM F-1,https://www.sec.gov/Archives/edgar/data/2075335/000121390026087750/ea0301436-f1a2_roze.htm
generative AI,False,F-1,F-1,2026-06-08,Bending Spoons S.p.A.  (CIK 0002004711),F-1,https://www.sec.gov/Archives/edgar/data/2004711/000110465926071170/tm2613674-7_f1.htm
generative AI,False,F-1/A,F-1/A,2026-06-22,Bending Spoons S.p.A.  (BSP)  (CIK 0002004711),F-1/A,https://www.sec.gov/Archives/edgar/data/2004711/000110465926076487/tm2613674-10_f1.htm
generative AI,False,DRS,DRS,2025-11-21,Xanadu Quantum Technologies Ltd  (CIK 0002097163); Xanadu Quantum Technologies Inc.  (CIK 0002097162),,https://www.sec.gov/Archives/edgar/data/2097163/000121390025113711/filename1.htm
generative AI,False,DEF 14A,DEF 14A,2025-04-25,PEGASYSTEMS INC  (PEGA)  (CIK 0001013857),DEF 14A,https://www.sec.gov/Archives/edgar/data/1013857/000101385725000112/pega-20250425.htm
generative AI,False,DRS,DRS,2026-07-14,"Churchill Capital Corp XI  (CCXI, CCXIU, CCXIW)  (CIK 0002074973); Agility Robotics, Inc.  (CIK 0001727116)",,https://www.sec.gov/Archives/edgar/data/2074973/000121390026077755/filename1.htm
generative AI,False,DRS/A,DRS/A,2025-02-28,ChowChow Cloud International Holdings Ltd  (CIK 0002041829),,https://www.sec.gov/Archives/edgar/data/2041829/000149315225008591/filename1.htm
generative AI,False,DRS/A,DRS/A,2025-02-10,ChowChow Cloud International Holdings Ltd  (CIK 0002041829),,https://www.sec.gov/Archives/edgar/data/2041829/000149315225005658/filename1.htm
generative AI,False,PRE 14A,PRE 14A,2025-04-11,PEGASYSTEMS INC  (PEGA)  (CIK 0001013857),PRE 14A,https://www.sec.gov/Archives/edgar/data/1013857/000101385725000096/pega-20250411.htm
generative AI,False,424B4,424B4,2026-07-01,Bending Spoons S.p.A.  (BSP)  (CIK 0002004711),424B4,https://www.sec.gov/Archives/edgar/data/2004711/000110465926079884/tm2613674-14_424b4.htm
generative AI,False,DEF 14A,DEF 14A,2025-04-24,"Salesforce, Inc.  (CRM)  (CIK 0001108524)",DEF 14A,https://www.sec.gov/Archives/edgar/data/1108524/000110852425000009/crm-20250424.htm
generative AI,False,POS AM,POS AM,2026-03-31,"Churchill Capital Corp IX/Cayman  (CCIX, CCIXU, CCIXW)  (CIK 0002006291); Plus Automation, Inc.  (CIK 0002086744)",POS AM,https://www.sec.gov/Archives/edgar/data/2006291/000119312526134966/ck0002006291-20260331.htm
generative AI,False,PRE 14A,PRE 14A,2026-04-13,Keenova Therapeutics plc  (CIK 0001567892),PRE 14A,https://www.sec.gov/Archives/edgar/data/1567892/000110465926042667/tm261525-2_pre14a.htm
generative AI,False,DEF 14A,DEF 14A,2026-04-27,Keenova Therapeutics plc  (CIK 0001567892),DEF 14A,https://www.sec.gov/Archives/edgar/data/1567892/000110465926049076/tm261525-4_def14a.htm
generative AI,False,424B3,424B3,2026-04-03,"Churchill Capital Corp IX/Cayman  (CCIX, CCIXU, CCIXW)  (CIK 0002006291)",424B3,https://www.sec.gov/Archives/edgar/data/2006291/000119312526142368/ccixplusai_-_424b3_april.htm
generative AI,False,F-1/A,F-1/A,2026-09-09,ROZE AI INC.  (ROZE)  (CIK 0002075335),AMENDMENT NO. 4 TO FORM F-1,https://www.sec.gov/Archives/edgar/data/2075335/000121390026098134/ea0304797-f1a4_roze.htm
generative AI,False,S-4,S-4,2026-09-04,"Churchill Capital Corp XI  (CCXI, CCXIU, CCXIW)  (CIK 0002074973); Agility Robotics, Inc.  (CIK 0001727116)",REGISTRATION STATEMENT,https://www.sec.gov/Archives/edgar/data/2074973/000121390026097764/ea0297114-04.htm
generative AI,False,ARS,ARS,2026-01-16,Johnson Controls International plc  (JCI)  (CIK 0000833444),ARS,https://www.sec.gov/Archives/edgar/data/833444/000110465926004571/tm2524665d9_ars.pdf
generative AI,False,ARS,ARS,2025-01-21,Johnson Controls International plc  (JCI)  (CIK 0000833444),ARS,https://www.sec.gov/Archives/edgar/data/833444/000110465925004924/tm253175d1_ars.pdf
generative AI,False,S-4/A,S-4/A,2026-09-30,"Churchill Capital Corp XI  (CCXI, CCXIU, CCXIW)  (CIK 0002074973); Agility Robotics, Inc.  (CIK 0001727116)",REGISTRATION STATEMENT,https://www.sec.gov/Archives/edgar/data/2074973/000121390026105334/ea0297114-05.htm
generative AI,False,DRS/A,DRS/A,2025-01-13,ChowChow Cloud International Holdings Ltd  (CIK 0002041829),,https://www.sec.gov/Archives/edgar/data/2041829/000149315225001833/filename1.htm
generative AI,False,F-1,F-1,2025-04-01,ChowChow Cloud International Holdings Ltd  (CIK 0002041829),,https://www.sec.gov/Archives/edgar/data/2041829/000164117225001938/formf-1.htm
generative AI,False,ARS,ARS,2025-03-26,DraftKings Inc.  (DKNG)  (CIK 0001883685),ARS,https://www.sec.gov/Archives/edgar/data/1883685/000110465925028289/tm252515d4_ars.pdf
generative AI,False,DRS/A,DRS/A,2025-03-19,ChowChow Cloud International Holdings Ltd  (CIK 0002041829),,https://www.sec.gov/Archives/edgar/data/2041829/000149315225010898/filename1.htm
generative AI,False,DRS/A,DRS/A,2026-08-17,"Churchill Capital Corp XI  (CCXI, CCXIU, CCXIW)  (CIK 0002074973); Agility Robotics, Inc.  (CIK 0001727116)",,https://www.sec.gov/Archives/edgar/data/2074973/000121390026090791/filename1.htm
generative AI,False,F-1,F-1,2026-05-11,ROZE AI INC.  (CIK 0002075335),REGISTRATION STATEMENT,https://www.sec.gov/Archives/edgar/data/2075335/000121390026054085/ea0289273-f1_roze.htm
generative AI,False,S-4/A,S-4/A,2026-09-23,"Blockfusion Digital Infrastructure, Inc.  (BLDC)  (CIK 0002097508); Blockfusion USA, Inc.  (CIK 0001910992)",FORM S-4/A,https://www.sec.gov/Archives/edgar/data/2097508/000118518526004213/bldcs4a4091826.htm
generative AI,True,6-K,EX-99.1,2025-03-26,"PRUDENTIAL PLC  (PUK, PUKPF)  (CIK 0001116578)",ANNUAL REPORT,https://www.sec.gov/Archives/edgar/data/1116578/000110465925028061/tm2429688d5_ex99-1.pdf
generative AI,False,N-CSR,N-CSR,2026-05-07,Invesco Dynamic Credit Opportunity Fund  (CIK 0001860151),N-CSR,https://www.sec.gov/Archives/edgar/data/1860151/000119312526210688/d120572dncsr.htm
generative AI,True,6-K,EX-99.1,2025-04-04,"TENARIS SA  (TS, TNRSF)  (CIK 0001190723)",EXHIBIT 99.1,https://www.sec.gov/Archives/edgar/data/1190723/000117184325002035/exh_991.pdf
generative AI,False,ARS,ARS,2025-04-15,GARTNER INC  (IT)  (CIK 0000749251),ARS,https://www.sec.gov/Archives/edgar/data/749251/000074925125000022/gartnerinc2024annualreport.pdf
generative AI,False,20-F,20-F,2025-04-15,Cheetah Mobile Inc.  (CMCM)  (CIK 0001597835),20-F,https://www.sec.gov/Archives/edgar/data/1597835/000095017025053935/cmcm-20241231.htm
generative AI,False,425,425,2025-01-13,"Enfusion, Inc.  (ENFN)  (CIK 0001868912); Clearwater Analytics Holdings, Inc.  (CIK 0001866368)",425,https://www.sec.gov/Archives/edgar/data/1868912/000119312525004988/d921635d425.htm
generative AI,False,DRS/A,DRS/A,2026-03-09,ROZE AI INC.  (CIK 0002075335),,https://www.sec.gov/Archives/edgar/data/2075335/000121390026025204/filename1.htm
generative AI,True,40-F,EX-99.1,2026-05-21,Lightspeed Commerce Inc.  (LSPD)  (CIK 0001823306),EX-99.1,https://www.sec.gov/Archives/edgar/data/1823306/000182330626000025/annualinformationform2026.htm
generative AI,False,PREM14A,PREM14A,2026-08-10,BIO-TECHNE Corp  (TECH)  (CIK 0000842023),PREM14A,https://www.sec.gov/Archives/edgar/data/842023/000114036126032037/ny20078105x1_prem14a.htm
generative AI,False,DEFM14A,DEFM14A,2026-08-20,BIO-TECHNE Corp  (TECH)  (CIK 0000842023),DEFM14A,https://www.sec.gov/Archives/edgar/data/842023/000114036126033911/ny20078105x2_defm14a.htm
generative AI,False,20-F,20-F,2025-03-06,MOLECULAR PARTNERS AG  (MOLN)  (CIK 0001745114),20-F,https://www.sec.gov/Archives/edgar/data/1745114/000174511425000009/moln-20241231.htm
generative AI,False,424B3,424B3,2025-04-30,"Getty Images Holdings, Inc.  (GETY)  (CIK 0001898496)",PROSPECTUS,https://www.sec.gov/Archives/edgar/data/1898496/000121390025037626/ea0235881-03.htm
generative AI,False,DEFM14A,DEFM14A,2025-04-30,"Shutterstock, Inc.  (SSTK)  (CIK 0001549346)",PROXY STATEMENT,https://www.sec.gov/Archives/edgar/data/1549346/000121390025037645/ea0239849-01.htm
generative AI,False,10-K,10-K,2025-02-14,DraftKings Inc.  (DKNG)  (CIK 0001883685),10-K,https://www.sec.gov/Archives/edgar/data/1883685/000188368525000010/dkng-20241231.htm
generative AI,False,S-4,S-4,2025-03-31,"Getty Images Holdings, Inc.  (GETY)  (CIK 0001898496)",REGISTRATION STATEMENT,https://www.sec.gov/Archives/edgar/data/1898496/000101376225004383/ea0235881-01.htm
generative AI,False,S-4/A,S-4/A,2025-04-28,"Getty Images Holdings, Inc.  (GETY)  (CIK 0001898496)",REGISTRATION STATEMENT,https://www.sec.gov/Archives/edgar/data/1898496/000121390025036138/ea0235881-02.htm
generative AI,False,ARS,ARS,2026-04-28,HCW Biologics Inc.  (HCWB)  (CIK 0001828673),ARS,https://www.sec.gov/Archives/edgar/data/1828673/000149315226019412/formars.pdf
generative AI,False,DRS,DRS,2025-03-10,"Invea Therapeutics, Inc  (CIK 0001906425)",,https://www.sec.gov/Archives/edgar/data/1906425/000121390025022187/filename1.htm
generative AI,False,425,425,2025-09-08,"Churchill Capital Corp X/Cayman  (CCCX, CCCXU, CCCXW)  (CIK 0002007825)",425,https://www.sec.gov/Archives/edgar/data/2007825/000119312525197780/d14599d425.htm
generative AI,False,PRE 14A,PRE 14A,2026-05-01,"Corvex, Inc.  (MOVE)  (CIK 0001734750)",PRE 14A,https://www.sec.gov/Archives/edgar/data/1734750/000114036126018404/ny20066593x1_pre14a.htm
generative AI,True,40-F,EX-99.1,2026-02-27,"Curaleaf Holdings, Inc.  (CURLF)  (CIK 0001756770)",EX-99.1,https://www.sec.gov/Archives/edgar/data/1756770/000175677026000019/q425-exx991xaif.htm
generative AI,False,DRS,DRS,2025-08-01,Cloud Data Holdings Corp  (CIK 0002078905),,https://www.sec.gov/Archives/edgar/data/2078905/000121390025070534/filename1.htm
generative AI,False,DRS/A,DRS/A,2025-09-10,Cloud Data Holdings Corp  (CIK 0002078905),,https://www.sec.gov/Archives/edgar/data/2078905/000121390025086445/filename1.htm
generative AI,True,SC 13E3/A,EX-99,2026-08-21,Cloopen Group Holding Ltd  (RAASY)  (CIK 0001804583),EX-99,https://www.sec.gov/Archives/edgar/data/1804583/000149315226039546/exa-1.htm
generative AI,True,F-80,EX-3.3,2026-08-18,"Curaleaf Holdings, Inc.  (CURLF)  (CIK 0001756770)",EXHIBIT 3.3,https://www.sec.gov/Archives/edgar/data/1756770/000110465926098176/tm2623363d4_ex3-3.htm
generative AI,False,DRS/A,DRS/A,2025-09-30,Cloud Data Holdings Corp  (CIK 0002078905),,https://www.sec.gov/Archives/edgar/data/2078905/000121390025093722/filename1.htm
generative AI,False,F-1,F-1,2025-12-29,Riverstone Ltd  (CIK 0002062397),F-1,https://www.sec.gov/Archives/edgar/data/2062397/000149315225029305/formf-1.htm
generative AI,False,DRS/A,DRS/A,2025-02-13,"Circle Internet Group, Inc.  (CIK 0001876042)",,https://www.sec.gov/Archives/edgar/data/1876042/000095012325001965/filename1.htm
generative AI,True,SC 13E3,EX-99,2026-06-02,Cloopen Group Holding Ltd  (RAASY)  (CIK 0001804583),EX-99,https://www.sec.gov/Archives/edgar/data/1804583/000149315226026782/exa-1.htm
generative AI,True,SC 13E3/A,EX-99,2026-08-11,Cloopen Group Holding Ltd  (RAASY)  (CIK 0001804583),EX-99,https://www.sec.gov/Archives/edgar/data/1804583/000149315226036959/exa-1.htm
generative AI,False,DRS/A,DRS/A,2025-09-26,Riverstone Ltd  (CIK 0002062397),,https://www.sec.gov/Archives/edgar/data/2062397/000149315225015051/filename1.htm
generative AI,False,425,425,2026-02-02,DEVON ENERGY CORP/DE  (DVN)  (CIK 0001090012),425,https://www.sec.gov/Archives/edgar/data/1090012/000119312526032769/d75203d425.htm
generative AI,False,424B3,424B3,2025-05-20,"ServiceNow, Inc.  (NOW)  (CIK 0001373715)",424B3,https://www.sec.gov/Archives/edgar/data/1373715/000119312525123177/d210236d424b3.htm
generative AI,False,10-K,10-K,2026-03-31,"Alaunos Therapeutics, Inc.  (TCRT)  (CIK 0001107421)",10-K,https://www.sec.gov/Archives/edgar/data/1107421/000119312526134720/tcrt-20251231.htm
generative AI,False,S-4,S-4,2025-04-23,"ServiceNow, Inc.  (NOW)  (CIK 0001373715)",S-4,https://www.sec.gov/Archives/edgar/data/1373715/000119312525091451/d210236ds4.htm
generative AI,False,S-4/A,S-4/A,2025-05-13,"ServiceNow, Inc.  (NOW)  (CIK 0001373715)",S-4/A,https://www.sec.gov/Archives/edgar/data/1373715/000119312525118914/d210236ds4a.htm
generative AI,False,DRS,DRS,2026-03-27,AKZO NOBEL NV  (CIK 0000003124),,https://www.sec.gov/Archives/edgar/data/3124/000119312526129005/filename1.htm
generative AI,False,10-K,10-K,2026-03-31,HCW Biologics Inc.  (HCWB)  (CIK 0001828673),10-K,https://www.sec.gov/Archives/edgar/data/1828673/000119312526134934/hcwb-20251231.htm
generative AI,False,DEFM14A,DEFM14A,2026-06-24,Axalta Coating Systems Ltd.  (AXTA)  (CIK 0001616862),DEFM14A,https://www.sec.gov/Archives/edgar/data/1616862/000119312526280277/d107826ddefm14a.htm
generative AI,False,F-4/A,F-4/A,2025-01-17,Webull Corp  (CIK 0001866364),REGISTRATION STATEMENT,https://www.sec.gov/Archives/edgar/data/1866364/000121390025004334/ea0201669-17.htm
generative AI,False,F-4/A,F-4/A,2025-01-31,Webull Corp  (CIK 0001866364),REGISTRATION STATEMENT,https://www.sec.gov/Archives/edgar/data/1866364/000121390025008515/ea0201669-20.htm
generative AI,False,F-4/A,F-4/A,2026-06-18,"AKZO NOBEL NV  (AKZOF, AKZOY)  (CIK 0000003124)",F-4/A,https://www.sec.gov/Archives/edgar/data/3124/000119312526275378/d107826df4a.htm
generative AI,False,424B3,424B3,2026-06-24,"AKZO NOBEL NV  (AKZOF, AKZOY)  (CIK 0000003124)",424B3,https://www.sec.gov/Archives/edgar/data/3124/000119312526280273/d107826d424b3.htm
generative AI,False,DRS/A,DRS/A,2026-05-04,AKZO NOBEL NV  (CIK 0000003124),,https://www.sec.gov/Archives/edgar/data/3124/000119312526202004/filename1.htm
generative AI,False,DEF 14A,DEF 14A,2026-06-05,"Corvex, Inc.  (MOVE)  (CIK 0001734750)",DEF 14A,https://www.sec.gov/Archives/edgar/data/1734750/000114036126024310/ny20066593x3_def14a.htm
generative AI,False,S-4/A,S-4/A,2026-08-05,OppFi Inc.  (OPFI)  (CIK 0001818502),S-4/A,https://www.sec.gov/Archives/edgar/data/1818502/000119312526335050/d207829ds4a.htm
generative AI,False,F-4/A,F-4/A,2025-03-04,Webull Corp  (CIK 0001866364),REGISTRATION STATEMENT,https://www.sec.gov/Archives/edgar/data/1866364/000121390025020294/ea0201669-22.htm
generative AI,False,F-4,F-4,2026-05-28,AKZO NOBEL NV  (CIK 0000003124),F-4,https://www.sec.gov/Archives/edgar/data/3124/000119312526242631/d107826df4.htm
generative AI,False,424B3,424B3,2025-05-27,IGTA Merger Sub Ltd  (PRGY)  (CIK 0001997698),PROSPECTUS,https://www.sec.gov/Archives/edgar/data/1997698/000121390025047841/ea0201720-27.htm
generative AI,False,S-4,S-4,2026-07-27,"OppFi Inc.  (OPFI, OPFI-WT)  (CIK 0001818502)",S-4,https://www.sec.gov/Archives/edgar/data/1818502/000119312526318282/d207829ds4.htm
generative AI,False,S-1,S-1,2025-01-15,"MUSTANG BIO, INC.  (MBIO)  (CIK 0001680048)",S-1,https://www.sec.gov/Archives/edgar/data/1680048/000141057825000028/tmb-20240930xs1.htm
generative AI,False,424B3,424B3,2026-08-06,OppFi Inc.  (OPFI)  (CIK 0001818502),424B3,https://www.sec.gov/Archives/edgar/data/1818502/000119312526338435/d207829d424b3.htm
generative AI,False,S-4/A,S-4/A,2025-05-07,IGTA Merger Sub Ltd  (PRGY)  (CIK 0001997698),REGISTRATION STATEMENT,https://www.sec.gov/Archives/edgar/data/1997698/000121390025040649/ea0201720-25.htm
generative AI,False,PRE 14A,PRE 14A,2026-09-08,"KUSTOM ENTERTAINMENT, INC.  (KUST)  (CIK 0001342958)",PRE 14A,https://www.sec.gov/Archives/edgar/data/1342958/000149315226041809/formpre14a.htm
generative AI,True,6-K,EX-99.1,2025-04-01,"SatixFy Communications Ltd.  (SATX, STXYF)  (CIK 0001915403)",EXHIBIT 99.1,https://www.sec.gov/Archives/edgar/data/1915403/000117891325001139/exhibit_99-1.htm
generative AI,False,PRER14A,PRER14A,2025-07-31,"TaskUs, Inc.  (TASK)  (CIK 0001829864)",PRER14A,https://www.sec.gov/Archives/edgar/data/1829864/000119312525170087/d111106dprer14a.htm
generative AI,False,S-1/A,S-1/A,2025-02-05,"MUSTANG BIO, INC.  (MBIO)  (CIK 0001680048)",S-1/A,https://www.sec.gov/Archives/edgar/data/1680048/000110465925009408/tmb-20240930xs1a.htm
generative AI,False,S-4,S-4,2026-04-28,"Xtend AI Robotics, Inc.  (CIK 0002111860)",S-4,https://www.sec.gov/Archives/edgar/data/2111860/000119312526187219/d121457ds4.htm
generative AI,False,S-4/A,S-4/A,2025-04-16,IGTA Merger Sub Ltd  (PRGY)  (CIK 0001997698),REGISTRATION STATEMENT,https://www.sec.gov/Archives/edgar/data/1997698/000121390025032515/ea0201720-23.htm
generative AI,False,PREM14A,PREM14A,2025-07-01,"TaskUs, Inc.  (TASK)  (CIK 0001829864)",PREM14A,https://www.sec.gov/Archives/edgar/data/1829864/000119312525153454/d111106dprem14a.htm
generative AI,False,DEFM14A,DEFM14A,2025-05-27,"Inception Growth Acquisition Ltd  (IGTA, IGTAR, IGTAU, IGTAW)  (CIK 0001866838)",PROXY STATEMENT,https://www.sec.gov/Archives/edgar/data/1866838/000121390025047847/ea0243490-01.htm
generative AI,False,S-4/A,S-4/A,2025-01-15,IGTA Merger Sub Ltd  (PRGY)  (CIK 0001997698),REGISTRATION STATEMENT,https://www.sec.gov/Archives/edgar/data/1997698/000121390025003864/ea0201720-17.htm
generative AI,False,424B3,424B3,2025-03-10,Webull Corp  (CIK 0001866364),PROSPECTUS,https://www.sec.gov/Archives/edgar/data/1866364/000121390025022229/ea0201669-24.htm
generative AI,True,8-K,EX-2.1,2026-09-04,FLEX LTD.  (FLEX)  (CIK 0000866374),EX-2.1,https://www.sec.gov/Archives/edgar/data/866374/000119312526382492/d108491dex21.htm
generative AI,False,DEFM14A,DEFM14A,2025-03-10,"SK Growth Opportunities Corp  (SKGR, SKGRU, SKGRW)  (CIK 0001912461)",PROXY STATEMENT,https://www.sec.gov/Archives/edgar/data/1912461/000121390025022264/ea0233691-01.htm
generative AI,False,S-4/A,S-4/A,2025-03-28,IGTA Merger Sub Ltd  (PRGY)  (CIK 0001997698),REGISTRATION STATEMENT,https://www.sec.gov/Archives/edgar/data/1997698/000101376225004113/ea0201720-21.htm
generative AI,False,S-4/A,S-4/A,2025-02-06,IGTA Merger Sub Ltd  (PRGY)  (CIK 0001997698),REGISTRATION STATEMENT,https://www.sec.gov/Archives/edgar/data/1997698/000121390025010968/ea0201720-19.htm
generative AI,False,DEFM14A,DEFM14A,2025-08-08,"TaskUs, Inc.  (TASK)  (CIK 0001829864)",DEFM14A,https://www.sec.gov/Archives/edgar/data/1829864/000119312525176997/d111106ddefm14a.htm
generative AI,True,6-K,EX-99.2,2026-03-13,"Haleon plc  (HLN, HLNCF)  (CIK 0001900304)",ANNUAL REPORT AND ACCOUNTS & FORM 20-F 2025,https://www.sec.gov/Archives/edgar/data/1900304/000165495426002249/annualreportandform20-f20.pdf
generative AI,False,PRER14A,PRER14A,2026-05-27,"Corvex, Inc.  (MOVE)  (CIK 0001734750)",PRER14A,https://www.sec.gov/Archives/edgar/data/1734750/000114036126023007/ny20066593x2_prer14a.htm
generative AI,False,425,425,2026-10-05,"RXO, Inc.  (RXO)  (CIK 0001929561); C. H. ROBINSON WORLDWIDE, INC.  (CIK 0001043277)",425,https://www.sec.gov/Archives/edgar/data/1929561/000119312526413211/d115124d425.htm
generative AI,False,PREM14A,PREM14A,2025-10-17,TIPTREE INC.  (TIPT)  (CIK 0001393726),PREM14A,https://www.sec.gov/Archives/edgar/data/1393726/000114036125038514/ny20056544x1_prem14a.htm
generative AI,False,10-K,10-K,2026-04-09,"T3 Defense Inc.  (DFNS, DFNSW)  (CIK 0001787518)",ANNUAL REPORT,https://www.sec.gov/Archives/edgar/data/1787518/000121390026041888/ea0282720-10k_t3defense.htm
generative AI,False,DRS,DRS,2025-04-11,Riverstone Ltd  (CIK 0002062397),,https://www.sec.gov/Archives/edgar/data/2062397/000164117225003767/filename1.htm
generative AI,False,F-1,F-1,2025-12-30,Optimal AI Ltd  (CIK 0002083345),REGISTRATION STATEMENT,https://www.sec.gov/Archives/edgar/data/2083345/000121390025126476/ea0271093-f1_optimal.htm
generative AI,False,S-4,S-4,2026-07-21,"Passage BIO, Inc.  (PASG)  (CIK 0001787297)",S-4,https://www.sec.gov/Archives/edgar/data/1787297/000114036126029162/ny20077915x1_s4.htm
generative AI,False,DEFM14A,DEFM14A,2025-10-31,TIPTREE INC.  (TIPT)  (CIK 0001393726),DEFM14A,https://www.sec.gov/Archives/edgar/data/1393726/000114036125039949/ny20056544x2_defm14a.htm
generative AI,False,10-K,10-K,2026-02-25,"Apollo Global Management, Inc.  (APO, APOS, APO-PA)  (CIK 0001858681)",10-K,https://www.sec.gov/Archives/edgar/data/1858681/000185868126000013/apo-20251231.htm
generative AI,False,S-4/A,S-4/A,2026-09-03,"Passage BIO, Inc.  (PASG)  (CIK 0001787297)",S-4A,https://www.sec.gov/Archives/edgar/data/1787297/000114036126035517/ny20077915x3_s4a.htm
generative AI,False,PRER14A,PRER14A,2026-09-16,"KUSTOM ENTERTAINMENT, INC.  (KUST)  (CIK 0001342958)",PRER14A,https://www.sec.gov/Archives/edgar/data/1342958/000149315226042812/formprer14a.htm
generative AI,False,S-4/A,S-4/A,2026-10-05,"Passage BIO, Inc.  (PASG)  (CIK 0001787297)",S-4/A,https://www.sec.gov/Archives/edgar/data/1787297/000114036126038646/ny20077915x8_s4a.htm
generative AI,False,S-4/A,S-4/A,2026-10-08,"Passage BIO, Inc.  (PASG)  (CIK 0001787297)",S-4/A,https://www.sec.gov/Archives/edgar/data/1787297/000114036126039151/ny20077915x12_s4a.htm
generative AI,False,PRER14A,PRER14A,2026-09-18,"KUSTOM ENTERTAINMENT, INC.  (KUST)  (CIK 0001342958)",PRER14A,https://www.sec.gov/Archives/edgar/data/1342958/000149315226043302/formprer14a.htm
generative AI,False,S-4/A,S-4/A,2026-09-21,"Passage BIO, Inc.  (PASG)  (CIK 0001787297)",S-4/A,https://www.sec.gov/Archives/edgar/data/1787297/000114036126037256/ny20077915x5_s4a.htm
generative AI,False,10-K,10-K,2025-03-31,AgEagle Aerial Systems Inc.  (UAVS)  (CIK 0000008504),,https://www.sec.gov/Archives/edgar/data/8504/000164117225001563/form10-k.htm
generative AI,False,20-F,20-F,2026-03-13,"Haleon plc  (HLN, HLNCF)  (CIK 0001900304)",20-F,https://www.sec.gov/Archives/edgar/data/1900304/000110465926027443/hln-20251231x20f.htm
generative AI,False,10-K,10-K,2025-03-10,"Bright Mountain Media, Inc.  (BMTM)  (CIK 0001568385)",10-K,https://www.sec.gov/Archives/edgar/data/1568385/000095017025036193/bmtm-20241231.htm
generative AI,False,ARS,ARS,2025-04-30,AgEagle Aerial Systems Inc.  (UAVS)  (CIK 0000008504),ARS,https://www.sec.gov/Archives/edgar/data/8504/000164117225007909/formars.pdf
generative AI,False,DEF 14A,DEF 14A,2026-09-22,"KUSTOM ENTERTAINMENT, INC.  (KUST)  (CIK 0001342958)",DEF 14A,https://www.sec.gov/Archives/edgar/data/1342958/000149315226043692/formdef14a.htm
generative AI,False,S-4,S-4,2025-03-24,"Yukon New Parent, Inc.  (MLCI)  (CIK 0002051820)",S-4,https://www.sec.gov/Archives/edgar/data/2051820/000205182025000021/yukonnewparents-4.htm
generative AI,True,6-K,EX-1,2026-02-13,"British American Tobacco p.l.c.  (BTI, BTAFF)  (CIK 0001303523)",EX-1,https://www.sec.gov/Archives/edgar/data/1303523/000130352326000019/ara_uk2025fy.htm
generative AI,False,DEFR14A,DEFR14A,2026-09-23,"KUSTOM ENTERTAINMENT, INC.  (KUST)  (CIK 0001342958)",DEFR14A,https://www.sec.gov/Archives/edgar/data/1342958/000149315226043769/formdefr14a.htm
generative AI,True,6-K,EX-99.1,2026-03-26,"PRUDENTIAL PLC  (PUK, PUKPF)  (CIK 0001116578)",EX-99.1,https://www.sec.gov/Archives/edgar/data/1116578/000162828026021182/prudentialannualreport2025.pdf
generative AI,False,PREM14A,PREM14A,2025-03-24,180 DEGREE CAPITAL CORP. /NY/  (TURN)  (CIK 0000893739),PREM14A,https://www.sec.gov/Archives/edgar/data/893739/000089373925000029/a180degreecapitalprem14a.htm
generative AI,False,DEF 14A,DEF 14A,2026-04-16,"Salesforce, Inc.  (CRM)  (CIK 0001108524)",DEF 14A,https://www.sec.gov/Archives/edgar/data/1108524/000110852426000085/crm-20260416.htm
generative AI,False,20-F,20-F,2026-02-26,"HSBC HOLDINGS PLC  (HSBC, HBCYF)  (CIK 0001089113)",20-F,https://www.sec.gov/Archives/edgar/data/1089113/000108911326000010/hsbc-20251231.htm
generative AI,False,S-4,S-4,2026-09-11,"Sonic Holdco, Inc.  (CIK 0002149535)",S-4,https://www.sec.gov/Archives/edgar/data/2149535/000119312526388301/d160893ds4.htm
generative AI,False,DRS,DRS,2025-02-14,ALUMIS INC.  (ALMS)  (CIK 0001847367),,https://www.sec.gov/Archives/edgar/data/1847367/000110465925013980/filename1.htm
generative AI,False,DEFA14A,DEFA14A,2026-09-04,FLEX LTD.  (FLEX)  (CIK 0000866374),DEFA14A,https://www.sec.gov/Archives/edgar/data/866374/000119312526382496/d108491ddefa14a.htm
generative AI,False,F-1,F-1,2026-01-21,Cloud Data Holdings Corp  (CIK 0002078905),REGISTRATION STATEMENT,https://www.sec.gov/Archives/edgar/data/2078905/000121390026006155/ea0248977-06.htm
generative AI,False,6-K,6-K,2026-03-12,"Shell plc  (SHEL, RYDAF)  (CIK 0001306965)",6-K,https://www.sec.gov/Archives/edgar/data/1306965/000162828026017027/shellannualreportandacco.htm
generative AI,False,F-1/A,F-1/A,2026-02-04,Cloud Data Holdings Corp  (CDN)  (CIK 0002078905),REGISTRATION STATEMENT,https://www.sec.gov/Archives/edgar/data/2078905/000121390026012094/ea0248977-07.htm
generative AI,False,S-1/A,S-1/A,2026-06-22,"Ambitious Entertainment, Inc.  (CIK 0001900851)",S-1/A,https://www.sec.gov/Archives/edgar/data/1900851/000149315226029643/forms-1a.htm
generative AI,False,S-1/A,S-1/A,2026-08-06,"Ambitious Entertainment, Inc.  (CIK 0001900851)",S-1/A,https://www.sec.gov/Archives/edgar/data/1900851/000149315226036294/forms-1a.htm
generative AI,False,S-4,S-4,2025-04-21,ALUMIS INC.  (ALMS)  (CIK 0001847367),FORM S-4,https://www.sec.gov/Archives/edgar/data/1847367/000110465925036921/alms-20241231xs4.htm
generative AI,False,S-4/A,S-4/A,2025-04-02,ALUMIS INC.  (ALMS)  (CIK 0001847367),S-4/A,https://www.sec.gov/Archives/edgar/data/1847367/000110465925031262/tm255940-7_s4a.htm
generative AI,False,S-1/A,S-1/A,2026-09-30,"Ambitious Entertainment, Inc.  (CIK 0001900851)",S-1/A,https://www.sec.gov/Archives/edgar/data/1900851/000149315226045063/forms-1a.htm
generative AI,False,DEFM14A,DEFM14A,2025-02-20,"Accolade, Inc.  (ACCD)  (CIK 0001481646)",DEFM14A,https://www.sec.gov/Archives/edgar/data/1481646/000114036125005277/ny20041213x9_defm14a.htm
generative AI,True,8-K,EX-2.1,2026-10-05,"RXO, Inc.  (RXO)  (CIK 0001929561)",EXHIBIT 2.1,https://www.sec.gov/Archives/edgar/data/1929561/000114036126038548/ef20083265_ex2-1.htm
generative AI,False,S-1/A,S-1/A,2026-07-07,"Ambitious Entertainment, Inc.  (CIK 0001900851)",S-1/A,https://www.sec.gov/Archives/edgar/data/1900851/000149315226032371/forms-1a.htm
generative AI,False,PREM14A,PREM14A,2025-02-10,"Accolade, Inc.  (ACCD)  (CIK 0001481646)",PREM14A,https://www.sec.gov/Archives/edgar/data/1481646/000114036125003764/ny20041213x4_prem14a.htm
generative AI,False,424B3,424B3,2025-04-04,ALUMIS INC.  (ALMS)  (CIK 0001847367),424B3,https://www.sec.gov/Archives/edgar/data/1847367/000110465925032222/tm255940-10_defm14a.htm
generative AI,False,DEFM14A,DEFM14A,2025-04-04,"ACELYRIN, Inc.  (SLRN)  (CIK 0001962918)",DEFM14A,https://www.sec.gov/Archives/edgar/data/1962918/000110465925032228/tm255940-11_defm14a.htm
generative AI,False,424B3,424B3,2025-04-23,ALUMIS INC.  (ALMS)  (CIK 0001847367),424B3,https://www.sec.gov/Archives/edgar/data/1847367/000110465925038005/tm2512707-9_424b3.htm
generative AI,False,DEF 14A,DEF 14A,2026-03-26,TERADATA CORP /DE/  (TDC)  (CIK 0000816761),DEF 14A,https://www.sec.gov/Archives/edgar/data/816761/000081676126000011/tdc-20260325.htm
generative AI,False,DEFR14A,DEFR14A,2025-04-23,"ACELYRIN, Inc.  (SLRN)  (CIK 0001962918)",DEFR14A,https://www.sec.gov/Archives/edgar/data/1962918/000110465925038083/tm2512707-11_defr14a.htm
generative AI,False,POS AM,POS AM,2025-04-15,"Innventure, Inc.  (INV, INVLW)  (CIK 0002001557)",POS AM,https://www.sec.gov/Archives/edgar/data/2001557/000162828025017889/innv-20250415.htm
generative AI,False,S-4,S-4,2025-03-27,ALUMIS INC.  (ALMS)  (CIK 0001847367),FORM S-4,https://www.sec.gov/Archives/edgar/data/1847367/000110465925028809/tmb-20241231xs4.htm
generative AI,True,8-K,EX-2.1,2026-10-05,"C. H. ROBINSON WORLDWIDE, INC.  (CHRW)  (CIK 0001043277)",EX-2.1,https://www.sec.gov/Archives/edgar/data/1043277/000119312526413203/d115124dex21.htm
generative AI,True,425,EX-2.1,2026-10-05,"RXO, Inc.  (RXO)  (CIK 0001929561)",EXHIBIT 2.1,https://www.sec.gov/Archives/edgar/data/1929561/000114036126038549/ef20083265_ex2-1.htm
generative AI,False,DRS/A,DRS/A,2025-04-23,"Hang Feng Technology Innovation Co., Ltd.  (CIK 0002060083)",,https://www.sec.gov/Archives/edgar/data/2060083/000121390025034497/filename1.htm
generative AI,False,424B4,424B4,2025-02-07,"MUSTANG BIO, INC.  (MBIO)  (CIK 0001680048)",424B4,https://www.sec.gov/Archives/edgar/data/1680048/000141057825000085/tmb-20240930x424b4.htm
generative AI,True,8-K,EX-2.1,2026-01-06,Mobileye Global Inc.  (MBLY)  (CIK 0001910139),EXHIBIT 2.1,https://www.sec.gov/Archives/edgar/data/1910139/000110465926001340/tm261864d1_ex2-1.htm
generative AI,True,8-K,EX-2.1,2026-07-22,BIOLIFE SOLUTIONS INC  (BLFS)  (CIK 0000834365),EX-2.1,https://www.sec.gov/Archives/edgar/data/834365/000162828026049232/exhibit21-projectbeacona.htm
generative AI,False,20-F,20-F,2026-04-16,"Hang Feng Technology Innovation Co., Ltd.  (FOFO)  (CIK 0002060083)",ANNUAL REPORT,https://www.sec.gov/Archives/edgar/data/2060083/000121390026044270/ea0285142-20f_hang.htm
generative AI,True,8-K,EX-2.1,2026-07-22,REPLIGEN CORP  (RGEN)  (CIK 0000730272),EX-2.1,https://www.sec.gov/Archives/edgar/data/730272/000119312526311402/d141685dex21.htm
generative AI,False,S-4/A,S-4/A,2026-02-09,"Blockfusion Data Centers, Inc.  (BLDC)  (CIK 0002097508); Blockfusion USA, Inc.  (CIK 0001910992)",FORM S-4/A1,https://www.sec.gov/Archives/edgar/data/2097508/000118518526000445/bldcs4a1020426.htm
generative AI,False,10-K,10-K,2026-03-13,"Hancock Park Corporate Income, Inc.  (CIK 0001661306)",10-K,https://www.sec.gov/Archives/edgar/data/1661306/000166130626000023/hpci-20251231.htm
generative AI,False,ARS,ARS,2026-08-19,"Hancock Park Corporate Income, Inc.  (CIK 0001661306)",ARS,https://www.sec.gov/Archives/edgar/data/1661306/000166130626000079/hpci_annual_report_2025_.pdf
generative AI,False,S-4/A,S-4/A,2026-06-30,"Blockfusion Digital Infrastructure, Inc.  (BLDC)  (CIK 0002097508); Blockfusion USA, Inc.  (CIK 0001910992)",FORM S-4/A,https://www.sec.gov/Archives/edgar/data/2097508/000118518526002745/bldcs4a3061126.htm
generative AI,False,S-4/A,S-4/A,2025-02-12,"New Pluto Global, Inc.  (CIK 0002041610)",S-4/A,https://www.sec.gov/Archives/edgar/data/2041610/000119312525024774/d813356ds4a.htm
generative AI,False,PREM14A,PREM14A,2025-01-21,"Aadi Bioscience, Inc.  (AADI)  (CIK 0001422142)",PREM14A,https://www.sec.gov/Archives/edgar/data/1422142/000119312525009599/d923919dprem14a.htm
generative AI,False,DEFM14C,DEFM14C,2025-02-13,"Paramount Global  (PARA, PARAA)  (CIK 0000813828)",DEFM14C,https://www.sec.gov/Archives/edgar/data/813828/000119312525026059/d813356ddefm14c.htm
generative AI,False,F-1/A,F-1/A,2025-07-25,"Hang Feng Technology Innovation Co., Ltd.  (FOFO)  (CIK 0002060083)",REGISTRATION STATEMENT,https://www.sec.gov/Archives/edgar/data/2060083/000121390025067719/ea0233710-07.htm
generative AI,False,S-1,S-1,2026-09-18,"Fold Holdings, Inc.  (FLD, FLDDW)  (CIK 0001889123)",REGISTRATION STATEMENT,https://www.sec.gov/Archives/edgar/data/1889123/000121390026101444/ea0301910-01.htm
generative AI,False,S-4/A,S-4/A,2026-10-08,"Fulcrum Therapeutics, Inc.  (FULC)  (CIK 0001680581)",S-4/A,https://www.sec.gov/Archives/edgar/data/1680581/000119312526418056/d127837ds4a.htm
generative AI,False,S-4,S-4,2026-09-02,"Fulcrum Therapeutics, Inc.  (FULC)  (CIK 0001680581)",S-4,https://www.sec.gov/Archives/edgar/data/1680581/000119312526379106/d127837ds4.htm
generative AI,False,S-4/A,S-4/A,2025-02-06,"New Pluto Global, Inc.  (CIK 0002041610)",S-4/A,https://www.sec.gov/Archives/edgar/data/2041610/000119312525021328/d813356ds4a.htm
generative AI,False,F-1/A,F-1/A,2025-08-29,"Hang Feng Technology Innovation Co., Ltd.  (FOFO)  (CIK 0002060083)",REGISTRATION STATEMENT,https://www.sec.gov/Archives/edgar/data/2060083/000121390025082505/ea0233710-11.htm
generative AI,False,S-4/A,S-4/A,2025-01-14,"New Pluto Global, Inc.  (CIK 0002041610)",S-4/A,https://www.sec.gov/Archives/edgar/data/2041610/000119312525006255/d813356ds4a.htm
generative AI,False,S-4/A,S-4/A,2025-02-13,"New Pluto Global, Inc.  (CIK 0002041610)",S-4/A,https://www.sec.gov/Archives/edgar/data/2041610/000119312525025303/d813356ds4a.htm
generative AI,False,DEFM14A,DEFM14A,2025-01-31,"Aadi Bioscience, Inc.  (AADI)  (CIK 0001422142)",DEFM14A,https://www.sec.gov/Archives/edgar/data/1422142/000119312525018470/d923919ddefm14a.htm
generative AI,False,424B3,424B3,2025-02-13,"New Pluto Global, Inc.  (CIK 0002041610)",424B3,https://www.sec.gov/Archives/edgar/data/2041610/000119312525026058/d813356d424b3.htm
generative AI,False,10-K,10-K,2026-09-28,"Ocean Capital Acquisition Corp  (OCAC, OCAC-RI, OCAC-UN, OCAC-WT)  (CIK 0001926314)",10-K,https://www.sec.gov/Archives/edgar/data/1926314/000149315226044555/form10-k.htm
generative AI,False,S-4/A,S-4/A,2026-02-05,Movano Inc.  (MOVE)  (CIK 0001734750),REGISTRATION STATEMENT,https://www.sec.gov/Archives/edgar/data/1734750/000121390026012495/ea0269607-02.htm
generative AI,False,S-4/A,S-4/A,2026-05-01,"Blockfusion Data Centers, Inc.  (BLDC)  (CIK 0002097508); Blockfusion USA, Inc.  (CIK 0001910992)",FORM S-4/A,https://www.sec.gov/Archives/edgar/data/2097508/000118518526001689/bldcs4a2031726.htm
generative AI,False,S-4,S-4,2025-02-18,GLYCOMIMETICS INC  (GLYC)  (CIK 0001253689),FORM-S-4,https://www.sec.gov/Archives/edgar/data/1253689/000110465925014838/glyc-20241231xs4.htm
generative AI,False,F-1,F-1,2025-05-15,"Hang Feng Technology Innovation Co., Ltd.  (CIK 0002060083)",REGISTRATION STATEMENT,https://www.sec.gov/Archives/edgar/data/2060083/000121390025043480/ea0233710-06.htm
generative AI,False,F-1/A,F-1/A,2025-08-11,"Hang Feng Technology Innovation Co., Ltd.  (FOFO)  (CIK 0002060083)",REGISTRATION STATEMENT,https://www.sec.gov/Archives/edgar/data/2060083/000121390025074176/ea0233710-09.htm
generative AI,False,DEF 14A,DEF 14A,2025-08-18,FEDEX CORP  (FDX)  (CIK 0001048911),FORM DEF 14A,https://www.sec.gov/Archives/edgar/data/1048911/000110465925079800/tm2512613-2_def14a.htm
generative AI,False,S-4,S-4,2025-12-22,Movano Inc.  (MOVE)  (CIK 0001734750),REGISTRATION STATEMENT,https://www.sec.gov/Archives/edgar/data/1734750/000121390025124014/ea0269607-01.htm
generative AI,False,S-1/A,S-1/A,2026-03-23,AIAI Holdings Corp  (AIAI)  (CIK 0002096362),S-1/A,https://www.sec.gov/Archives/edgar/data/2096362/000149315226012102/forms-1a.htm
generative AI,False,S-1/A,S-1/A,2026-05-01,AIAI Holdings Corp  (AIAI)  (CIK 0002096362),S-1/A,https://www.sec.gov/Archives/edgar/data/2096362/000149315226020803/forms-1a.htm
generative AI,False,S-1/A,S-1/A,2026-04-08,AIAI Holdings Corp  (AIAI)  (CIK 0002096362),S-1/A,https://www.sec.gov/Archives/edgar/data/2096362/000149315226015707/forms-1a.htm
generative AI,False,S-1/A,S-1/A,2026-04-30,AIAI Holdings Corp  (AIAI)  (CIK 0002096362),S-1/A,https://www.sec.gov/Archives/edgar/data/2096362/000149315226020261/forms-1a.htm
generative AI,False,DRS/A,DRS/A,2025-07-03,MEDIAON GROUP INC.  (CIK 0002059702),,https://www.sec.gov/Archives/edgar/data/2059702/000164117225017771/filename1.htm
generative AI,False,20-F,20-F,2026-08-19,KNOREX LTD.  (KNRX)  (CIK 0001982960),20-F,https://www.sec.gov/Archives/edgar/data/1982960/000149315226039058/form20-f.htm
generative AI,False,S-4,S-4,2026-07-02,InMed Pharmaceuticals Inc.  (INM)  (CIK 0001728328),S-4,https://www.sec.gov/Archives/edgar/data/1728328/000119312526294455/d131177ds4.htm
generative AI,False,S-1/A,S-1/A,2026-04-24,AIAI Holdings Corp  (AIAI)  (CIK 0002096362),S-1/A,https://www.sec.gov/Archives/edgar/data/2096362/000149315226018924/forms-1a.htm
generative AI,False,425,425,2026-07-22,REPLIGEN CORP  (RGEN)  (CIK 0000730272),425,https://www.sec.gov/Archives/edgar/data/730272/000119312526311411/d141685d425.htm
generative AI,False,S-1/A,S-1/A,2026-04-20,AIAI Holdings Corp  (AIAI)  (CIK 0002096362),S-1/A,https://www.sec.gov/Archives/edgar/data/2096362/000149315226018040/forms-1a.htm
generative AI,False,S-1/A,S-1/A,2026-03-04,AIAI Holdings Corp  (AIAI)  (CIK 0002096362),S-1/A,https://www.sec.gov/Archives/edgar/data/2096362/000149315226008887/forms-1a.htm
generative AI,False,S-4,S-4,2025-12-08,"Blockfusion Data Centers, Inc.  (CIK 0002097508); Blockfusion USA, Inc.  (CIK 0001910992)",FORM S-4,https://www.sec.gov/Archives/edgar/data/2097508/000118518525001952/blockfusions4110825.htm
generative AI,False,F-1/A,F-1/A,2025-01-28,SAGTEC GLOBAL Ltd  (SAGT)  (CIK 0002029138),REGISTRATION STATEMENT,https://www.sec.gov/Archives/edgar/data/2029138/000121390025007199/ea0211571-06.htm
generative AI,False,DRS,DRS,2025-06-12,"Black Hawk Acquisition Corp  (BKHA, BKHAR, BKHAU)  (CIK 0002000775)",,https://www.sec.gov/Archives/edgar/data/2000775/000182912625004416/filename1.htm
generative AI,False,S-4/A,S-4/A,2025-04-04,GLYCOMIMETICS INC  (GLYC)  (CIK 0001253689),FORM S-4/A,https://www.sec.gov/Archives/edgar/data/1253689/000110465925032130/tm256615-3_s4a.htm
generative AI,False,S-4/A,S-4/A,2025-01-17,"Windstream Parent, Inc.  (CIK 0002020795)",S-4/A,https://www.sec.gov/Archives/edgar/data/2020795/000110465925004194/tm2412846-23_s4a.htm
generative AI,False,DEFM14A,DEFM14A,2025-02-12,Uniti Group Inc.  (UNIT)  (CIK 0001620280),DEFM14A,https://www.sec.gov/Archives/edgar/data/1620280/000110465925012218/tm2412846-31_defm14a.htm
generative AI,True,8-K,EX-2.1,2026-10-06,"Option Care Health, Inc.  (OPCH)  (CIK 0001014739)",EXHIBIT 2.1,https://www.sec.gov/Archives/edgar/data/1014739/000110465926113904/tm2627097d1_ex2-1.htm
generative AI,False,S-4/A,S-4/A,2025-05-06,"Yukon New Parent, Inc.  (MLCI)  (CIK 0002051820)",S-4/A,https://www.sec.gov/Archives/edgar/data/2051820/000205182025000031/yukonnewparents-4prelimfil.htm
generative AI,False,424B3,424B3,2025-02-12,"Windstream Parent, Inc.  (CIK 0002020795)",424B3,https://www.sec.gov/Archives/edgar/data/2020795/000110465925012213/tm2412846-29_424b3.htm
generative AI,False,S-4/A,S-4/A,2025-02-07,"Windstream Parent, Inc.  (CIK 0002020795)",S-4/A,https://www.sec.gov/Archives/edgar/data/2020795/000110465925010607/tm2412846-26_s4a.htm
generative AI,False,S-1/A,S-1/A,2025-07-28,"Fold Holdings, Inc.  (FLD, FLDDW)  (CIK 0001889123)",REGISTRATION STATEMENT,https://www.sec.gov/Archives/edgar/data/1889123/000121390025068264/ea0248256-02.htm
generative AI,False,DRS/A,DRS/A,2025-08-28,Hacker Interstellar Inc.  (CIK 0002070237),,https://www.sec.gov/Archives/edgar/data/2070237/000121390025081371/filename1.htm
generative AI,False,DRS,DRS,2025-07-18,Hacker Interstellar Inc.  (CIK 0002070237),,https://www.sec.gov/Archives/edgar/data/2070237/000121390025065347/filename1.htm
generative AI,False,S-1,S-1,2025-07-11,"Fold Holdings, Inc.  (FLD, FLDDW)  (CIK 0001889123)",REGISTRATION STATEMENT,https://www.sec.gov/Archives/edgar/data/1889123/000121390025062935/ea0248256-01.htm
generative AI,False,PRER14A,PRER14A,2025-05-06,180 DEGREE CAPITAL CORP. /NY/  (TURN)  (CIK 0000893739),PRER14A,https://www.sec.gov/Archives/edgar/data/893739/000089373925000035/yukonnewparents-4prelimfil.htm
generative AI,False,F-1/A,F-1/A,2026-05-13,MEDIAON GROUP INC.  (CIK 0002059702),F-1/A,https://www.sec.gov/Archives/edgar/data/2059702/000149315226022550/formf-1a.htm
generative AI,True,DEFA14A,EX-2.1,2026-10-06,"Option Care Health, Inc.  (OPCH)  (CIK 0001014739)",EXHIBIT 2.1,https://www.sec.gov/Archives/edgar/data/1014739/000110465926113905/tm2627097d1_ex2-1.htm
generative AI,False,424B3,424B3,2026-04-14,"Rumble Inc.  (RUM, RUMBW)  (CIK 0001830081)",PROSPECTUS,https://www.sec.gov/Archives/edgar/data/1830081/000121390026043596/ea0270012-03.htm
generative AI,False,20-F,20-F,2026-04-28,Enel Chile S.A.  (ENIC)  (CIK 0001659939),20-F,https://www.sec.gov/Archives/edgar/data/1659939/000110465926050251/enic-20251231x20f.htm
generative AI,False,DRS/A,DRS/A,2026-02-10,Hyperides Holdings Ltd  (CIK 0002095038),,https://www.sec.gov/Archives/edgar/data/2095038/000121390026013844/filename1.htm
generative AI,False,S-4/A,S-4/A,2026-06-16,"Xtend AI Robotics, Inc.  (XTND)  (CIK 0002111860)",S-4/A,https://www.sec.gov/Archives/edgar/data/2111860/000119312526272356/d121457ds4a.htm
generative AI,False,F-1,F-1,2026-03-05,Hyperides Holdings Ltd  (CIK 0002095038),REGISTRATION STATEMENT,https://www.sec.gov/Archives/edgar/data/2095038/000121390026023996/ea0261322-04.htm
generative AI,False,DRS,DRS,2025-11-14,Hyperides Holdings Ltd  (CIK 0002095038),,https://www.sec.gov/Archives/edgar/data/2095038/000121390025110690/filename1.htm
generative AI,False,S-4,S-4,2026-04-13,"Rumble Inc.  (RUM, RUMBW)  (CIK 0001830081)",REGISTRATION STATEMENT,https://www.sec.gov/Archives/edgar/data/1830081/000121390026042803/ea0270012-02.htm
generative AI,False,DEF 14C,DEF 14C,2026-04-14,"Rumble Inc.  (RUM, RUMBW)  (CIK 0001830081)",INFORMATION STATEMENT,https://www.sec.gov/Archives/edgar/data/1830081/000121390026043611/ea0270012-05.htm
generative AI,False,S-4,S-4,2026-09-22,"Werewolf Therapeutics, Inc.  (HOWL)  (CIK 0001785530)",S-4,https://www.sec.gov/Archives/edgar/data/1785530/000114036126037334/ny20081588x1_s4.htm
generative AI,False,10-K,10-K,2026-03-26,"Dermata Therapeutics, Inc.  (DRMA, DRMAW)  (CIK 0001853816)",10-K,https://www.sec.gov/Archives/edgar/data/1853816/000149315226012992/form10-k.htm
generative AI,False,ARS,ARS,2025-09-09,Safe & Green Development Corp  (SGD)  (CIK 0001959023),FORM ARS,https://www.sec.gov/Archives/edgar/data/1959023/000121390025085706/ea025647501-ars_safegreen.pdf
generative AI,True,6-K,EX-99.1,2025-11-12,"TECK RESOURCES LTD  (TECK, TCKRF)  (CIK 0000886986)",EXHIBIT 99.1,https://www.sec.gov/Archives/edgar/data/886986/000110465925109326/tm2527845d5_ex99-1.pdf
generative AI,False,424B3,424B3,2026-04-14,"Rumble Inc.  (RUM, RUMBW)  (CIK 0001830081)",PROSPECTUS,https://www.sec.gov/Archives/edgar/data/1830081/000121390026043617/ea0270012-04.htm
generative AI,False,20-F,20-F,2026-07-23,MindWalk Holdings Corp.  (HYFT)  (CIK 0001715925),20-F,https://www.sec.gov/Archives/edgar/data/1715925/000119312526312694/hyft-20260430.htm
generative AI,False,S-1,S-1,2026-01-26,AIAI Holdings Corp  (CIK 0002096362),S-1,https://www.sec.gov/Archives/edgar/data/2096362/000149315226003639/forms-1.htm
generative AI,False,10-K,10-K,2025-03-31,Safe & Green Development Corp  (SGD)  (CIK 0001959023),ANNUAL REPORT,https://www.sec.gov/Archives/edgar/data/1959023/000121390025026215/ea0236216-10k_safe.htm
generative AI,False,S-4/A,S-4/A,2025-04-29,GLYCOMIMETICS INC  (GLYC)  (CIK 0001253689),S-4/A,https://www.sec.gov/Archives/edgar/data/1253689/000110465925040398/tm256615-9_s4a.htm
generative AI,False,F-1/A,F-1/A,2025-12-04,MEDIAON GROUP INC.  (CIK 0002059702),F-1/A,https://www.sec.gov/Archives/edgar/data/2059702/000149315225026027/formf-1a.htm
generative AI,False,F-1,F-1,2025-12-03,MEDIAON GROUP INC.  (CIK 0002059702),F-1,https://www.sec.gov/Archives/edgar/data/2059702/000149315225025925/formf-1.htm
generative AI,False,20-F,20-F,2025-07-29,ImmunoPrecise Antibodies Ltd.  (IPA)  (CIK 0001715925),20-F,https://www.sec.gov/Archives/edgar/data/1715925/000095017025099392/ipa-20250430.htm
generative AI,False,DEF 14A,DEF 14A,2026-08-17,FEDEX CORP  (FDX)  (CIK 0001048911),FORM DEF 14A,https://www.sec.gov/Archives/edgar/data/1048911/000110465926097836/tm2531093-3_def14a.htm
generative AI,True,SC 13E3,EX-99.(A)(2)(I),2025-09-18,TELUS International (Cda) Inc.  (TIXT)  (CIK 0001825155),EXHIBIT 99.(A)(2)(I),https://www.sec.gov/Archives/edgar/data/1825155/000110465925090959/tm2524150d4_ex99-a2i.htm
generative AI,False,DRS/A,DRS/A,2025-09-11,MEDIAON GROUP INC.  (CIK 0002059702),,https://www.sec.gov/Archives/edgar/data/2059702/000164117225027118/filename1.htm
generative AI,False,F-1/A,F-1/A,2026-05-12,Hacker Interstellar Inc.  (CIK 0002070237),REGISTRATION STATEMENT,https://www.sec.gov/Archives/edgar/data/2070237/000121390026054761/ea0243202-10.htm
generative AI,False,S-4/A,S-4/A,2026-07-16,"Xtend AI Robotics, Inc.  (XTND)  (CIK 0002111860)",S-4/A,https://www.sec.gov/Archives/edgar/data/2111860/000119312526306234/d121457ds4a.htm
generative AI,False,424B3,424B3,2026-08-11,"Xtend AI Robotics, Inc.  (XTND)  (CIK 0002111860)",424B3,https://www.sec.gov/Archives/edgar/data/2111860/000119312526344724/d121457d424b3.htm
generative AI,False,S-4/A,S-4/A,2026-08-03,"Xtend AI Robotics, Inc.  (XTND)  (CIK 0002111860)",S-4/A,https://www.sec.gov/Archives/edgar/data/2111860/000119312526330400/d121457ds4a.htm
generative AI,False,DEFM14C,DEFM14C,2026-08-11,JFB Construction Holdings  (JFB)  (CIK 0002024306),DEFM14C,https://www.sec.gov/Archives/edgar/data/2024306/000119312526344765/d53564ddefm14c.htm
generative AI,False,S-4/A,S-4/A,2025-01-22,"FTAC Emerald Acquisition Corp.  (FLDD, FLDDU, FLDDW)  (CIK 0001889123); Fold, Inc.  (CIK 0001787441)",REGISTRATION STATEMENT,https://www.sec.gov/Archives/edgar/data/1889123/000121390025005202/ea0212543-09.htm
generative AI,False,S-4/A,S-4/A,2025-01-14,"FTAC Emerald Acquisition Corp.  (FLDD, FLDDU, FLDDW)  (CIK 0001889123); Fold, Inc.  (CIK 0001787441)",REGISTRATION STATEMENT,https://www.sec.gov/Archives/edgar/data/1889123/000121390025003167/ea0212543-07.htm
generative AI,False,424B3,424B3,2025-01-24,"FTAC Emerald Acquisition Corp.  (FLDD, FLDDU, FLDDW)  (CIK 0001889123); Fold, Inc.  (CIK 0001787441)",PROSPECTUS,https://www.sec.gov/Archives/edgar/data/1889123/000121390025006075/ea0212543-10.htm
generative AI,False,S-1/A,S-1/A,2026-03-02,Long Table Growth Corp.  (LTGR)  (CIK 0002104177),REGISTRATION STATEMENT,https://www.sec.gov/Archives/edgar/data/2104177/000121390026022176/ea0272676-02.htm
generative AI,False,S-4/A,S-4/A,2026-09-09,InMed Pharmaceuticals Inc.  (INM)  (CIK 0001728328),S-4/A,https://www.sec.gov/Archives/edgar/data/1728328/000119312526386611/d131177ds4a.htm
generative AI,False,DRS/A,DRS/A,2025-09-30,Hacker Interstellar Inc.  (CIK 0002070237),,https://www.sec.gov/Archives/edgar/data/2070237/000121390025093682/filename1.htm
generative AI,False,424B3,424B3,2026-07-09,"Rome Wildlife, Inc.  (CIK 0002136387)",424B3,https://www.sec.gov/Archives/edgar/data/2136387/000110465926082273/tm2615804-7_424b3.htm
generative AI,False,20-F,20-F,2026-04-09,"Webull Corp  (BULL, BULLW)  (CIK 0001866364)",ANNUAL REPORT,https://www.sec.gov/Archives/edgar/data/1866364/000121390026041653/ea0283691-20f_webull.htm
generative AI,False,S-4/A,S-4/A,2026-07-07,"Rome Wildlife, Inc.  (CIK 0002136387)",S-4/A,https://www.sec.gov/Archives/edgar/data/2136387/000110465926081350/none-20260424xs4a.htm
generative AI,False,20-F,20-F,2025-04-25,"Webull Corp  (BULL, BULLW, BULLZ)  (CIK 0001866364)",ANNUAL REPORT,https://www.sec.gov/Archives/edgar/data/1866364/000121390025035656/ea0235698-20f_webull.htm
generative AI,False,DEFM14A,DEFM14A,2026-07-09,"RE/MAX Holdings, Inc.  (RMAX)  (CIK 0001581091)",DEFM14A,https://www.sec.gov/Archives/edgar/data/1581091/000110465926082291/tm2620002-1_defm14a.htm
generative AI,False,DRS/A,DRS/A,2025-12-15,Hacker Interstellar Inc.  (CIK 0002070237),,https://www.sec.gov/Archives/edgar/data/2070237/000121390025121402/filename1.htm
generative AI,False,S-4,S-4,2026-06-12,"Rome Wildlife, Inc.  (CIK 0002136387)",S-4,https://www.sec.gov/Archives/edgar/data/2136387/000110465926073581/tm2615804-1_s4.htm
generative AI,False,425,425,2026-07-09,"RE/MAX Holdings, Inc.  (RMAX)  (CIK 0001581091); Real Brokerage Inc  (CIK 0001862461)",425,https://www.sec.gov/Archives/edgar/data/1581091/000110465926082298/tm2615804-10_425.htm
generative AI,False,F-1,F-1,2026-02-13,Hacker Interstellar Inc.  (CIK 0002070237),REGISTRATION STATEMENT,https://www.sec.gov/Archives/edgar/data/2070237/000121390026015852/ea0243202-08.htm
generative AI,False,424B3,424B3,2025-04-23,"Innventure, Inc.  (INV, INVLW)  (CIK 0002001557)",424B3,https://www.sec.gov/Archives/edgar/data/2001557/000162828025019356/innventureinc424b3posam-20.htm
generative AI,False,S-1,S-1,2026-06-24,Hoya Acquisition Corp. I  (CIK 0002140700),REGISTRATION STATEMENT,https://www.sec.gov/Archives/edgar/data/2140700/000121390026071220/ea0295394-01.htm
generative AI,False,DRS/A,DRS/A,2025-11-13,"Invea Therapeutics, Inc  (CIK 0001906425)",,https://www.sec.gov/Archives/edgar/data/1906425/000121390025109468/filename1.htm
generative AI,False,424B4,424B4,2025-09-12,"Hang Feng Technology Innovation Co., Ltd.  (FOFO)  (CIK 0002060083)",PROSPECTUS,https://www.sec.gov/Archives/edgar/data/2060083/000121390025087229/ea0233710-12.htm
generative AI,False,S-4/A,S-4/A,2025-05-06,Mallinckrodt plc  (CIK 0001567892),S-4/A,https://www.sec.gov/Archives/edgar/data/1567892/000110465925045088/tm2512254-4_s4a.htm
generative AI,True,6-K,EX-99.1,2026-03-31,"TENARIS SA  (TS, TNRSF)  (CIK 0001190723)",EXHIBIT 99.1,https://www.sec.gov/Archives/edgar/data/1190723/000117184326002101/exh_991.pdf
generative AI,False,424B3,424B3,2025-05-12,Mallinckrodt plc  (CIK 0001567892),424B3,https://www.sec.gov/Archives/edgar/data/1567892/000110465925047290/tm2512254-11_424b3.htm
generative AI,False,DRS,DRS,2025-10-21,Rose Holdco Pte. Ltd.  (CIK 0002088256); Horizon Quantum Computing Pte. Ltd.  (CIK 0002088257),,https://www.sec.gov/Archives/edgar/data/2088256/000121390025100898/filename1.htm
generative AI,False,DRS,DRS,2026-01-02,"Rumble Inc.  (RUM, RUMBW)  (CIK 0001830081)",,https://www.sec.gov/Archives/edgar/data/1830081/000121390026000492/filename1.htm
generative AI,False,PREM14A,PREM14A,2025-02-21,"LOGILITY SUPPLY CHAIN SOLUTIONS, INC  (LGTY)  (CIK 0000713425)",PREM 14A,https://www.sec.gov/Archives/edgar/data/713425/000114036125005488/ny20042527x1_prem14a.htm
generative AI,False,S-4/A,S-4/A,2025-05-08,Mallinckrodt plc  (CIK 0001567892),S-4/A,https://www.sec.gov/Archives/edgar/data/1567892/000110465925046019/tm2512254-8_s4a.htm
generative AI,False,F-1/A,F-1/A,2026-06-15,Hacker Interstellar Inc.  (SOUD)  (CIK 0002070237),REGISTRATION STATEMENT,https://www.sec.gov/Archives/edgar/data/2070237/000121390026068442/ea0243202-12.htm
generative AI,False,DEFM14A,DEFM14A,2025-05-12,"Endo, Inc.  (NDOI)  (CIK 0002008861)",DEFM14A,https://www.sec.gov/Archives/edgar/data/2008861/000110465925047383/tm2514691-1_defm14a.htm
generative AI,False,S-4/A,S-4/A,2025-05-12,GLYCOMIMETICS INC  (GLYC)  (CIK 0001253689),S-4/A,https://www.sec.gov/Archives/edgar/data/1253689/000110465925047011/tm256615-13_s4a.htm
generative AI,False,DRS/A,DRS/A,2025-08-04,"Black Hawk Acquisition Corp  (BKHA, BKHAR, BKHAU)  (CIK 0002000775); Vesicor Therapeutics, Inc.  (CIK 0001993074)",,https://www.sec.gov/Archives/edgar/data/2000775/000182912625005721/filename1.htm
generative AI,False,S-4/A,S-4/A,2025-06-12,"Yukon New Parent, Inc.  (MLCI)  (CIK 0002051820)",S-4/A,https://www.sec.gov/Archives/edgar/data/2051820/000205182025000045/yukonnewparents-4prelimfil.htm
generative AI,False,DEFM14A,DEFM14A,2025-03-04,"LOGILITY SUPPLY CHAIN SOLUTIONS, INC  (LGTY)  (CIK 0000713425)",DEFM14A,https://www.sec.gov/Archives/edgar/data/713425/000114036125006872/ny20042527x2_defm14a.htm
generative AI,False,PRER14A,PRER14A,2025-06-12,180 DEGREE CAPITAL CORP. /NY/  (TURN)  (CIK 0000893739),PRER14A,https://www.sec.gov/Archives/edgar/data/893739/000089373925000046/yukonnewparents-4prelimfil.htm
generative AI,False,ARS,ARS,2026-04-17,"Dermata Therapeutics, Inc.  (DRMA, DRMAW)  (CIK 0001853816)",ARS,https://www.sec.gov/Archives/edgar/data/1853816/000149315226017912/formars.pdf
generative AI,False,S-1,S-1,2025-12-15,"Invea Therapeutics, Inc  (CIK 0001906425)",REGISTRATION STATEMENT,https://www.sec.gov/Archives/edgar/data/1906425/000121390025121387/ea0231890-05.htm
generative AI,True,6-K,EX-99.1,2026-07-10,Real Brokerage Inc  (REAX)  (CIK 0001862461),EXHIBIT 99.1,https://www.sec.gov/Archives/edgar/data/1862461/000110465926082445/tm2615804d9_ex99-1.htm
generative AI,False,S-4,S-4,2025-04-23,Mallinckrodt plc  (CIK 0001567892),S-4,https://www.sec.gov/Archives/edgar/data/1567892/000110465925037968/tm2512254-1_s4.htm
generative AI,False,424B3,424B3,2025-05-14,GLYCOMIMETICS INC  (GLYC)  (CIK 0001253689),424B3,https://www.sec.gov/Archives/edgar/data/1253689/000110465925048564/tm256615-16_424b3.htm
generative AI,False,F-1/A,F-1/A,2026-07-02,Hacker Interstellar Inc.  (SOUD)  (CIK 0002070237),REGISTRATION STATEMENT,https://www.sec.gov/Archives/edgar/data/2070237/000121390026074553/ea0243202-15.htm
generative AI,False,S-1,S-1,2025-10-23,"Innventure, Inc.  (INV, INVLW)  (CIK 0002001557)",S-1,https://www.sec.gov/Archives/edgar/data/2001557/000114036125039085/ny20057508x1_s1.htm
generative AI,False,S-4/A,S-4/A,2025-05-30,"Ikena Oncology, Inc.  (IKNA)  (CIK 0001835579)",S-4/A,https://www.sec.gov/Archives/edgar/data/1835579/000114036125020955/ny20041067x8_s4a.htm
generative AI,False,S-1/A,S-1/A,2026-05-29,Long Table Growth Corp.  (LTGR)  (CIK 0002104177),REGISTRATION STATEMENT,https://www.sec.gov/Archives/edgar/data/2104177/000121390026062817/ea0272676-04.htm
generative AI,False,424B4,424B4,2026-06-04,Long Table Growth Corp.  (LTGR)  (CIK 0002104177),PROSPECTUS,https://www.sec.gov/Archives/edgar/data/2104177/000121390026065344/ea0272676-05.htm
generative AI,False,424B3,424B3,2026-10-01,InMed Pharmaceuticals Inc.  (INM)  (CIK 0001728328),424B3,https://www.sec.gov/Archives/edgar/data/1728328/000119312526410691/d131177d424b3.htm
generative AI,False,424B3,424B3,2025-06-11,"Ikena Oncology, Inc.  (IKNA)  (CIK 0001835579)",424B3,https://www.sec.gov/Archives/edgar/data/1835579/000114036125022216/ny20041067x12_424b3.htm
generative AI,False,F-4/A,F-4/A,2026-01-30,Horizon Quantum Holdings Pte. Ltd.  (HQ)  (CIK 0002088256); Horizon Quantum Computing Pte. Ltd.  (CIK 0002088257),REGISTRATION STATEMENT,https://www.sec.gov/Archives/edgar/data/2088256/000121390026009801/ea0261018-05.htm
generative AI,False,F-4,F-4,2026-01-14,Horizon Quantum Holdings Pte. Ltd.  (CIK 0002088256); Horizon Quantum Computing Pte. Ltd.  (CIK 0002088257),REGISTRATION STATEMENT,https://www.sec.gov/Archives/edgar/data/2088256/000121390026004420/ea0261018-03.htm
generative AI,False,S-4,S-4,2026-08-25,REPLIGEN CORP  (RGEN)  (CIK 0000730272),S-4,https://www.sec.gov/Archives/edgar/data/730272/000119312526363970/d127719ds4.htm
generative AI,False,DRS,DRS,2025-01-28,OTSAW Ltd  (CIK 0002046462),,https://www.sec.gov/Archives/edgar/data/2046462/000121390025007614/filename1.htm
generative AI,False,DEFM14A,DEFM14A,2026-09-04,BIOLIFE SOLUTIONS INC  (BLFS)  (CIK 0000834365),DEFM14A,https://www.sec.gov/Archives/edgar/data/834365/000119312526383837/d112843ddefm14a.htm
generative AI,False,F-1/A,F-1/A,2026-09-24,Hacker Interstellar Inc.  (SOUD)  (CIK 0002070237),REGISTRATION STATEMENT,https://www.sec.gov/Archives/edgar/data/2070237/000121390026102806/ea0243202-19.htm
generative AI,False,424B3,424B3,2026-09-04,REPLIGEN CORP  (RGEN)  (CIK 0000730272),424B3,https://www.sec.gov/Archives/edgar/data/730272/000119312526383830/d127719d424b3.htm
generative AI,False,486BPOS,486BPOS,2026-06-25,Invesco Dynamic Credit Opportunity Fund  (CIK 0001860151),486BPOS,https://www.sec.gov/Archives/edgar/data/1860151/000110465926077696/tm2618489d1_486bpos.htm
generative AI,False,DRS/A,DRS/A,2025-09-23,"Black Hawk Acquisition Corp  (BKHA, BKHAR, BKHAU)  (CIK 0002000775); Vesicor Therapeutics, Inc.  (CIK 0001993074)",,https://www.sec.gov/Archives/edgar/data/2000775/000182912625007578/filename1.htm
generative AI,False,S-4,S-4,2025-12-23,"Black Hawk Acquisition Corp  (BKHA, BKHAR, BKHAU)  (CIK 0002000775); Vesicor Therapeutics, Inc.  (CIK 0001993074)",S-4,https://www.sec.gov/Archives/edgar/data/2000775/000182912625010259/blackhawk_s4.htm
generative AI,False,DRS/A,DRS/A,2025-01-17,Xdata Group  (CIK 0002038688); OU XDATA GROUP  (CIK 0002045727),,https://www.sec.gov/Archives/edgar/data/2038688/000149315225002707/filename1.htm
generative AI,False,S-1/A,S-1/A,2026-01-07,"Invea Therapeutics, Inc  (INAI)  (CIK 0001906425)",REGISTRATION STATEMENT,https://www.sec.gov/Archives/edgar/data/1906425/000121390026001947/ea0231890-07.htm
generative AI,False,S-4/A,S-4/A,2025-07-09,"Yukon New Parent, Inc.  (MLCI)  (CIK 0002051820)",S-4/A,https://www.sec.gov/Archives/edgar/data/2051820/000205182025000064/yukonnewparents-4prelimfil.htm
generative AI,False,424B3,424B3,2026-02-17,Horizon Quantum Holdings Pte. Ltd.  (HQ)  (CIK 0002088256); Horizon Quantum Computing Pte. Ltd.  (CIK 0002088257),PROSPECTUS,https://www.sec.gov/Archives/edgar/data/2088256/000121390026017455/ea0261018-07.htm
generative AI,False,DEFM14A,DEFM14A,2026-02-17,"dMY Squared Technology Group, Inc.  (DMYY, DMYYU, DMYYW)  (CIK 0001915380)",PROXY STATEMENT,https://www.sec.gov/Archives/edgar/data/1915380/000121390026017460/ea0277075-01.htm
generative AI,False,PREM14A,PREM14A,2026-02-24,"Clearwater Analytics Holdings, Inc.  (CWAN)  (CIK 0001866368)",PREM14A,https://www.sec.gov/Archives/edgar/data/1866368/000119312526067016/d49219dprem14a.htm
generative AI,False,PRER14A,PRER14A,2026-04-03,"Clearwater Analytics Holdings, Inc.  (CWAN)  (CIK 0001866368)",PRER14A,https://www.sec.gov/Archives/edgar/data/1866368/000119312526141221/d49219dprer14a.htm
generative AI,False,424B3,424B3,2025-07-11,"Yukon New Parent, Inc.  (MLCI)  (CIK 0002051820)",424B3,https://www.sec.gov/Archives/edgar/data/2051820/000205182025000076/proxy-registrationstmt180y.htm
generative AI,False,S-1/A,S-1/A,2026-01-23,"Invea Therapeutics, Inc  (INAI)  (CIK 0001906425)",REGISTRATION STATEMENT,https://www.sec.gov/Archives/edgar/data/1906425/000121390026007338/ea0231890-08.htm
generative AI,False,S-4/A,S-4/A,2026-09-04,REPLIGEN CORP  (RGEN)  (CIK 0000730272),S-4/A,https://www.sec.gov/Archives/edgar/data/730272/000119312526382362/d127719ds4a.htm
generative AI,False,PRER14A,PRER14A,2025-07-09,180 DEGREE CAPITAL CORP. /NY/  (TURN)  (CIK 0000893739),PRER14A,https://www.sec.gov/Archives/edgar/data/893739/000089373925000064/yukonnewparents-4prelimfil.htm
generative AI,False,S-1/A,S-1/A,2026-01-27,"Invea Therapeutics, Inc  (INAI)  (CIK 0001906425)",REGISTRATION STATEMENT,https://www.sec.gov/Archives/edgar/data/1906425/000121390026008321/ea0231890-10.htm
generative AI,False,DEFM14A,DEFM14A,2026-04-08,"Clearwater Analytics Holdings, Inc.  (CWAN)  (CIK 0001866368)",DEFM14A,https://www.sec.gov/Archives/edgar/data/1866368/000119312526146311/d49219ddefm14a.htm
generative AI,False,F-1,F-1,2025-11-10,Braiin Ltd  (CIK 0002076975),F-1,https://www.sec.gov/Archives/edgar/data/2076975/000149315225021436/formf-1.htm
generative AI,False,424B4,424B4,2026-02-02,Braiin Ltd  (BRAI)  (CIK 0002076975),424B4,https://www.sec.gov/Archives/edgar/data/2076975/000149315226004786/form424b4.htm
generative AI,False,DEFM14A,DEFM14A,2025-07-11,180 DEGREE CAPITAL CORP. /NY/  (TURN)  (CIK 0000893739),DEFM14A,https://www.sec.gov/Archives/edgar/data/893739/000089373925000068/proxy-registrationstmt180y.htm
generative AI,False,F-1/A,F-1/A,2025-12-11,Braiin Ltd  (BRAI)  (CIK 0002076975),F-1/A,https://www.sec.gov/Archives/edgar/data/2076975/000149315225027173/formf-1a.htm
generative AI,False,DRS,DRS,2025-01-27,Explorer Acquisition Corp.  (CIK 0002052096),,https://www.sec.gov/Archives/edgar/data/2052096/000182912625000409/filename1.htm
generative AI,False,DRS/A,DRS/A,2025-05-12,MEDIAON GROUP INC.  (CIK 0002059702),,https://www.sec.gov/Archives/edgar/data/2059702/000164117225009735/filename1.htm
generative AI,False,DRS/A,DRS/A,2025-03-07,Explorer Acquisition Corp.  (CIK 0002052096),,https://www.sec.gov/Archives/edgar/data/2052096/000182912625001578/filename1.htm
generative AI,False,DRS,DRS,2025-05-12,MEDIAON GROUP INC.  (CIK 0002059702),,https://www.sec.gov/Archives/edgar/data/2059702/000164117225009555/filename1.htm
generative AI,True,6-K,EX-99.1,2025-04-07,"SatixFy Communications Ltd.  (SATX, STXYF)  (CIK 0001915403)",EXHIBIT 99.1,https://www.sec.gov/Archives/edgar/data/1915403/000117891325001217/exhibit_99-1.htm
generative AI,False,S-1,S-1,2026-07-08,Catalyst Acquisition Corp.  (CIK 0002104391),REGISTRATION STATEMENT,https://www.sec.gov/Archives/edgar/data/2104391/000121390026076132/ea0280268-02.htm
generative AI,False,DRS,DRS,2026-03-13,Catalyst Acquisition Corp.  (CIK 0002104391),,https://www.sec.gov/Archives/edgar/data/2104391/000121390026027132/filename1.htm
generative AI,False,F-1/A,F-1/A,2026-01-13,Braiin Ltd  (BRAI)  (CIK 0002076975),F-1/A,https://www.sec.gov/Archives/edgar/data/2076975/000149315226001917/formf-1a.htm
generative AI,False,DRS/A,DRS/A,2025-09-26,Braiin Ltd  (CIK 0002076975),,https://www.sec.gov/Archives/edgar/data/2076975/000149315225015031/filename1.htm
generative AI,False,PRE 14A,PRE 14A,2026-09-16,FLEX LTD.  (FLEX)  (CIK 0000866374),PRE 14A,https://www.sec.gov/Archives/edgar/data/866374/000119312526393030/d79728dpre14a.htm
generative AI,False,424B4,424B4,2026-07-28,Catalyst Acquisition Corp.  (CATL)  (CIK 0002104391),PROSPECTUS,https://www.sec.gov/Archives/edgar/data/2104391/000121390026081980/ea0280268-05.htm
generative AI,False,S-4/A,S-4/A,2025-06-09,"Ikena Oncology, Inc.  (IKNA)  (CIK 0001835579)",S-4/A,https://www.sec.gov/Archives/edgar/data/1835579/000114036125021863/ny20041067x10_s4a.htm
generative AI,False,F-1/A,F-1/A,2025-07-07,OTSAW Ltd  (OTSA)  (CIK 0002046462),REGISTRATION STATMENT,https://www.sec.gov/Archives/edgar/data/2046462/000121390025061733/ea0227213-08.htm
generative AI,False,DRS/A,DRS/A,2025-05-23,OTSAW Ltd  (CIK 0002046462),,https://www.sec.gov/Archives/edgar/data/2046462/000121390025047247/filename1.htm
generative AI,False,S-4,S-4,2026-09-30,"Spark I Acquisition Corp  (SPKL, SPKLU, SPKLW)  (CIK 0001884046); ZincFive, Inc.  (CIK 0001658385)",S-4,https://www.sec.gov/Archives/edgar/data/1884046/000110465926112345/spkl-20260929xs4.htm
generative AI,False,S-4/A,S-4/A,2026-09-29,InMed Pharmaceuticals Inc.  (INM)  (CIK 0001728328),S-4/A,https://www.sec.gov/Archives/edgar/data/1728328/000119312526407792/d131177ds4a.htm
generative AI,False,DRS,DRS,2026-08-12,"Spark I Acquisition Corp  (SPKL, SPKLU, SPKLW)  (CIK 0001884046); ZincFive, Inc.  (CIK 0001658385)",,https://www.sec.gov/Archives/edgar/data/1884046/000110465926094999/filename1.htm
generative AI,False,DRS/A,DRS/A,2025-03-26,OTSAW Ltd  (CIK 0002046462),,https://www.sec.gov/Archives/edgar/data/2046462/000101376225002776/filename1.htm
generative AI,False,F-1,F-1,2025-06-09,OTSAW Ltd  (CIK 0002046462),REGISTRATION STATEMENT,https://www.sec.gov/Archives/edgar/data/2046462/000121390025052720/ea0227213-06.htm
generative AI,False,S-4/A,S-4/A,2025-05-20,"Ikena Oncology, Inc.  (IKNA)  (CIK 0001835579)",S-4/A,https://www.sec.gov/Archives/edgar/data/1835579/000114036125019918/ny20041067x7_s4a.htm
generative AI,False,F-1/A,F-1/A,2025-07-16,OTSAW Ltd  (OTSA)  (CIK 0002046462),REGISTRATION STATEMENT,https://www.sec.gov/Archives/edgar/data/2046462/000121390025064434/ea0227213-10.htm
generative AI,False,S-4/A,S-4/A,2026-10-08,MN8 Energy Holdings LLC  (CIK 0002136853),S-4/A,https://www.sec.gov/Archives/edgar/data/2136853/000162828026065367/cik0001563922-20261007.htm
generative AI,False,S-4/A,S-4/A,2026-07-06,"Black Hawk Acquisition Corp  (BKHA, BKHAR, BKHAU)  (CIK 0002000775); Vesicor Therapeutics, Inc.  (CIK 0001993074)",S-4/A,https://www.sec.gov/Archives/edgar/data/2000775/000182912626007231/blackhawk_s4a6.htm
generative AI,False,S-4/A,S-4/A,2026-09-18,MN8 Energy Holdings LLC  (CIK 0002136853),S-4/A,https://www.sec.gov/Archives/edgar/data/2136853/000162828026062754/cik0001563922-20260918.htm
generative AI,False,S-4/A,S-4/A,2026-01-26,"Black Hawk Acquisition Corp  (BKHA, BKHAR, BKHAU)  (CIK 0002000775); Vesicor Therapeutics, Inc.  (CIK 0001993074)",S-4/A,https://www.sec.gov/Archives/edgar/data/2000775/000182912626000517/blackhawk_s4a.htm
generative AI,False,S-4/A,S-4/A,2026-03-05,"Black Hawk Acquisition Corp  (BKHA, BKHAR, BKHAU)  (CIK 0002000775); Vesicor Therapeutics, Inc.  (CIK 0001993074)",S-4/A,https://www.sec.gov/Archives/edgar/data/2000775/000182912626001934/blackhawk_s4a.htm
generative AI,False,S-4/A,S-4/A,2026-05-01,"Black Hawk Acquisition Corp  (BKHA, BKHAR, BKHAU)  (CIK 0002000775); Vesicor Therapeutics, Inc.  (CIK 0001993074)",S-4/A,https://www.sec.gov/Archives/edgar/data/2000775/000182912626004346/blackhawk_s4a.htm
generative AI,False,S-4/A,S-4/A,2025-05-07,"Ikena Oncology, Inc.  (IKNA)  (CIK 0001835579)",S-4/A,https://www.sec.gov/Archives/edgar/data/1835579/000114036125017705/ny20041067x5_s4a.htm
generative AI,False,S-4/A,S-4/A,2026-06-11,"Black Hawk Acquisition Corp  (BKHA, BKHAR, BKHAU)  (CIK 0002000775); Vesicor Therapeutics, Inc.  (CIK 0001993074)",S-4/A,https://www.sec.gov/Archives/edgar/data/2000775/000182912626006338/blackhawk_s4a5.htm
generative AI,False,S-4/A,S-4/A,2026-01-23,"Black Hawk Acquisition Corp  (BKHA, BKHAR, BKHAU)  (CIK 0002000775); Vesicor Therapeutics, Inc.  (CIK 0001993074)",S-4/A,https://www.sec.gov/Archives/edgar/data/2000775/000182912626000475/blackhawk_s4a.htm
generative AI,False,S-4,S-4,2026-08-10,MN8 Energy Holdings LLC  (CIK 0002136853),S-4,https://www.sec.gov/Archives/edgar/data/2136853/000162828026055300/cik0001563922-20260810.htm
generative AI,False,S-4,S-4,2025-03-18,"Ikena Oncology, Inc.  (IKNA)  (CIK 0001835579)",S-4,https://www.sec.gov/Archives/edgar/data/1835579/000114036125009263/ikna-20250318.htm
generative AI,False,20-F,20-F,2025-03-13,ProQR Therapeutics N.V.  (PRQR)  (CIK 0001612940),20-F,https://www.sec.gov/Archives/edgar/data/1612940/000155837025002851/tmb-20241231x20f.htm
generative AI,True,6-K,EX-1,2025-02-14,"British American Tobacco p.l.c.  (BTI, BTAFF)  (CIK 0001303523)",EX-1,https://www.sec.gov/Archives/edgar/data/1303523/000130352325000024/ara_uk2024fy.htm
generative AI,False,S-4/A,S-4/A,2025-04-21,"Ikena Oncology, Inc.  (IKNA)  (CIK 0001835579)",S-4/A,https://www.sec.gov/Archives/edgar/data/1835579/000114036125014758/ny20041067x2_s4a.htm
generative AI,False,DRS/A,DRS/A,2025-02-10,Xdata Group  (CIK 0002038688); OU XDATA GROUP  (CIK 0002045727),,https://www.sec.gov/Archives/edgar/data/2038688/000149315225005626/filename1.htm
generative AI,False,DRS/A,DRS/A,2025-02-28,Xdata Group  (CIK 0002038688); OU XDATA GROUP  (CIK 0002045727),,https://www.sec.gov/Archives/edgar/data/2038688/000149315225008701/filename1.htm
generative AI,False,DEF 14A,DEF 14A,2026-10-05,FLEX LTD.  (FLEX)  (CIK 0000866374),DEF 14A,https://www.sec.gov/Archives/edgar/data/866374/000119312526413189/d79728ddef14a.htm
generative AI,False,S-4,S-4,2026-07-15,Rallybio Corp  (RLYB)  (CIK 0001739410),S-4,https://www.sec.gov/Archives/edgar/data/1739410/000119312526304966/d71655ds4.htm
generative AI,False,S-4/A,S-4/A,2026-09-16,Rallybio Corp  (RLYB)  (CIK 0001739410),S-4/A NO. 2,https://www.sec.gov/Archives/edgar/data/1739410/000119312526392246/d71655ds4a.htm
generative AI,False,S-4/A,S-4/A,2026-08-26,Rallybio Corp  (RLYB)  (CIK 0001739410),S-4/A,https://www.sec.gov/Archives/edgar/data/1739410/000119312526368568/d71655ds4a.htm
generative AI,False,S-4/A,S-4/A,2026-10-05,Rallybio Corp  (RLYB)  (CIK 0001739410),S-4/A NO. 3,https://www.sec.gov/Archives/edgar/data/1739410/000119312526412774/d71655ds4a.htm
generative AI,False,20-F,20-F,2026-03-12,ProQR Therapeutics N.V.  (PRQR)  (CIK 0001612940),20-F,https://www.sec.gov/Archives/edgar/data/1612940/000110465926026713/prqr-20251231x20f.htm
generative AI,False,20-F,20-F,2025-02-14,"British American Tobacco p.l.c.  (BTI, BTAFF)  (CIK 0001303523)",20-F,https://www.sec.gov/Archives/edgar/data/1303523/000130352325000021/bti-20241231.htm
generative AI,False,N-CSR,N-CSR,2025-02-21,AIM VARIABLE INSURANCE FUNDS (INVESCO VARIABLE INSURANCE FUNDS)  (CIK 0000896435),N-CSR,https://www.sec.gov/Archives/edgar/data/896435/000114554925008120/8dd529c4e615939.htm
generative AI,False,ARS,ARS,2025-05-16,Primis Financial Corp.  (FRST)  (CIK 0001325670),ARS,https://www.sec.gov/Archives/edgar/data/1325670/000155837025007929/frst-20241231xars.pdf
generative AI,False,F-4,F-4,2026-10-09,Scancell Holdings plc  (CIK 0002141116),F-4,https://www.sec.gov/Archives/edgar/data/2141116/000110465926114823/tm2624714-1_f4.htm
generative AI,False,DRS,DRS,2025-11-24,AIAI Holdings Corp  (CIK 0002096362),,https://www.sec.gov/Archives/edgar/data/2096362/000149315225024734/filename1.htm
generative AI,False,F-4,F-4,2025-03-17,Xdata Group  (CIK 0002038688); OU XDATA GROUP  (CIK 0002045727),,https://www.sec.gov/Archives/edgar/data/2038688/000149315225010574/formf-4.htm
generative AI,False,POS AM,POS AM,2026-05-21,Xdata Group  (CIK 0002038688); OU XDATA GROUP  (CIK 0002045727),POS AM,https://www.sec.gov/Archives/edgar/data/2038688/000149315226024783/formposam.htm
generative AI,False,DEF 14A,DEF 14A,2025-04-07,"Alpha Star Acquisition Corp  (ALSAF, ALSTF, ALSUF, ALSWF)  (CIK 0001865111)",,https://www.sec.gov/Archives/edgar/data/1865111/000164117225002937/formdef14a.htm
generative AI,False,PRE 14A,PRE 14A,2025-03-28,"Alpha Star Acquisition Corp  (ALSAF, ALSTF, ALSUF, ALSWF)  (CIK 0001865111)",,https://www.sec.gov/Archives/edgar/data/1865111/000164117225001110/formpre14a.htm
generative AI,False,POS AM,POS AM,2026-03-26,Xdata Group  (CIK 0002038688),POS AM,https://www.sec.gov/Archives/edgar/data/2038688/000149315226012861/formposam.htm
generative AI,False,POS AM,POS AM,2026-03-26,OU XDATA GROUP  (CIK 0002045727),POS AM,https://www.sec.gov/Archives/edgar/data/2045727/000149315226012874/formposam.htm
generative AI,False,POS AM,POS AM,2026-02-17,Xdata Group  (CIK 0002038688),POS AM,https://www.sec.gov/Archives/edgar/data/2038688/000149315226007053/formposam.htm
generative AI,False,DRS,DRS,2025-07-11,VEON Holdings B.V.  (CIK 0002063940),,https://www.sec.gov/Archives/edgar/data/2063940/000121390025063357/filename1.htm
generative AI,False,424B3,424B3,2025-04-04,Xdata Group  (XDT)  (CIK 0002038688),,https://www.sec.gov/Archives/edgar/data/2038688/000164117225002688/form424b3.htm
generative AI,False,DEF 14A,DEF 14A,2026-05-29,"Alpha Star Acquisition Corp  (ALSAF, ALSTF, ALSUF, ALSWF)  (CIK 0001865111)",DEF 14A,https://www.sec.gov/Archives/edgar/data/1865111/000149315226026329/formdef14a.htm
generative AI,False,DRS,DRS,2025-03-31,Kyivstar Group Ltd.  (CIK 0002062440),,https://www.sec.gov/Archives/edgar/data/2062440/000121390025026261/filename1.htm
generative AI,False,424B3,424B3,2026-05-29,Xdata Group  (CIK 0002038688),424B3,https://www.sec.gov/Archives/edgar/data/2038688/000149315226026300/form424b3.htm
generative AI,False,DRS,DRS,2025-04-18,Kyivstar Group Ltd.  (CIK 0002062440); VEON Holdings B.V.  (CIK 0002063940),,https://www.sec.gov/Archives/edgar/data/2062440/000121390025033341/filename1.htm
generative AI,False,S-4,S-4,2026-10-05,"IPFX Pubco, Inc.  (CIK 0002145371); Quantum Space, LLC  (CIK 0002149780)",REGISTRATION STATEMENT,https://www.sec.gov/Archives/edgar/data/2145371/000121390026106599/ea0301326-03.htm
generative AI,False,10-K,10-K,2025-04-29,Primis Financial Corp.  (FRST)  (CIK 0001325670),10-K,https://www.sec.gov/Archives/edgar/data/1325670/000155837025005861/frst-20241231x10k.htm
generative AI,False,S-4/A,S-4/A,2026-04-24,Rallybio Corp  (RLYB)  (CIK 0001739410),S-4/A NO. 1,https://www.sec.gov/Archives/edgar/data/1739410/000119312526177461/d109079ds4a.htm
generative AI,False,S-4/A,S-4/A,2026-08-03,"Black Hawk Acquisition Corp  (BKHA, BKHAR, BKHAU)  (CIK 0002000775); Vesicor Therapeutics, Inc.  (CIK 0001993074)",S-4/A,https://www.sec.gov/Archives/edgar/data/2000775/000182912626008251/blackhawk_s4a7.htm
generative AI,False,S-4,S-4,2026-03-17,Rallybio Corp  (RLYB)  (CIK 0001739410),S-4,https://www.sec.gov/Archives/edgar/data/1739410/000119312526108699/d109079ds4.htm
generative AI,False,S-4/A,S-4/A,2025-08-29,Carisma Therapeutics Inc.  (CARM)  (CIK 0001485003),S-4/A,https://www.sec.gov/Archives/edgar/data/1485003/000141057825001919/tmb-20250630xs4a.htm
generative AI,False,S-4/A,S-4/A,2026-09-04,"Black Hawk Acquisition Corp  (BKHA, BKHAR, BKHAU)  (CIK 0002000775); Vesicor Therapeutics, Inc.  (CIK 0001993074)",S-4/A,https://www.sec.gov/Archives/edgar/data/2000775/000182912626009732/blackhawk_s4a8.htm
generative AI,False,S-4,S-4,2025-07-21,Carisma Therapeutics Inc.  (CARM)  (CIK 0001485003),S-4,https://www.sec.gov/Archives/edgar/data/1485003/000141057825001470/tmb-20250331xs4.htm
generative AI,False,424B4,424B4,2026-09-22,"Black Hawk Acquisition Corp  (BKHA, BKHAR, BKHAU)  (CIK 0002000775); Vesicor Therapeutics, Inc.  (CIK 0001993074)",424B4,https://www.sec.gov/Archives/edgar/data/2000775/000182912626010292/blackhawk_424b4.htm
generative AI,False,S-4,S-4,2026-08-12,"McKinley Acquisition Corp  (MKLY, MKLYR, MKLYU)  (CIK 0002067592); Space-Eyes, Inc.  (CIK 0002080206)",REGISTRATION STATEMENT,https://www.sec.gov/Archives/edgar/data/2067592/000121390026088352/ea0300852-01.htm
generative AI,False,S-4,S-4,2026-09-28,"Silicon Valley Acquisition Corp.  (SVAQ, SVAQU, SVAQW)  (CIK 0002085659); EigenQ Inc  (CIK 0002064142)",REGISTRATION STATEMENT,https://www.sec.gov/Archives/edgar/data/2085659/000121390026104040/ea0300424-02.htm
generative AI,False,DRS,DRS,2026-08-14,"Silicon Valley Acquisition Corp.  (SVAQ, SVAQU, SVAQW)  (CIK 0002085659); EigenQ Inc  (CIK 0002064142)",,https://www.sec.gov/Archives/edgar/data/2085659/000121390026090057/filename1.htm
generative AI,False,S-4,S-4,2026-08-31,"Tempus AI, Inc.  (TEM)  (CIK 0001717115)",S-4,https://www.sec.gov/Archives/edgar/data/1717115/000119312526376895/d864810ds4.htm
generative AI,False,424B3,424B3,2025-04-02,WinVest (BVI) Ltd.  (CIK 0002036162); Xtribe (BVI) Ltd.  (CIK 0002038123); WinVest Acquisition Corp.  (CIK 0001854463),,https://www.sec.gov/Archives/edgar/data/2036162/000164117225002374/form424b3.htm
generative AI,False,F-4/A,F-4/A,2025-03-31,"WinVest Acquisition Corp.  (WINV, WINVR, WINVW)  (CIK 0001854463); Xtribe (BVI) Ltd.  (CIK 0002038123)",,https://www.sec.gov/Archives/edgar/data/1854463/000164117225001368/formf-4a.htm
generative AI,False,F-4/A,F-4/A,2025-03-28,WinVest (BVI) Ltd.  (CIK 0002036162),,https://www.sec.gov/Archives/edgar/data/2036162/000164117225001332/formf-4a.htm
generative AI,False,S-4/A,S-4/A,2026-10-02,"Tempus AI, Inc.  (TEM)  (CIK 0001717115)",S-4/A,https://www.sec.gov/Archives/edgar/data/1717115/000119312526412289/d864810ds4a.htm
generative AI,False,S-1/A,S-1/A,2025-09-15,American Exceptionalism Acquisition Corp. A  (AEXA)  (CIK 0002079173),S-1/A,https://www.sec.gov/Archives/edgar/data/2079173/000119312525203772/d38750ds1a.htm
generative AI,False,424B4,424B4,2025-09-29,American Exceptionalism Acquisition Corp. A  (AEXA)  (CIK 0002079173),424B4,https://www.sec.gov/Archives/edgar/data/2079173/000119312525221814/d38750d424b4.htm
generative AI,False,F-4,F-4,2025-06-05,Kyivstar Group Ltd.  (CIK 0002062440); VEON Holdings B.V.  (CIK 0002063940),REGISTRATION STATEMENT,https://www.sec.gov/Archives/edgar/data/2062440/000121390025051575/ea0238603-02.htm
generative AI,False,S-1,S-1,2025-08-18,American Exceptionalism Acquisition Corp. A  (CIK 0002079173),S-1,https://www.sec.gov/Archives/edgar/data/2079173/000119312525182758/d38750ds1.htm
generative AI,False,424B3,424B3,2025-07-22,Kyivstar Group Ltd.  (KYIV)  (CIK 0002062440); VEON Holdings B.V.  (CIK 0002063940),PROSPECTUS,https://www.sec.gov/Archives/edgar/data/2062440/000121390025066705/ea0238603-11.htm
generative AI,False,F-4/A,F-4/A,2025-06-24,Kyivstar Group Ltd.  (KYIV)  (CIK 0002062440); VEON Holdings B.V.  (CIK 0002063940),REGISTRATION STATEMENT,https://www.sec.gov/Archives/edgar/data/2062440/000121390025057315/ea0238603-04.htm
generative AI,False,DEFM14A,DEFM14A,2025-07-23,"Cohen Circle Acquisition Corp. I  (CCIR, CCIRU, CCIRW)  (CIK 0001894176)",PROXY STATEMENT,https://www.sec.gov/Archives/edgar/data/1894176/000121390025066764/ea0249887-01.htm
generative AI,False,F-4,F-4,2025-03-11,WinVest (BVI) Ltd.  (CIK 0002036162); Xtribe (BVI) Ltd.  (CIK 0002038123); WinVest Acquisition Corp.  (CIK 0001854463),,https://www.sec.gov/Archives/edgar/data/2036162/000149315225009895/formf-4.htm
generative AI,False,S-4/A,S-4/A,2026-10-05,"McKinley Acquisition Corp  (MKLY, MKLYR, MKLYU)  (CIK 0002067592); Space-Eyes, Inc.  (CIK 0002080206)",REGISTRATION STATEMENT,https://www.sec.gov/Archives/edgar/data/2067592/000121390026106819/ea0300852-02.htm
generative AI,False,DRS,DRS,2026-03-02,"SeeQC, Inc.  (CIK 0001779977)",,https://www.sec.gov/Archives/edgar/data/1779977/000121390026022468/filename1.htm
generative AI,False,20-F,20-F,2026-02-10,"BARCLAYS PLC  (BCS, BCLYF)  (CIK 0000312069)",20-F,https://www.sec.gov/Archives/edgar/data/312069/000031206926000004/bcs-20251231.htm
generative AI,False,F-4/A,F-4/A,2025-07-17,Kyivstar Group Ltd.  (KYIV)  (CIK 0002062440); VEON Holdings B.V.  (CIK 0002063940),REGISTRATION STATEMENT,https://www.sec.gov/Archives/edgar/data/2062440/000121390025064873/ea0238603-09.htm
generative AI,False,F-4/A,F-4/A,2025-07-10,Kyivstar Group Ltd.  (KYIV)  (CIK 0002062440); VEON Holdings B.V.  (CIK 0002063940),REGISTRATION STATEMENT,https://www.sec.gov/Archives/edgar/data/2062440/000121390025062760/ea0238603-07.htm
generative AI,False,S-4,S-4,2026-08-28,Talawar Tx Inc.  (CIK 0002140859),S-4,https://www.sec.gov/Archives/edgar/data/2140859/000119312526374324/tlwr-20260828.htm
generative AI,False,DEFM14A,DEFM14A,2026-08-12,"Inflection Point Acquisition Corp. V  (IPEX, IPEXR, IPEXU)  (CIK 0002028355)",PROXY STATEMENT,https://www.sec.gov/Archives/edgar/data/2028355/000121390026087896/ea0301639-01.htm
generative AI,False,424B3,424B3,2026-08-11,GOWell Energy Technology  (GOW)  (CIK 0002097702); GOWell Technology Ltd  (CIK 0002097557),PROSPECTUS,https://www.sec.gov/Archives/edgar/data/2097702/000121390026087850/ea0268687-10.htm
generative AI,False,424B3,424B3,2026-09-24,GOWell Energy Technology  (GOW)  (CIK 0002097702); GOWell Technology Ltd  (CIK 0002097557),PROSPECTUS,https://www.sec.gov/Archives/edgar/data/2097702/000121390026103103/ea0268687-11.htm
generative AI,False,20-F,20-F,2025-02-13,"BARCLAYS PLC  (BCS, BCLYF)  (CIK 0000312069)",20-F,https://www.sec.gov/Archives/edgar/data/312069/000031206925000114/bcs-20241231.htm
generative AI,False,DRS/A,DRS/A,2026-04-22,"SeeQC, Inc.  (CIK 0001779977)",,https://www.sec.gov/Archives/edgar/data/1779977/000121390026046689/filename1.htm
generative AI,False,S-4,S-4,2026-07-24,"IB Acquisition Corp.  (IBAC, IBACR)  (CIK 0001998781); GNQ Insilico Inc.  (CIK 0002139774)",S-4,https://www.sec.gov/Archives/edgar/data/1998781/000149315226034626/forms-4.htm
generative AI,False,S-4/A,S-4/A,2026-10-05,Talawar Tx Inc.  (CIK 0002140859),S-4/A,https://www.sec.gov/Archives/edgar/data/2140859/000119312526413188/tlwr-20261005.htm
generative AI,False,20-F,20-F,2026-03-16,VEON Ltd.  (VEON)  (CIK 0001468091),20-F,https://www.sec.gov/Archives/edgar/data/1468091/000146809126000010/vip-20251231.htm
generative AI,False,S-4,S-4,2026-09-11,"Launch Two Acquisition Corp.  (LPBB, LPBBU, LPBBW)  (CIK 0002023676); NuCube Energy, Inc.  (CIK 0002142801)",REGISTRATION STATEMENT,https://www.sec.gov/Archives/edgar/data/2023676/000121390026099372/ea0299156-02.htm
generative AI,False,N-PX,PROXY VOTING RECORD,2025-08-29,Dimensional ETF Trust  (CIK 0001816125),,https://www.sec.gov/Archives/edgar/data/1816125/000168035925000722/ProxyVotingTable.xml
generative AI,False,S-4,S-4,2026-05-26,"SeeQC, Inc.  (CIK 0001779977)",REGISTRATION STATEMENT,https://www.sec.gov/Archives/edgar/data/1779977/000121390026061108/ea0278139-04.htm
generative AI,False,S-4,S-4,2026-07-20,STANDARD BIOTOOLS INC.  (LAB)  (CIK 0001162194),S-4,https://www.sec.gov/Archives/edgar/data/1162194/000114036126028868/ny20077604x1_s4.htm
generative AI,False,S-1/A,S-1/A,2026-06-05,WhiteHawk Income Corp  (WHK)  (CIK 0001921603),S-1/A,https://www.sec.gov/Archives/edgar/data/1921603/000119312526258901/d86452ds1a.htm
generative AI,False,S-4,S-4,2026-04-20,"Cyclerion Therapeutics, Inc.  (CYCN)  (CIK 0001755237)",S-4,https://www.sec.gov/Archives/edgar/data/1755237/000119312526162177/d111069ds4.htm
generative AI,False,424B4,424B4,2026-06-09,WhiteHawk Income Corp  (WHK)  (CIK 0001921603),424B4,https://www.sec.gov/Archives/edgar/data/1921603/000119312526264014/d86452d424b4.htm
generative AI,False,S-1/A,S-1/A,2026-06-02,WhiteHawk Income Corp  (WHK)  (CIK 0001921603),S-1/A,https://www.sec.gov/Archives/edgar/data/1921603/000119312526252895/d86452ds1a.htm
generative AI,False,S-4/A,S-4/A,2026-06-09,"Cyclerion Therapeutics, Inc.  (CYCN)  (CIK 0001755237)",S-4/A,https://www.sec.gov/Archives/edgar/data/1755237/000119312526263731/d111069ds4a.htm
generative AI,False,DRS,DRS,2026-01-30,VYNE Therapeutics Inc.  (VYNE)  (CIK 0001566044),,https://www.sec.gov/Archives/edgar/data/1566044/000110465926008739/filename1.htm
generative AI,False,424B3,424B3,2026-10-06,WhiteHawk Minerals Corp.  (WHK)  (CIK 0001921603),424B3,https://www.sec.gov/Archives/edgar/data/1921603/000119312526415818/whk_-_424b3.htm
generative AI,False,S-1/A,S-1/A,2026-05-26,WhiteHawk Income Corp  (WHK)  (CIK 0001921603),S-1/A,https://www.sec.gov/Archives/edgar/data/1921603/000119312526237902/d86452ds1a.htm
generative AI,False,424B3,424B3,2026-07-01,"SeeQC, Inc.  (SEQC)  (CIK 0001779977)",PROSPECTUS,https://www.sec.gov/Archives/edgar/data/1779977/000121390026074258/ea0278139-08.htm
generative AI,False,S-4/A,S-4/A,2026-07-22,"Cyclerion Therapeutics, Inc.  (CYCN)  (CIK 0001755237)",S-4/A,https://www.sec.gov/Archives/edgar/data/1755237/000119312526312558/d111069ds4a.htm
generative AI,False,424B3,424B3,2026-07-24,"Cyclerion Therapeutics, Inc.  (CYCN)  (CIK 0001755237)",424B3,https://www.sec.gov/Archives/edgar/data/1755237/000119312526316138/d111069d424b3.htm
generative AI,False,S-4/A,S-4/A,2026-07-10,"Cyclerion Therapeutics, Inc.  (CYCN)  (CIK 0001755237)",S-4/A,https://www.sec.gov/Archives/edgar/data/1755237/000119312526299933/d111069ds4a.htm
generative AI,False,DRS,DRS,2026-08-03,"Launch Two Acquisition Corp.  (LPBB, LPBBU, LPBBW)  (CIK 0002023676); NuCube Energy, Inc.  (CIK 0002142801)",,https://www.sec.gov/Archives/edgar/data/2023676/000121390026084199/filename1.htm
generative AI,False,DRS,DRS,2026-05-15,"Miluna Acquisition Corp  (MMTX, MMTXU, MMTXW)  (CIK 0002077033); CADV Ventures S.A.  (CIK 0002133525)",,https://www.sec.gov/Archives/edgar/data/2077033/000149315226023268/filename1.htm
generative AI,False,S-4/A,S-4/A,2026-09-09,STANDARD BIOTOOLS INC.  (LAB)  (CIK 0001162194),S-4/A,https://www.sec.gov/Archives/edgar/data/1162194/000114036126036084/ny20077604x3_s4a.htm
generative AI,False,S-1,S-1,2026-10-01,WhiteHawk Minerals Corp.  (WHK)  (CIK 0001921603),S-1,https://www.sec.gov/Archives/edgar/data/1921603/000119312526410790/whk-20261001.htm
generative AI,False,DRS,DRS,2026-09-16,WhiteHawk Minerals Corp.  (WHK)  (CIK 0001921603),,https://www.sec.gov/Archives/edgar/data/1921603/000119312526393161/filename1.htm
generative AI,False,S-4,S-4,2026-03-31,VYNE Therapeutics Inc.  (VYNE)  (CIK 0001566044),S-4,https://www.sec.gov/Archives/edgar/data/1566044/000110465926037932/vyne-20251231xs4.htm
generative AI,False,DEFM14A,DEFM14A,2026-07-01,Allegro Merger Corp.  (CIK 0001720025),PROXY STATEMENT,https://www.sec.gov/Archives/edgar/data/1720025/000121390026074267/ea0296576-01.htm
generative AI,False,S-4/A,S-4/A,2026-06-17,"SeeQC, Inc.  (SEQC)  (CIK 0001779977)",REGISTRATION STATEMENT,https://www.sec.gov/Archives/edgar/data/1779977/000121390026069705/ea0278139-06.htm
generative AI,False,S-4,S-4,2026-08-24,Research Alliance Corp III  (RACC)  (CIK 0002118032); OHB Pediatrics Ltd.  (CIK 0002148593),S-4,https://www.sec.gov/Archives/edgar/data/2118032/000119312526363800/d149484ds4.htm
generative AI,False,S-4/A,S-4/A,2026-09-28,Research Alliance Corp III  (RACC)  (CIK 0002118032); OHB Pediatrics Ltd.  (CIK 0002148593),S-4/A,https://www.sec.gov/Archives/edgar/data/2118032/000119312526403078/d149484ds4a.htm
generative AI,False,N-PX,PROXY VOTING RECORD,2025-08-29,DFA INVESTMENT DIMENSIONS GROUP INC  (CIK 0000355437),,https://www.sec.gov/Archives/edgar/data/355437/000168035925000726/ProxyVotingTable.xml
generative AI,False,S-4/A,S-4/A,2026-09-16,ODNB Financial Corp  (CIK 0001947463),S-4/A,https://www.sec.gov/Archives/edgar/data/1947463/000110465926108257/tm2621296-3_s4a.htm
generative AI,False,S-4/A,S-4/A,2026-06-03,VYNE Therapeutics Inc.  (VYNE)  (CIK 0001566044),S-4/A,https://www.sec.gov/Archives/edgar/data/1566044/000110465926069925/vyne-20260331xs4a.htm
generative AI,False,424B3,424B3,2026-06-15,VYNE Therapeutics Inc.  (VYNE)  (CIK 0001566044),424B3,https://www.sec.gov/Archives/edgar/data/1566044/000110465926074092/tm2533834-14_424b3.htm
generative AI,False,S-4,S-4,2026-07-31,ODNB Financial Corp  (CIK 0001947463),S-4,https://www.sec.gov/Archives/edgar/data/1947463/000110465926089274/tm2621296-1_s4.htm
generative AI,False,S-4/A,S-4/A,2026-10-06,ODNB Financial Corp  (NACB)  (CIK 0001947463),S-4/A,https://www.sec.gov/Archives/edgar/data/1947463/000110465926114072/tm2621296-6_s4a.htm
generative AI,False,S-4/A,S-4/A,2026-04-28,VYNE Therapeutics Inc.  (VYNE)  (CIK 0001566044),S-4/A,https://www.sec.gov/Archives/edgar/data/1566044/000110465926050502/vyne-20251231xs4a.htm
generative AI,False,DRS/A,DRS/A,2026-07-28,"Miluna Acquisition Corp  (MMTX, MMTXU, MMTXW)  (CIK 0002077033); CADV Ventures S.A.  (CIK 0002133525)",,https://www.sec.gov/Archives/edgar/data/2077033/000149315226034996/filename1.htm
generative AI,False,DRS/A,DRS/A,2026-08-12,"Miluna Acquisition Corp  (MMTX, MMTXU, MMTXW)  (CIK 0002077033); CADV Ventures S.A.  (CIK 0002133525)",,https://www.sec.gov/Archives/edgar/data/2077033/000149315226037279/filename1.htm
generative AI,False,S-4,S-4,2026-08-27,"Miluna Acquisition Corp  (MMTX, MMTXU, MMTXW)  (CIK 0002077033); CADV Ventures S.A.  (CIK 0002133525)",S-4,https://www.sec.gov/Archives/edgar/data/2077033/000149315226040431/forms-4.htm
generative AI,False,DRS/A,DRS/A,2026-07-06,"Miluna Acquisition Corp  (MMTX, MMTXU, MMTXW)  (CIK 0002077033); CADV Ventures S.A.  (CIK 0002133525)",,https://www.sec.gov/Archives/edgar/data/2077033/000149315226032200/filename1.htm
generative AI,False,S-4/A,S-4/A,2026-09-18,"Miluna Acquisition Corp  (MMTX, MMTXU, MMTXW)  (CIK 0002077033); CADV Ventures S.A.  (CIK 0002133525)",S-4/A,https://www.sec.gov/Archives/edgar/data/2077033/000149315226043206/forms-4a.htm
generative AI,False,N-PX,PROXY VOTING RECORD,2025-08-28,FIDELITY CONCORD STREET TRUST  (CIK 0000819118),,https://www.sec.gov/Archives/edgar/data/819118/000071945125000060/ProxyVotingTable.xml
generative AI,False,N-PX,PROXY VOTING RECORD,2026-08-28,EQ ADVISORS TRUST  (CIK 0001027263),,https://www.sec.gov/Archives/edgar/data/1027263/000119312526372372/ProxyVotingTable.xml
generative AI,False,N-PX,PROXY VOTING RECORD,2025-08-28,FIDELITY CONCORD STREET TRUST  (CIK 0000819118),,https://www.sec.gov/Archives/edgar/data/819118/000088019525000587/ProxyVotingTable.xml
large language model,False,424B5,424B5,2025-10-30,"ECARX Holdings Inc.  (ECX, ECXWW)  (CIK 0001861974)",424B5,https://www.sec.gov/Archives/edgar/data/1861974/000110465925104490/tm2521297-3_424b5.htm
large language model,False,DEF 14A,DEF 14A,2025-04-24,"Global Business Travel Group, Inc.  (GBTG)  (CIK 0001820872)",DEF 14A,https://www.sec.gov/Archives/edgar/data/1820872/000182087225000008/gbtb-20250424.htm
large language model,False,20-F,20-F,2025-04-15,Cheetah Mobile Inc.  (CMCM)  (CIK 0001597835),20-F,https://www.sec.gov/Archives/edgar/data/1597835/000095017025053935/cmcm-20241231.htm
large language model,False,F-1/A,F-1/A,2025-08-07,DT House Ltd  (CIK 0002047713),AMENDMENT NO. 2 TO FORM F-1,https://www.sec.gov/Archives/edgar/data/2047713/000121390025072682/ea0247969-f1a2_dthouse.htm
large language model,False,F-1/A,F-1/A,2025-09-05,DT House Ltd  (CIK 0002047713),AMENDMENT NO. 4 TO FORM F-1,https://www.sec.gov/Archives/edgar/data/2047713/000121390025084729/ea0255982-f1a4_dthouse.htm
large language model,False,F-1/A,F-1/A,2025-09-19,DT House Ltd  (DTDT)  (CIK 0002047713),AMENDMENT NO. 5 TO FORM F-1,https://www.sec.gov/Archives/edgar/data/2047713/000121390025089136/ea0257871-f1a5_dthouse.htm
large language model,False,F-1/A,F-1/A,2025-08-19,DT House Ltd  (CIK 0002047713),AMENDMENT NO. 3 TO FORM F-1,https://www.sec.gov/Archives/edgar/data/2047713/000121390025078456/ea0248398-f1a_dthouse.htm
large language model,False,F-1/A,F-1/A,2025-10-24,DT House Ltd  (DTDT)  (CIK 0002047713),AMENDMENT NO. 6 TO FORM F-1,https://www.sec.gov/Archives/edgar/data/2047713/000121390025102087/ea0262304-f1a6_dthouse.htm
large language model,False,F-1,F-1,2026-01-20,DT House Ltd  (DTDT)  (CIK 0002047713),REGISTRATION STATEMENT,https://www.sec.gov/Archives/edgar/data/2047713/000121390026005690/ea0273016-f1_dthouse.htm
large language model,False,ARS,ARS,2026-04-20,"Shuttle Pharmaceuticals Holdings, Inc.  (SHPH)  (CIK 0001757499)",ARS,https://www.sec.gov/Archives/edgar/data/1757499/000149315226018120/formars.pdf
large language model,False,20-F,20-F,2026-04-23,Cheetah Mobile Inc.  (CMCM)  (CIK 0001597835),20-F,https://www.sec.gov/Archives/edgar/data/1597835/000119312526171821/cmcm-20251231.htm
large language model,False,10-K,10-K,2026-03-31,"Shuttle Pharmaceuticals Holdings, Inc.  (SHPH)  (CIK 0001757499)",10-K,https://www.sec.gov/Archives/edgar/data/1757499/000149315226014131/form10-k.htm
large language model,False,PREM14C,PREM14C,2025-07-03,Informatica Inc.  (INFA)  (CIK 0001868778),PREM14C,https://www.sec.gov/Archives/edgar/data/1868778/000119312525155517/d74603dprem14c.htm
large language model,False,DEFM14C,DEFM14C,2025-07-14,Informatica Inc.  (INFA)  (CIK 0001868778),DEFM14C,https://www.sec.gov/Archives/edgar/data/1868778/000119312525158774/d74603ddefm14c.htm
large language model,False,DEF 14A,DEF 14A,2025-03-27,TERADATA CORP /DE/  (TDC)  (CIK 0000816761),DEF 14A,https://www.sec.gov/Archives/edgar/data/816761/000081676125000093/tdc-20250326.htm
large language model,False,PREM14A,PREM14A,2026-05-28,ELECTRO SENSORS INC  (ELSE)  (CIK 0000351789),PREM14A,https://www.sec.gov/Archives/edgar/data/351789/000114036126023178/ny20072844x1_prem14a.htm
large language model,False,DEFM14A,DEFM14A,2026-06-26,ELECTRO SENSORS INC  (ELSE)  (CIK 0000351789),DEFM14A,https://www.sec.gov/Archives/edgar/data/351789/000114036126026456/ny20072844x2_defm14a.htm
large language model,False,DRS/A,DRS/A,2026-03-02,Nuclea Energy Inc.  (CIK 0002101996),,https://www.sec.gov/Archives/edgar/data/2101996/000121390026022369/filename1.htm
large language model,False,DRS/A,DRS/A,2026-02-12,Nuclea Energy Inc.  (CIK 0002101996),,https://www.sec.gov/Archives/edgar/data/2101996/000121390026015081/filename1.htm
large language model,False,DRS,DRS,2025-01-03,DT House Ltd  (CIK 0002047713),,https://www.sec.gov/Archives/edgar/data/2047713/000121390025000794/filename1.htm
large language model,False,F-1,F-1,2025-03-03,DT House Ltd  (CIK 0002047713),REGISTRATION STATEMENT,https://www.sec.gov/Archives/edgar/data/2047713/000121390025018875/ea0231405-f1_dthouse.htm
large language model,False,DEF 14A,DEF 14A,2026-03-26,TERADATA CORP /DE/  (TDC)  (CIK 0000816761),DEF 14A,https://www.sec.gov/Archives/edgar/data/816761/000081676126000011/tdc-20260325.htm
large language model,True,8-K,EX-2.1,2025-01-13,"Clearwater Analytics Holdings, Inc.  (CWAN)  (CIK 0001866368)",EX-2.1,https://www.sec.gov/Archives/edgar/data/1866368/000119312525004935/d921635dex21.htm
large language model,True,8-K,EX-2.1,2025-01-13,"Enfusion, Inc.  (ENFN)  (CIK 0001868912)",EXHIBIT 2.1,https://www.sec.gov/Archives/edgar/data/1868912/000110465925002843/tm251420d1_ex2-1.htm
large language model,True,425,EX-2.1,2025-01-13,"Clearwater Analytics Holdings, Inc.  (CWAN)  (CIK 0001866368); Enfusion, Inc.  (CIK 0001868912)",EXHIBIT 2.1,https://www.sec.gov/Archives/edgar/data/1866368/000110465925003010/tm251420d4_ex2-1.htm
large language model,False,424B3,424B3,2025-05-20,"ServiceNow, Inc.  (NOW)  (CIK 0001373715)",424B3,https://www.sec.gov/Archives/edgar/data/1373715/000119312525123177/d210236d424b3.htm
large language model,False,S-4,S-4,2025-04-23,"ServiceNow, Inc.  (NOW)  (CIK 0001373715)",S-4,https://www.sec.gov/Archives/edgar/data/1373715/000119312525091451/d210236ds4.htm
large language model,False,S-4/A,S-4/A,2025-05-13,"ServiceNow, Inc.  (NOW)  (CIK 0001373715)",S-4/A,https://www.sec.gov/Archives/edgar/data/1373715/000119312525118914/d210236ds4a.htm
large language model,False,DEFA14A,DEFA14A,2026-04-22,"Amneal Pharmaceuticals, Inc.  (AMRX)  (CIK 0001723128)",DEFA14A,https://www.sec.gov/Archives/edgar/data/1723128/000119312526168237/d126526ddefa14a.htm
large language model,False,425,425,2025-01-13,"Enfusion, Inc.  (ENFN)  (CIK 0001868912); Clearwater Analytics Holdings, Inc.  (CIK 0001866368)",425,https://www.sec.gov/Archives/edgar/data/1868912/000119312525004988/d921635d425.htm
large language model,False,DRS/A,DRS/A,2026-03-18,Nuclea Energy Inc.  (CIK 0002101996),,https://www.sec.gov/Archives/edgar/data/2101996/000121390026029274/filename1.htm
large language model,False,DEFM14A,DEFM14A,2026-05-27,"Live Oak Acquisition Corp. V  (LOKV, LOKVU, LOKVW)  (CIK 0002048951)",DEFM14A,https://www.sec.gov/Archives/edgar/data/2048951/000119312526240707/d82890ddefm14a.htm
large language model,False,424B3,424B3,2026-05-27,"Live Oak Acquisition Corp. V  (LOKV, LOKVU, LOKVW)  (CIK 0002048951)",424B3,https://www.sec.gov/Archives/edgar/data/2048951/000119312526240661/d82890d424b3.htm
large language model,False,S-4/A,S-4/A,2026-05-22,"Live Oak Acquisition Corp. V  (LOKV, LOKVU, LOKVW)  (CIK 0002048951); Teamshares Inc.  (CIK 0001783876)",S-4/A,https://www.sec.gov/Archives/edgar/data/2048951/000119312526236646/d82890ds4a.htm
large language model,False,S-4/A,S-4/A,2026-05-19,"Live Oak Acquisition Corp. V  (LOKV, LOKVU, LOKVW)  (CIK 0002048951); Teamshares Inc.  (CIK 0001783876)",S-4/A,https://www.sec.gov/Archives/edgar/data/2048951/000119312526229758/d82890ds4a.htm
large language model,True,6-K,EX-99.1,2025-03-26,"PRUDENTIAL PLC  (PUK, PUKPF)  (CIK 0001116578)",ANNUAL REPORT,https://www.sec.gov/Archives/edgar/data/1116578/000110465925028061/tm2429688d5_ex99-1.pdf
large language model,False,S-4,S-4,2026-05-14,"McCarthy Finney, Inc.  (CIK 0002131882)",FORM S-4,https://www.sec.gov/Archives/edgar/data/2131882/000168316826003921/mccarthyfinney_s4.htm
large language model,False,424B3,424B3,2026-08-03,"Teamshares Inc  (TMS, TMSWW)  (CIK 0002048951)",424B3,https://www.sec.gov/Archives/edgar/data/2048951/000119312526330863/d58823d424b3.htm
large language model,False,DEFM14A,DEFM14A,2026-08-11,AUDDIA INC.  (AUUD)  (CIK 0001554818),DEFINITIVE PROXY RELATING TO MERGER,https://www.sec.gov/Archives/edgar/data/1554818/000168316826006211/auddia_defm14a.htm
large language model,True,8-K,EX-2.1,2025-05-28,Informatica Inc.  (INFA)  (CIK 0001868778),EX-2.1,https://www.sec.gov/Archives/edgar/data/1868778/000119312525128808/d930092dex21.htm
large language model,False,DRS,DRS,2026-07-17,"Teamshares Inc  (TMS, TMSWW)  (CIK 0002048951)",,https://www.sec.gov/Archives/edgar/data/2048951/000119312526307962/filename1.htm
large language model,False,S-4/A,S-4/A,2026-07-10,"McCarthy Finney, Inc.  (MCFN)  (CIK 0002131882)",FORM S-4 AMENDMENT 2,https://www.sec.gov/Archives/edgar/data/2131882/000168316826005430/mccarthy_s4a2.htm
large language model,False,20-F,20-F,2026-02-26,"HSBC HOLDINGS PLC  (HSBC, HBCYF)  (CIK 0001089113)",20-F,https://www.sec.gov/Archives/edgar/data/1089113/000108911326000010/hsbc-20251231.htm
large language model,False,DEFM14A,DEFM14A,2026-06-29,"Amneal Pharmaceuticals, Inc.  (AMRX)  (CIK 0001723128)",DEFM14A,https://www.sec.gov/Archives/edgar/data/1723128/000114036126026611/ny20075452x2_defm14a.htm
large language model,False,424B3,424B3,2026-08-11,"McCarthy Finney, Inc.  (MCFN)  (CIK 0002131882)",FORM 424B3,https://www.sec.gov/Archives/edgar/data/2131882/000168316826006208/mccarthy_424b3.htm
large language model,False,S-4/A,S-4/A,2026-06-18,"McCarthy Finney, Inc.  (MCFN)  (CIK 0002131882)",AMENDMENT NO. 1 TO FORM S-4,https://www.sec.gov/Archives/edgar/data/2131882/000168316826004950/mccarthy_s4a1.htm
large language model,False,DEFM14A,DEFM14A,2026-08-11,"McCarthy Finney, Inc.  (MCFN)  (CIK 0002131882)",DEFINITIVE PROXY RELATING TO MERGER,https://www.sec.gov/Archives/edgar/data/2131882/000168316826006207/mccarthy_defm14a.htm
large language model,False,F-1/A,F-1/A,2026-05-14,Nuclea Energy Inc.  (NCLA)  (CIK 0002101996),REGISTRATION STATEMENT,https://www.sec.gov/Archives/edgar/data/2101996/000121390026056075/ea0270043-14.htm
large language model,False,PREM14A,PREM14A,2026-06-18,"Amneal Pharmaceuticals, Inc.  (AMRX)  (CIK 0001723128)",PREM14A,https://www.sec.gov/Archives/edgar/data/1723128/000114036126025784/ny20075452x1_prem14a.htm
large language model,False,S-4/A,S-4/A,2026-07-29,"McCarthy Finney, Inc.  (MCFN)  (CIK 0002131882)",FORM S-4 AMENDMENT NO. 3,https://www.sec.gov/Archives/edgar/data/2131882/000168316826005815/mccarthy_s4a3.htm
large language model,False,S-4/A,S-4/A,2026-05-01,"Live Oak Acquisition Corp. V  (LOKV, LOKVU, LOKVW)  (CIK 0002048951); Teamshares Inc.  (CIK 0001783876)",S-4/A,https://www.sec.gov/Archives/edgar/data/2048951/000119312526198469/d82890ds4a.htm
large language model,False,F-1/A,F-1/A,2026-04-29,Nuclea Energy Inc.  (NCLA)  (CIK 0002101996),REGISTRATION STATEMENT,https://www.sec.gov/Archives/edgar/data/2101996/000121390026049394/ea0270043-12.htm
large language model,False,F-1,F-1,2026-04-13,Nuclea Energy Inc.  (CIK 0002101996),REGISTRATION STATEMENT,https://www.sec.gov/Archives/edgar/data/2101996/000121390026042714/ea0270043-09.htm
large language model,False,DRS/A,DRS/A,2025-08-22,Gigabit Inc.  (CIK 0002066522),,https://www.sec.gov/Archives/edgar/data/2066522/000164117225025131/filename1.htm
large language model,False,S-1,S-1,2026-07-29,"Teamshares Inc  (TMS, TMSWW)  (CIK 0002048951)",S-1,https://www.sec.gov/Archives/edgar/data/2048951/000119312526324170/d58823ds1.htm
large language model,False,DRS/A,DRS/A,2025-09-19,Gigabit Inc.  (CIK 0002066522),,https://www.sec.gov/Archives/edgar/data/2066522/000149315225014136/filename1.htm
large language model,False,F-1/A,F-1/A,2026-07-01,Nuclea Energy Inc.  (NCLA)  (CIK 0002101996),REGISTRATION STATEMENT,https://www.sec.gov/Archives/edgar/data/2101996/000121390026074008/ea0270043-20.htm
large language model,False,F-1/A,F-1/A,2026-06-09,Nuclea Energy Inc.  (NCLA)  (CIK 0002101996),REGISTRATION STATEMENT,https://www.sec.gov/Archives/edgar/data/2101996/000121390026066889/ea0270043-16.htm
large language model,False,F-1/A,F-1/A,2026-06-16,Nuclea Energy Inc.  (NCLA)  (CIK 0002101996),REGISTRATION STATEMENT,https://www.sec.gov/Archives/edgar/data/2101996/000121390026069326/ea0270043-17.htm
large language model,False,F-1,F-1,2025-10-24,Gigabit Inc.  (CIK 0002066522),F-1,https://www.sec.gov/Archives/edgar/data/2066522/000149315225019216/formf-1.htm
large language model,False,F-1/A,F-1/A,2026-03-30,Gigabit Inc.  (GBH)  (CIK 0002066522),F-1/A,https://www.sec.gov/Archives/edgar/data/2066522/000149315226013599/formf-1a.htm
large language model,False,S-4/A,S-4/A,2026-03-12,"Volato Group, Inc.  (SOAR, SOARW)  (CIK 0001853070)",S-4/A,https://www.sec.gov/Archives/edgar/data/1853070/000149315226009918/forms-4a.htm
large language model,False,F-1/A,F-1/A,2025-12-12,Gigabit Inc.  (GBH)  (CIK 0002066522),F-1/A,https://www.sec.gov/Archives/edgar/data/2066522/000149315225027388/formf-1a.htm
large language model,False,424B3,424B3,2026-04-13,"Volato Group, Inc.  (SOAR, SOARW)  (CIK 0001853070)",424B3,https://www.sec.gov/Archives/edgar/data/1853070/000149315226016287/form424b3.htm
large language model,False,S-4/A,S-4/A,2026-04-08,"Volato Group, Inc.  (SOAR, SOARW)  (CIK 0001853070)",S-4/A,https://www.sec.gov/Archives/edgar/data/1853070/000149315226015673/forms-4a.htm
large language model,False,S-4/A,S-4/A,2025-03-06,"Clearwater Analytics Holdings, Inc.  (CWAN)  (CIK 0001866368)",S-4/A,https://www.sec.gov/Archives/edgar/data/1866368/000119312525048570/d923386ds4a.htm
large language model,False,DEFM14A,DEFM14A,2025-03-20,"Enfusion, Inc.  (ENFN)  (CIK 0001868912)",DEFM14A,https://www.sec.gov/Archives/edgar/data/1868912/000119312525058984/d849626ddefm14a.htm
large language model,False,424B3,424B3,2025-03-20,"Clearwater Analytics Holdings, Inc.  (CWAN)  (CIK 0001866368)",424B3,https://www.sec.gov/Archives/edgar/data/1866368/000119312525058975/d923386d424b3.htm
large language model,False,S-4,S-4,2025-02-11,"Clearwater Analytics Holdings, Inc.  (CWAN)  (CIK 0001866368)",S-4,https://www.sec.gov/Archives/edgar/data/1866368/000119312525023759/d923386ds4.htm
large language model,False,20-F,20-F,2026-07-23,MindWalk Holdings Corp.  (HYFT)  (CIK 0001715925),20-F,https://www.sec.gov/Archives/edgar/data/1715925/000119312526312694/hyft-20260430.htm
large language model,False,S-4/A,S-4/A,2026-03-27,"Volato Group, Inc.  (SOAR, SOARW)  (CIK 0001853070)",S-4/A,https://www.sec.gov/Archives/edgar/data/1853070/000149315226013053/forms-4a.htm
large language model,False,PREM14A,PREM14A,2025-07-07,ENZO BIOCHEM INC  (ENZB)  (CIK 0000316253),PROXY STATEMENT,https://www.sec.gov/Archives/edgar/data/316253/000121390025061587/ea0248117-01.htm
large language model,False,DEFM14A,DEFM14A,2025-07-22,ENZO BIOCHEM INC  (ENZB)  (CIK 0000316253),PROXY STATEMENT,https://www.sec.gov/Archives/edgar/data/316253/000121390025066233/ea0248117-02.htm
large language model,False,20-F,20-F,2025-07-29,ImmunoPrecise Antibodies Ltd.  (IPA)  (CIK 0001715925),20-F,https://www.sec.gov/Archives/edgar/data/1715925/000095017025099392/ipa-20250430.htm
large language model,False,S-4/A,S-4/A,2025-09-30,UNION PACIFIC CORP  (UNP)  (CIK 0000100885),S-4/A,https://www.sec.gov/Archives/edgar/data/100885/000119312525224307/d908896ds4a.htm
large language model,False,424B3,424B3,2025-10-01,UNION PACIFIC CORP  (UNP)  (CIK 0000100885),424B3,https://www.sec.gov/Archives/edgar/data/100885/000119312525226560/d908896d424b3.htm
large language model,False,S-4,S-4,2025-09-16,UNION PACIFIC CORP  (UNP)  (CIK 0000100885),S-4,https://www.sec.gov/Archives/edgar/data/100885/000119312525204376/d908896ds4.htm
large language model,False,DEFM14A,DEFM14A,2025-10-01,NORFOLK SOUTHERN CORP  (NSC)  (CIK 0000702165),DEFM14A,https://www.sec.gov/Archives/edgar/data/702165/000119312525226601/d64358ddefm14a.htm
large language model,False,S-4,S-4,2026-04-03,"Live Oak Acquisition Corp. V  (LOKV, LOKVU, LOKVW)  (CIK 0002048951); Teamshares Inc.  (CIK 0001783876)",S-4,https://www.sec.gov/Archives/edgar/data/2048951/000119312526141314/d82890ds4.htm
large language model,True,8-K,EX-2.1,2026-04-22,"Amneal Pharmaceuticals, Inc.  (AMRX)  (CIK 0001723128)",EX-2.1,https://www.sec.gov/Archives/edgar/data/1723128/000119312526168231/d126526dex21.htm
large language model,False,20-F,20-F,2026-03-16,VEON Ltd.  (VEON)  (CIK 0001468091),20-F,https://www.sec.gov/Archives/edgar/data/1468091/000146809126000010/vip-20251231.htm
large language model,False,20-F,20-F,2025-03-28,"Baidu, Inc.  (BIDU, BAIDF)  (CIK 0001329099)",FORM 20-F,https://www.sec.gov/Archives/edgar/data/1329099/000119312525066199/d853848d20f.htm
large language model,False,DRS/A,DRS/A,2026-02-17,"Live Oak Acquisition Corp. V  (LOKV, LOKVU, LOKVW)  (CIK 0002048951); Teamshares Inc.  (CIK 0001783876)",,https://www.sec.gov/Archives/edgar/data/2048951/000119312526054951/filename1.htm
large language model,False,DRS/A,DRS/A,2025-01-17,Xdata Group  (CIK 0002038688); OU XDATA GROUP  (CIK 0002045727),,https://www.sec.gov/Archives/edgar/data/2038688/000149315225002707/filename1.htm
large language model,False,DRS/A,DRS/A,2025-02-10,Xdata Group  (CIK 0002038688); OU XDATA GROUP  (CIK 0002045727),,https://www.sec.gov/Archives/edgar/data/2038688/000149315225005626/filename1.htm
large language model,False,DRS/A,DRS/A,2025-04-17,Accelerant Holdings  (CIK 0001997350),,https://www.sec.gov/Archives/edgar/data/1997350/000095012325003571/filename1.htm
large language model,False,DRS/A,DRS/A,2025-02-28,Xdata Group  (CIK 0002038688); OU XDATA GROUP  (CIK 0002045727),,https://www.sec.gov/Archives/edgar/data/2038688/000149315225008701/filename1.htm
large language model,False,S-4/A,S-4/A,2026-02-10,"Volato Group, Inc.  (SOAR, SOARW)  (CIK 0001853070)",S-4/A,https://www.sec.gov/Archives/edgar/data/1853070/000149315226005899/forms-4a.htm
large language model,False,S-4/A,S-4/A,2026-01-12,"Volato Group, Inc.  (SOAR, SOARW)  (CIK 0001853070)",S-4/A,https://www.sec.gov/Archives/edgar/data/1853070/000149315226001179/forms-4a.htm
large language model,False,POS AM,POS AM,2026-05-21,Xdata Group  (CIK 0002038688); OU XDATA GROUP  (CIK 0002045727),POS AM,https://www.sec.gov/Archives/edgar/data/2038688/000149315226024783/formposam.htm
large language model,False,F-4,F-4,2025-03-17,Xdata Group  (CIK 0002038688); OU XDATA GROUP  (CIK 0002045727),,https://www.sec.gov/Archives/edgar/data/2038688/000149315225010574/formf-4.htm
large language model,False,PRE 14A,PRE 14A,2025-03-28,"Alpha Star Acquisition Corp  (ALSAF, ALSTF, ALSUF, ALSWF)  (CIK 0001865111)",,https://www.sec.gov/Archives/edgar/data/1865111/000164117225001110/formpre14a.htm
large language model,False,POS AM,POS AM,2026-03-26,Xdata Group  (CIK 0002038688),POS AM,https://www.sec.gov/Archives/edgar/data/2038688/000149315226012861/formposam.htm
large language model,False,DEF 14A,DEF 14A,2025-04-07,"Alpha Star Acquisition Corp  (ALSAF, ALSTF, ALSUF, ALSWF)  (CIK 0001865111)",,https://www.sec.gov/Archives/edgar/data/1865111/000164117225002937/formdef14a.htm
large language model,False,POS AM,POS AM,2026-02-17,Xdata Group  (CIK 0002038688),POS AM,https://www.sec.gov/Archives/edgar/data/2038688/000149315226007053/formposam.htm
large language model,False,S-4,S-4,2025-12-15,"Volato Group, Inc.  (SOAR, SOARW)  (CIK 0001853070)",S-4,https://www.sec.gov/Archives/edgar/data/1853070/000149315225027652/forms-4.htm
large language model,False,POS AM,POS AM,2026-03-26,OU XDATA GROUP  (CIK 0002045727),POS AM,https://www.sec.gov/Archives/edgar/data/2045727/000149315226012874/formposam.htm
large language model,False,424B3,424B3,2025-04-04,Xdata Group  (XDT)  (CIK 0002038688),,https://www.sec.gov/Archives/edgar/data/2038688/000164117225002688/form424b3.htm
large language model,False,DEF 14A,DEF 14A,2026-05-29,"Alpha Star Acquisition Corp  (ALSAF, ALSTF, ALSUF, ALSWF)  (CIK 0001865111)",DEF 14A,https://www.sec.gov/Archives/edgar/data/1865111/000149315226026329/formdef14a.htm
large language model,False,424B3,424B3,2026-05-29,Xdata Group  (CIK 0002038688),424B3,https://www.sec.gov/Archives/edgar/data/2038688/000149315226026300/form424b3.htm
large language model,False,S-1/A,S-1/A,2025-09-15,American Exceptionalism Acquisition Corp. A  (AEXA)  (CIK 0002079173),S-1/A,https://www.sec.gov/Archives/edgar/data/2079173/000119312525203772/d38750ds1a.htm
large language model,False,424B4,424B4,2025-09-29,American Exceptionalism Acquisition Corp. A  (AEXA)  (CIK 0002079173),424B4,https://www.sec.gov/Archives/edgar/data/2079173/000119312525221814/d38750d424b4.htm
large language model,False,S-1,S-1,2026-07-08,Catalyst Acquisition Corp.  (CIK 0002104391),REGISTRATION STATEMENT,https://www.sec.gov/Archives/edgar/data/2104391/000121390026076132/ea0280268-02.htm
large language model,False,424B4,424B4,2026-07-28,Catalyst Acquisition Corp.  (CATL)  (CIK 0002104391),PROSPECTUS,https://www.sec.gov/Archives/edgar/data/2104391/000121390026081980/ea0280268-05.htm
large language model,False,S-1,S-1,2025-08-18,American Exceptionalism Acquisition Corp. A  (CIK 0002079173),S-1,https://www.sec.gov/Archives/edgar/data/2079173/000119312525182758/d38750ds1.htm
large language model,False,DRS/A,DRS/A,2025-05-28,Accelerant Holdings  (CIK 0001997350),,https://www.sec.gov/Archives/edgar/data/1997350/000095012325005872/filename1.htm
large language model,False,PREM14A,PREM14A,2025-08-11,Monogram Technologies Inc.  (MGRM)  (CIK 0001769759),PREM14A,https://www.sec.gov/Archives/edgar/data/1769759/000110465925076248/tm2521046-1_prem14a.htm
large language model,False,DEFM14A,DEFM14A,2025-08-28,Monogram Technologies Inc.  (MGRM)  (CIK 0001769759),DEFM14A,https://www.sec.gov/Archives/edgar/data/1769759/000110465925084674/tm2521046-2_defm14a.htm
large language model,False,PRER14A,PRER14A,2025-08-28,Monogram Technologies Inc.  (MGRM)  (CIK 0001769759),PRER14A,https://www.sec.gov/Archives/edgar/data/1769759/000110465925084132/tm2521046-4_prer14a.htm
large language model,False,S-1/A,S-1/A,2025-07-18,Accelerant Holdings  (ARX)  (CIK 0001997350),S-1/A,https://www.sec.gov/Archives/edgar/data/1997350/000119312525161013/d543111ds1a.htm
large language model,False,S-1,S-1,2025-06-30,Accelerant Holdings  (CIK 0001997350),S-1,https://www.sec.gov/Archives/edgar/data/1997350/000119312525152889/d543111ds1.htm
large language model,False,S-1/A,S-1/A,2025-07-15,Accelerant Holdings  (ARX)  (CIK 0001997350),S-1/A,https://www.sec.gov/Archives/edgar/data/1997350/000119312525159018/d543111ds1a.htm
large language model,False,S-4,S-4,2025-05-14,"Ares Acquisition Corp II  (AACT, AACT-UN, AACT-WT)  (CIK 0001853138); Kodiak Robotics, Inc.  (CIK 0001747286)",S-4,https://www.sec.gov/Archives/edgar/data/1853138/000119312525119920/d948047ds4.htm
large language model,False,S-4/A,S-4/A,2025-08-25,"Ares Acquisition Corp II  (AACT, AACT-UN, AACT-WT)  (CIK 0001853138); Kodiak Robotics, Inc.  (CIK 0001747286)",S-4/A,https://www.sec.gov/Archives/edgar/data/1853138/000119312525187391/d948047ds4a.htm
large language model,False,S-4/A,S-4/A,2025-07-28,"Ares Acquisition Corp II  (AACT, AACT-UN, AACT-WT)  (CIK 0001853138); Kodiak Robotics, Inc.  (CIK 0001747286)",S-4/A,https://www.sec.gov/Archives/edgar/data/1853138/000119312525165628/d948047ds4a.htm
large language model,False,S-4/A,S-4/A,2025-08-15,"Ares Acquisition Corp II  (AACT, AACT-UN, AACT-WT)  (CIK 0001853138); Kodiak Robotics, Inc.  (CIK 0001747286)",S-4/A,https://www.sec.gov/Archives/edgar/data/1853138/000119312525181961/d948047ds4a.htm
large language model,False,424B3,424B3,2025-08-29,"Ares Acquisition Corp II  (AACT, AACT-UN, AACT-WT)  (CIK 0001853138); Kodiak Robotics, Inc.  (CIK 0001747286)",424B3,https://www.sec.gov/Archives/edgar/data/1853138/000119312525192820/d948047d424b3.htm
large language model,False,S-4/A,S-4/A,2025-06-30,"Ares Acquisition Corp II  (AACT, AACT-UN, AACT-WT)  (CIK 0001853138); Kodiak Robotics, Inc.  (CIK 0001747286)",S-4/A,https://www.sec.gov/Archives/edgar/data/1853138/000119312525152053/d948047ds4a.htm
large language model,False,N-CSR,N-CSR,2025-02-21,AIM VARIABLE INSURANCE FUNDS (INVESCO VARIABLE INSURANCE FUNDS)  (CIK 0000896435),N-CSR,https://www.sec.gov/Archives/edgar/data/896435/000114554925008120/8dd529c4e615939.htm
large language model,False,S-4,S-4,2026-08-12,"McKinley Acquisition Corp  (MKLY, MKLYR, MKLYU)  (CIK 0002067592); Space-Eyes, Inc.  (CIK 0002080206)",REGISTRATION STATEMENT,https://www.sec.gov/Archives/edgar/data/2067592/000121390026088352/ea0300852-01.htm
large language model,False,S-4/A,S-4/A,2026-10-05,"McKinley Acquisition Corp  (MKLY, MKLYR, MKLYU)  (CIK 0002067592); Space-Eyes, Inc.  (CIK 0002080206)",REGISTRATION STATEMENT,https://www.sec.gov/Archives/edgar/data/2067592/000121390026106819/ea0300852-02.htm
AI Tools,True,8-K,EX-2.1,2025-02-25,Flywire Corp  (FLYW)  (CIK 0001580560),EX-2.1,https://www.sec.gov/Archives/edgar/data/1580560/000119312525035188/d843798dex21.htm
AI Tools,True,ABS-15G,EX-99.1,2026-06-18,Kasper 1 L.P.  (CIK 0002109149),EXHIBIT 99.1,https://www.sec.gov/Archives/edgar/data/2109149/000110465926075576/tm2616045d1_ex99-1.htm
AI Tools,True,8-K,EX-2.1,2025-01-03,"NU SKIN ENTERPRISES, INC.  (NUS)  (CIK 0001021561)",UNIT PURCHASE AGREEMENT,https://www.sec.gov/Archives/edgar/data/1021561/000114036125000113/ef20041017_ex2-1.htm
AI Tools,False,10-K,10-K,2026-04-14,"IP STRATEGY HOLDINGS, INC.  (IPST)  (CIK 0001788230)",10-K,https://www.sec.gov/Archives/edgar/data/1788230/000178823026000046/ipst-20251231.htm
AI Tools,True,8-K,EX-21.1,2026-06-02,"JOHN WILEY & SONS, INC.  (WLY, WLYB)  (CIK 0000107140)",EX-21.1,https://www.sec.gov/Archives/edgar/data/107140/000010714026000034/exhibit21-wizardepa.htm
AI Tools,True,20-F,EX-4.87,2026-04-17,"Tencent Music Entertainment Group  (TME, TCMEF)  (CIK 0001744676)",EX-4.87,https://www.sec.gov/Archives/edgar/data/1744676/000119312526160257/tme-ex4_87.htm
AI Tools,True,6-K,EX-99.1,2025-04-01,"SatixFy Communications Ltd.  (SATX, STXYF)  (CIK 0001915403)",EXHIBIT 99.1,https://www.sec.gov/Archives/edgar/data/1915403/000117891325001139/exhibit_99-1.htm
AI Tools,True,8-K,EX-2.1,2026-08-18,Datavault AI Inc.  (DVLT)  (CIK 0001682149),EXHIBIT 2.1,https://www.sec.gov/Archives/edgar/data/1682149/000110465926098006/tm2623406d1_ex2-1.htm
AI Tools,False,10-Q,10-Q,2025-11-14,TAO Synergies Inc.  (TAOX)  (CIK 0001571934),10-Q,https://www.sec.gov/Archives/edgar/data/1571934/000110465925112570/taox-20250930x10q.htm
AI Tools,True,40-F,EX-99.1,2026-03-06,"ALGONQUIN POWER & UTILITIES CORP.  (AQN, AQNB, AGQPF)  (CIK 0001174169)",EX-99.1 2025 Q4 AIF,https://www.sec.gov/Archives/edgar/data/1174169/000117416926000015/a2025q4exhibit991-aif.htm
AI Tools,True,8-K,EX-2.1,2026-09-08,FRANKLIN ELECTRIC CO INC  (FELE)  (CIK 0000038725),EX-2.1,https://www.sec.gov/Archives/edgar/data/38725/000003872526000062/a09042026ex21catpumpscorpa.htm
AI Tools,False,6-K,6-K,2026-08-27,"PRUDENTIAL PLC  (PUK, PUKPF)  (CIK 0001116578)",6-K,https://www.sec.gov/Archives/edgar/data/1116578/000162828026059164/hyprelimreport.htm
AI Tools,True,8-K,EX-2.1,2026-09-28,"Bold Eagle Acquisition Corp.  (BEAG, BEAGR, BEAGU)  (CIK 0001852207)","BUSINESS COMBINATION AGREEMENT, DATED AS OF SEPTEMBER 25, 2026, BY AND AMONG BOLD EAGLE ACQUISITION CORP., REDL INTERMEDIATE HOLDINGS, LLC, BEAC MERGER SUB, LLC, AND, SOLELY FOR THE PURPOSES OF SECTION 6.9(E) THEREOF, REDL ULTIMATE HOLDINGS, LP",https://www.sec.gov/Archives/edgar/data/1852207/000121390026103758/ea030545301ex2-1.htm
AI Tools,True,425,EX-2.1,2026-09-28,"Bold Eagle Acquisition Corp.  (BEAG, BEAGR, BEAGU)  (CIK 0001852207)","BUSINESS COMBINATION AGREEMENT, DATED AS OF SEPTEMBER 25, 2026, BY AND AMONG BOLD EAGLE ACQUISITION CORP., REDL INTERMEDIATE HOLDINGS, LLC, BEAC MERGER SUB, LLC, AND, SOLELY FOR THE PURPOSES OF SECTION 6.9(E) THEREOF, REDL ULTIMATE HOLDINGS, LP",https://www.sec.gov/Archives/edgar/data/1852207/000121390026103760/ea030545301ex2-1.htm
AI Tools,False,F-1/A,F-1/A,2025-10-14,PressLogic Inc.  (PLAI)  (CIK 0002058867),F-1/A,https://www.sec.gov/Archives/edgar/data/2058867/000149315225018006/formf-1a.htm
AI Tools,False,F-1,F-1,2025-09-24,PressLogic Inc.  (CIK 0002058867),F-1,https://www.sec.gov/Archives/edgar/data/2058867/000149315225014823/formf-1.htm
AI Tools,False,F-1/A,F-1/A,2025-11-07,PressLogic Inc.  (PLAI)  (CIK 0002058867),F-1/A,https://www.sec.gov/Archives/edgar/data/2058867/000149315225021290/formf-1a.htm
AI Tools,False,DRS/A,DRS/A,2025-08-26,PressLogic Inc.  (CIK 0002058867),,https://www.sec.gov/Archives/edgar/data/2058867/000164117225025544/filename1.htm
AI Tools,True,8-K,EX-2.1,2025-11-10,"BigBear.ai Holdings, Inc.  (BBAI, BBAI-WT)  (CIK 0001836981)",EX-2.1,https://www.sec.gov/Archives/edgar/data/1836981/000183698125000025/exhibit21projectatlas-me.htm
AI Tools,False,F-4/A,F-4/A,2025-06-13,OmnigenicsAI Corp  (OMNI)  (CIK 0002013873); APx Acquisition Corp. I  (CIK 0001868573),REGISTRATION STATEMENT,https://www.sec.gov/Archives/edgar/data/2013873/000121390025054324/ea0226094-05.htm
AI Tools,False,F-4/A,F-4/A,2025-07-03,OmnigenicsAI Corp  (OMNI)  (CIK 0002013873); APx Acquisition Corp. I  (CIK 0001868573),REGISTRATION STATEMENT,https://www.sec.gov/Archives/edgar/data/2013873/000121390025061545/ea0226094-07.htm
AI Tools,False,F-4/A,F-4/A,2025-07-18,OmnigenicsAI Corp  (OMNI)  (CIK 0002013873); APx Acquisition Corp. I  (CIK 0001868573),REGISTRATION STATEMENT,https://www.sec.gov/Archives/edgar/data/2013873/000121390025065703/ea0226094-11.htm
AI Tools,False,F-4/A,F-4/A,2026-06-25,Bleichroeder Acquisition France Merger Sub 2  (PSQL)  (CIK 0002119292); Pasqal Holding SAS  (CIK 0002122325); Bleichroeder Acquisition Corp. II  (CIK 0002088295),REGISTRATION STATEMENT,https://www.sec.gov/Archives/edgar/data/2119292/000121390026071788/ea0282861-04.htm
AI Tools,False,424B3,424B3,2025-05-12,"Heritage Distilling Holding Company, Inc.  (CASK)  (CIK 0001788230)",424B3,https://www.sec.gov/Archives/edgar/data/1788230/000164117225009684/form424b3.htm
AI Tools,False,F-4/A,F-4/A,2025-03-31,OmnigenicsAI Corp  (OMNI)  (CIK 0002013873); APx Acquisition Corp. I  (CIK 0001868573),REGISTRATION STATEMENT,https://www.sec.gov/Archives/edgar/data/2013873/000121390025026339/ea0226094-03.htm
AI Tools,False,10-K,10-K,2026-03-06,Jet.AI Inc.  (JTAI)  (CIK 0001861622),10-K,https://www.sec.gov/Archives/edgar/data/1861622/000149315226009165/form10-k.htm
AI Tools,False,F-4,F-4,2025-01-22,OmnigenicsAI Corp  (CIK 0002013873); APx Acquisition Corp. I  (CIK 0001868573),REGISTRATION STATEMENT,https://www.sec.gov/Archives/edgar/data/2013873/000121390025005463/ea0226094-01.htm
AI Tools,False,POS AM,POS AM,2025-05-07,"Heritage Distilling Holding Company, Inc.  (CASK)  (CIK 0001788230)",POS AM,https://www.sec.gov/Archives/edgar/data/1788230/000164117225009076/formposam.htm
AI Tools,False,20-F,20-F,2025-03-14,"PEARSON PLC  (PSO, PSORF)  (CIK 0000938323)",20-F,https://www.sec.gov/Archives/edgar/data/938323/000119312525054371/d854846d20f.htm
AI Tools,False,424B3,424B3,2025-06-23,"Heritage Distilling Holding Company, Inc.  (CASK)  (CIK 0001788230)",424B3,https://www.sec.gov/Archives/edgar/data/1788230/000164117225015954/form424b3.htm
AI Tools,True,40-F,EX-99.1,2025-03-07,"ALGONQUIN POWER & UTILITIES CORP.  (AQN, AQNB, AGQPF)  (CIK 0001174169)",EX-99.1 2025 AIF,https://www.sec.gov/Archives/edgar/data/1174169/000117416925000020/a2024q4exhibit991-aif.htm
AI Tools,False,DRS/A,DRS/A,2025-07-09,PressLogic Inc.  (CIK 0002058867),,https://www.sec.gov/Archives/edgar/data/2058867/000164117225018357/filename1.htm
AI Tools,True,8-K,EX-2.1,2026-09-18,"Mistras Group, Inc.  (MG)  (CIK 0001436126)",EXHIBIT 2.1,https://www.sec.gov/Archives/edgar/data/1436126/000114036126037107/ef20082419_ex2-1.htm
AI Tools,True,8-K,EX-2.1,2025-11-07,"Cantor Equity Partners III, Inc.  (CAEP)  (CIK 0002034268)","BUSINESS COMBINATION AGREEMENT, DATED AS OF NOVEMBER 7, 2025, BY AND AMONG CAEP, THE COMPANY, PUBCO, CAYMAN MERGER SUB AND JERSEY MERGER SUB",https://www.sec.gov/Archives/edgar/data/2034268/000121390025107383/ea026443401ex2-1_cantor3.htm
AI Tools,True,8-K,EX-2.1,2026-05-28,"Caesars Entertainment, Inc.  (CZR)  (CIK 0001590895)",EX-2.1,https://www.sec.gov/Archives/edgar/data/1590895/000119312526242995/d143382dex21.htm
AI Tools,True,425,EX-2.1,2025-11-07,"Cantor Equity Partners III, Inc.  (CAEP)  (CIK 0002034268)","BUSINESS COMBINATION AGREEMENT, DATED AS OF NOVEMBER 7, 2025, BY AND AMONG CAEP, THE COMPANY, PUBCO, CAYMAN MERGER SUB AND JERSEY MERGER SUB",https://www.sec.gov/Archives/edgar/data/2034268/000121390025107386/ea026443401ex2-1_cantor3.htm
AI Tools,False,DRS/A,DRS/A,2025-04-28,"Lincoln International, Inc.  (CIK 0001925283)",,https://www.sec.gov/Archives/edgar/data/1925283/000095012325003763/filename1.htm
AI Tools,False,DRS/A,DRS/A,2025-06-04,"Lincoln International, Inc.  (CIK 0001925283)",,https://www.sec.gov/Archives/edgar/data/1925283/000162828025029195/filename1.htm
AI Tools,False,DEFM14A,DEFM14A,2026-08-06,"Bleichroeder Acquisition Corp. II  (BBCQ, BBCQU, BBCQW)  (CIK 0002088295)",PROXY STATEMENT,https://www.sec.gov/Archives/edgar/data/2088295/000121390026085816/ea0300825-01.htm
AI Tools,False,F-4/A,F-4/A,2026-07-31,Bleichroeder Acquisition France Merger Sub 2  (PSQL)  (CIK 0002119292); Pasqal Holding SAS  (CIK 0002122325); Bleichroeder Acquisition Corp. II  (CIK 0002088295),REGISTRATION STATEMENT,https://www.sec.gov/Archives/edgar/data/2119292/000121390026084072/ea0282861-08.htm
AI Tools,False,424B3,424B3,2026-08-05,Bleichroeder Acquisition France Merger Sub 2  (PSQL)  (CIK 0002119292); Pasqal Holding SAS  (CIK 0002122325); Bleichroeder Acquisition Corp. II  (CIK 0002088295),PROSPECTUS,https://www.sec.gov/Archives/edgar/data/2119292/000121390026085694/ea0282861-11.htm
AI Tools,False,F-4/A,F-4/A,2026-07-23,Bleichroeder Acquisition France Merger Sub 2  (PSQL)  (CIK 0002119292); Pasqal Holding SAS  (CIK 0002122325); Bleichroeder Acquisition Corp. II  (CIK 0002088295),REGISTRATION STATEMENT,https://www.sec.gov/Archives/edgar/data/2119292/000121390026080591/ea0282861-06.htm
AI Tools,False,DEFA14A,DEFA14A,2026-05-28,"Caesars Entertainment, Inc.  (CZR)  (CIK 0001590895)",DEFA14A,https://www.sec.gov/Archives/edgar/data/1590895/000119312526242998/d143382ddefa14a.htm
AI Tools,True,6-K,EX-99.1,2025-03-14,"PEARSON PLC  (PSO, PSORF)  (CIK 0000938323)",EX-99.1,https://www.sec.gov/Archives/edgar/data/938323/000119312525054446/d852367dex991.pdf
AI Tools,False,S-1/A,S-1/A,2026-08-06,"Ambitious Entertainment, Inc.  (CIK 0001900851)",S-1/A,https://www.sec.gov/Archives/edgar/data/1900851/000149315226036294/forms-1a.htm
AI Tools,False,S-1/A,S-1/A,2026-06-22,"Ambitious Entertainment, Inc.  (CIK 0001900851)",S-1/A,https://www.sec.gov/Archives/edgar/data/1900851/000149315226029643/forms-1a.htm
AI Tools,False,POS AM,POS AM,2025-06-04,"Heritage Distilling Holding Company, Inc.  (CASK)  (CIK 0001788230)",POS AM,https://www.sec.gov/Archives/edgar/data/1788230/000164117225013501/formposam.htm
AI Tools,False,S-1,S-1,2025-06-13,"Heritage Distilling Holding Company, Inc.  (CASK)  (CIK 0001788230)",S-1,https://www.sec.gov/Archives/edgar/data/1788230/000164117225015121/forms-1.htm
AI Tools,False,S-1/A,S-1/A,2026-07-07,"Ambitious Entertainment, Inc.  (CIK 0001900851)",S-1/A,https://www.sec.gov/Archives/edgar/data/1900851/000149315226032371/forms-1a.htm
AI Tools,True,8-K,EX-10.1,2026-07-23,Sleep Number Corp  (SNBRQ)  (CIK 0000827187),EXHIBIT 10.1,https://www.sec.gov/Archives/edgar/data/827187/000095010326011104/dp250511_ex1001.htm
AI Tools,True,8-K,EX-2.1,2026-06-12,Sleep Number Corp  (SNBR)  (CIK 0000827187),EXHIBIT 2.1,https://www.sec.gov/Archives/edgar/data/827187/000095010326008891/dp248362_ex0201.htm
AI Tools,False,DRS,DRS,2025-12-12,AIR Holdings Ltd  (CIK 0002097725),,https://www.sec.gov/Archives/edgar/data/2097725/000119312525317314/filename1.htm
AI Tools,False,DRS/A,DRS/A,2026-03-24,"Lincoln International, Inc.  (CIK 0001925283)",,https://www.sec.gov/Archives/edgar/data/1925283/000162827926000332/filename1.htm
AI Tools,False,S-1,S-1,2025-08-26,"Heritage Distilling Holding Company, Inc.  (CASK)  (CIK 0001788230)",REGISTRATION STATEMENT,https://www.sec.gov/Archives/edgar/data/1788230/000121390025080839/ea0254437-01.htm
AI Tools,False,DRS/A,DRS/A,2026-02-06,"Lincoln International, Inc.  (CIK 0001925283)",,https://www.sec.gov/Archives/edgar/data/1925283/000162827926000087/filename1.htm
AI Tools,False,S-1,S-1,2025-12-01,Jet.AI Inc.  (JTAI)  (CIK 0001861622),S-1,https://www.sec.gov/Archives/edgar/data/1861622/000149315225025591/forms-1.htm
AI Tools,False,10-K,10-K,2026-07-29,"PharmaCyte Biotech, Inc.  (PMCB)  (CIK 0001157075)",FORM 10-K FOR APRIL 2026,https://www.sec.gov/Archives/edgar/data/1157075/000168316826005836/pharmacyte_i10k-043026.htm
AI Tools,False,DRS,DRS,2025-11-12,"Securitize Holdings, Inc.  (CIK 0002094496); Securitize, Inc.  (CIK 0001762096)",,https://www.sec.gov/Archives/edgar/data/2094496/000121390025108962/filename1.htm
AI Tools,False,S-4/A,S-4/A,2026-09-14,"FIRST HAWAIIAN, INC.  (FHB)  (CIK 0000036377)",S-4/A,https://www.sec.gov/Archives/edgar/data/36377/000110465926107495/tm2621888-3_s4a.htm
AI Tools,False,S-4,S-4,2026-09-01,"FIRST HAWAIIAN, INC.  (FHB)  (CIK 0000036377)",S-4,https://www.sec.gov/Archives/edgar/data/36377/000110465926104366/tm2621888-1_s4.htm
AI Tools,False,DRS/A,DRS/A,2025-12-01,CALM Chain International Ltd  (CIK 0002083945),,https://www.sec.gov/Archives/edgar/data/2083945/000121390025116469/filename1.htm
AI Tools,False,424B4,424B4,2026-05-21,"Lincoln International, Inc.  (LCLN)  (CIK 0001925283)",424B4,https://www.sec.gov/Archives/edgar/data/1925283/000162828026037044/lincolninternational-424b4.htm
AI Tools,False,10-K,10-K,2026-03-04,SL Investment Fund II LLC  (CIK 0002028686),10-K,https://www.sec.gov/Archives/edgar/data/2028686/000119312526091861/ck0002028686-20251231.htm
AI Tools,False,DEFM14A,DEFM14A,2026-09-16,TRICO BANCSHARES /  (TCBK)  (CIK 0000356171),DEFM14A,https://www.sec.gov/Archives/edgar/data/356171/000110465926108313/tm2624984-1_defm14a.htm
AI Tools,False,S-1/A,S-1/A,2026-05-11,"Lincoln International, Inc.  (LCLN)  (CIK 0001925283)",S-1/A,https://www.sec.gov/Archives/edgar/data/1925283/000162828026033128/lincolninternational-sx1a.htm
AI Tools,False,S-1,S-1,2026-04-24,"Lincoln International, Inc.  (CIK 0001925283)",S-1,https://www.sec.gov/Archives/edgar/data/1925283/000162828026027260/lincolninternational-sx1xa.htm
AI Tools,False,424B3,424B3,2026-09-16,"FIRST HAWAIIAN, INC.  (FHB)  (CIK 0000036377)",424B3,https://www.sec.gov/Archives/edgar/data/36377/000110465926108264/tm2621888-5_424b3.htm
AI Tools,False,S-1/A,S-1/A,2026-05-14,"Lincoln International, Inc.  (LCLN)  (CIK 0001925283)",S-1/A,https://www.sec.gov/Archives/edgar/data/1925283/000162828026035230/lincolninternational-sx1a2.htm
AI Tools,False,S-4/A,S-4/A,2026-05-20,"Securitize Holdings, Inc.  (SECZ)  (CIK 0002094496); Securitize, Inc.  (CIK 0001762096)",REGISTRATION STATEMENT,https://www.sec.gov/Archives/edgar/data/2094496/000121390026059300/ea0264119-09.htm
AI Tools,True,8-K,EX-2.1,2025-09-24,INTEGRAL AD SCIENCE HOLDING CORP.  (IAS)  (CIK 0001842718),EX-2.1,https://www.sec.gov/Archives/edgar/data/1842718/000119312525215824/d26134dex21.htm
AI Tools,True,8-K,EX-2.1,2025-07-10,DallasNews Corp  (DALN)  (CIK 0001413898),EX-2.1,https://www.sec.gov/Archives/edgar/data/1413898/000119312525157392/d92838dex21.htm
AI Tools,False,DRS/A,DRS/A,2026-02-17,AIR Holdings Ltd  (CIK 0002097725); AIR Ltd  (CIK 0002109429),,https://www.sec.gov/Archives/edgar/data/2097725/000119312526051909/filename1.htm
AI Tools,False,424B3,424B3,2026-06-05,"Securitize Holdings, Inc.  (SECZ)  (CIK 0002094496); Securitize, Inc.  (CIK 0001762096)",PROSPECTUS,https://www.sec.gov/Archives/edgar/data/2094496/000121390026065825/ea0264119-11.htm
AI Tools,False,S-4/A,S-4/A,2026-05-08,"Securitize Holdings, Inc.  (SECZ)  (CIK 0002094496); Securitize, Inc.  (CIK 0001762096)",REGISTRATION STATEMENT,https://www.sec.gov/Archives/edgar/data/2094496/000121390026053457/ea0264119-07.htm
AI Tools,False,S-4/A,S-4/A,2026-04-13,"Securitize Holdings, Inc.  (SECZ)  (CIK 0002094496); Securitize, Inc.  (CIK 0001762096)",REGISTRATION STATEMENT,https://www.sec.gov/Archives/edgar/data/2094496/000121390026042685/ea0264119-04.htm
AI Tools,False,424B3,424B3,2025-12-23,"Heritage Distilling Holding Company, Inc.  (IPST)  (CIK 0001788230)",PROSPECTUS,https://www.sec.gov/Archives/edgar/data/1788230/000121390025125341/ea0254437-08.htm
AI Tools,False,DEFM14A,DEFM14A,2026-06-05,"Cantor Equity Partners II, Inc.  (CEPT)  (CIK 0002034269)",PROXY STATEMENT,https://www.sec.gov/Archives/edgar/data/2034269/000121390026065822/ea0293597-01.htm
AI Tools,False,424B3,424B3,2026-04-22,AIR Holdings Ltd  (AIIR)  (CIK 0002097725); AIR Ltd  (CIK 0002109429),424B3,https://www.sec.gov/Archives/edgar/data/2097725/000119312526170549/project_genesis_-_final_.htm
AI Tools,False,10-K,10-K,2025-09-23,InMed Pharmaceuticals Inc.  (INM)  (CIK 0001728328),ANNUAL REPORT,https://www.sec.gov/Archives/edgar/data/1728328/000121390025090210/ea0253959-10k_inmed.htm
AI Tools,False,ARS,ARS,2025-10-24,ScanTech AI Systems Inc.  (STAI)  (CIK 0001994624),ARS,https://www.sec.gov/Archives/edgar/data/1994624/000110465925102158/tm2529459d1_ars.pdf
AI Tools,False,S-1/A,S-1/A,2026-09-30,"Ambitious Entertainment, Inc.  (CIK 0001900851)",S-1/A,https://www.sec.gov/Archives/edgar/data/1900851/000149315226045063/forms-1a.htm
AI Tools,False,10-K,10-K,2025-05-14,ScanTech AI Systems Inc.  (STAI)  (CIK 0001994624),10-K,https://www.sec.gov/Archives/edgar/data/1994624/000141057825001275/tmb-20241231x10k.htm
AI Tools,False,DRS,DRS,2026-03-26,Bleichroeder Acquisition 2 France  (CIK 0002119292); Pasqal Holding SAS  (CIK 0002122325); Bleichroeder Acquisition Corp. II  (CIK 0002088295),,https://www.sec.gov/Archives/edgar/data/2119292/000121390026034573/filename1.htm
AI Tools,False,F-4,F-4,2026-03-27,AIR Holdings Ltd  (CIK 0002097725); AIR Ltd  (CIK 0002109429),F-4,https://www.sec.gov/Archives/edgar/data/2097725/000119312526129446/ck0002097725-20260327.htm
AI Tools,False,F-4/A,F-4/A,2026-04-14,AIR Holdings Ltd  (AIIR)  (CIK 0002097725); AIR Ltd  (CIK 0002109429),F-4/A,https://www.sec.gov/Archives/edgar/data/2097725/000119312526155085/project_genesis_-_f-4a1.htm
AI Tools,False,F-4/A,F-4/A,2026-04-17,AIR Holdings Ltd  (AIIR)  (CIK 0002097725); AIR Ltd  (CIK 0002109429),F-4/A,https://www.sec.gov/Archives/edgar/data/2097725/000119312526161808/ck0002097725-20260417.htm
AI Tools,True,6-K,EX-99.1,2025-04-07,"SatixFy Communications Ltd.  (SATX, STXYF)  (CIK 0001915403)",EXHIBIT 99.1,https://www.sec.gov/Archives/edgar/data/1915403/000117891325001217/exhibit_99-1.htm
AI Tools,False,ARS,ARS,2025-06-04,"CIRRUS LOGIC, INC.  (CRUS)  (CIK 0000772406)",ARS,https://www.sec.gov/Archives/edgar/data/772406/000077240625000020/crusformarsfy25final6425.pdf
AI Tools,False,DEF 14A,DEF 14A,2026-04-22,"Cantor Equity Partners III, Inc.  (CAEP)  (CIK 0002034268)",DEF 14A,https://www.sec.gov/Archives/edgar/data/2034268/000119312526170505/caep_def_14a.htm
AI Tools,False,DEF 14A,DEF 14A,2026-06-03,"CIRRUS LOGIC, INC.  (CRUS)  (CIK 0000772406)",DEF 14A,https://www.sec.gov/Archives/edgar/data/772406/000077240626000024/crus-20260603.htm
AI Tools,False,DEF 14A,DEF 14A,2025-06-04,"CIRRUS LOGIC, INC.  (CRUS)  (CIK 0000772406)",DEF 14A,https://www.sec.gov/Archives/edgar/data/772406/000077240625000019/crus-20250603.htm
AI Tools,False,20-F,20-F,2025-04-30,Nebius Group N.V.  (NBIS)  (CIK 0001513845),20-F,https://www.sec.gov/Archives/edgar/data/1513845/000155837025005991/nbis-20241231x20f.htm
AI Tools,False,20-F,20-F,2026-03-13,"PEARSON PLC  (PSO, PSORF)  (CIK 0000938323)",20-F,https://www.sec.gov/Archives/edgar/data/938323/000119312526104945/d33885d20f.htm
AI Tools,False,PREM14A,PREM14A,2025-06-30,STREAMLINE HEALTH SOLUTIONS INC.  (STRM)  (CIK 0001008586),FORM PREM14A,https://www.sec.gov/Archives/edgar/data/1008586/000143774925021552/strm20250616_prem14a.htm
AI Tools,False,S-1/A,S-1/A,2025-10-16,"Heritage Distilling Holding Company, Inc.  (CASK, IPST)  (CIK 0001788230)",REGISTRATION STATEMENT,https://www.sec.gov/Archives/edgar/data/1788230/000121390025099309/ea0254437-02.htm
AI Tools,False,DEFM14A,DEFM14A,2025-07-10,STREAMLINE HEALTH SOLUTIONS INC.  (STRM)  (CIK 0001008586),FORM DEFM14A,https://www.sec.gov/Archives/edgar/data/1008586/000143774925022490/strm20250707_defm14a.htm
AI Tools,False,S-4/A,S-4/A,2026-01-20,"Churchill Capital Corp X/Cayman  (CCCX, CCCXU, CCCXW)  (CIK 0002007825); ColdQuanta, Inc.  (CIK 0001746727)",S-4/A,https://www.sec.gov/Archives/edgar/data/2007825/000119312526015928/d22517ds4a.htm
AI Tools,False,10-K,10-K,2026-03-05,"Via Renewables, Inc.  (VIASP)  (CIK 0001606268)",10-K,https://www.sec.gov/Archives/edgar/data/1606268/000160626826000013/spke-20251231.htm
AI Tools,False,S-4/A,S-4/A,2026-01-22,"Churchill Capital Corp X/Cayman  (CCCX, CCCXU, CCCXW)  (CIK 0002007825); ColdQuanta, Inc.  (CIK 0001746727)",S-4/A,https://www.sec.gov/Archives/edgar/data/2007825/000119312526018589/d22517ds4a.htm
AI Tools,False,424B3,424B3,2026-01-23,"Churchill Capital Corp X/Cayman  (CCCX, CCCXU, CCCXW)  (CIK 0002007825); ColdQuanta, Inc.  (CIK 0001746727)",424B3,https://www.sec.gov/Archives/edgar/data/2007825/000119312526021087/d22517d424b3.htm
AI Tools,False,S-1/A,S-1/A,2025-12-12,"Heritage Distilling Holding Company, Inc.  (IPST)  (CIK 0001788230)",REGISTRATION STATEMENT,https://www.sec.gov/Archives/edgar/data/1788230/000121390025121277/ea0254437-04.htm
AI Tools,False,DEF 14A,DEF 14A,2026-03-18,INTERNATIONAL FLAVORS & FRAGRANCES INC  (IFF)  (CIK 0000051253),DEF 14A,https://www.sec.gov/Archives/edgar/data/51253/000114036126009960/ny20055514x1_def14a.htm
AI Tools,False,424B3,424B3,2025-08-05,InMed Pharmaceuticals Inc.  (INM)  (CIK 0001728328),PROSPECTUS,https://www.sec.gov/Archives/edgar/data/1728328/000121390025071758/ea0248871-424b3_inmed.htm
AI Tools,False,S-4,S-4,2026-09-11,"Sonic Holdco, Inc.  (CIK 0002149535)",S-4,https://www.sec.gov/Archives/edgar/data/2149535/000119312526388301/d160893ds4.htm
AI Tools,False,S-1/A,S-1/A,2025-12-19,"Heritage Distilling Holding Company, Inc.  (IPST)  (CIK 0001788230)",REGISTRATION STATEMENT,https://www.sec.gov/Archives/edgar/data/1788230/000121390025123872/ea0254437-06.htm
AI Tools,False,S-4,S-4,2025-09-19,"Churchill Capital Corp IX/Cayman  (CCIX, CCIXU, CCIXW)  (CIK 0002006291); Plus Automation, Inc.  (CIK 0002086744)",S-4,https://www.sec.gov/Archives/edgar/data/2006291/000119312525207719/ck0002006291-20250919.htm
AI Tools,False,424B3,424B3,2026-01-12,"Churchill Capital Corp IX/Cayman  (CCIX, CCIXU, CCIXW)  (CIK 0002006291); Plus Automation, Inc.  (CIK 0002086744)",424B3,https://www.sec.gov/Archives/edgar/data/2006291/000119312526010468/project_sigma_424b3.htm
AI Tools,False,S-4,S-4,2026-01-05,"Churchill Capital Corp X/Cayman  (CCCX, CCCXU, CCCXW)  (CIK 0002007825); ColdQuanta, Inc.  (CIK 0001746727)",S-4,https://www.sec.gov/Archives/edgar/data/2007825/000119312526002732/d22517ds4.htm
AI Tools,False,DEFA14A,DEFA14A,2026-09-18,"Mistras Group, Inc.  (MG)  (CIK 0001436126)",DEFA14A,https://www.sec.gov/Archives/edgar/data/1436126/000114036126037117/ef20082419_defa14a.htm
AI Tools,False,S-4,S-4,2026-01-28,"Securitize Holdings, Inc.  (CIK 0002094496); Securitize, Inc.  (CIK 0001762096)",REGISTRATION STATEMENT,https://www.sec.gov/Archives/edgar/data/2094496/000121390026008915/ea0264119-02.htm
AI Tools,True,8-K,EX-2.1,2026-03-06,"Day One Biopharmaceuticals, Inc.  (DAWN)  (CIK 0001845337)",EX-2.1,https://www.sec.gov/Archives/edgar/data/1845337/000119312526095174/d108979dex21.htm
AI Tools,True,40-F,EX-99.1,2026-02-27,"Curaleaf Holdings, Inc.  (CURLF)  (CIK 0001756770)",EX-99.1,https://www.sec.gov/Archives/edgar/data/1756770/000175677026000019/q425-exx991xaif.htm
AI Tools,True,F-80,EX-3.3,2026-08-18,"Curaleaf Holdings, Inc.  (CURLF)  (CIK 0001756770)",EXHIBIT 3.3,https://www.sec.gov/Archives/edgar/data/1756770/000110465926098176/tm2623363d4_ex3-3.htm
AI Tools,False,S-4/A,S-4/A,2025-12-30,"Churchill Capital Corp IX/Cayman  (CCIX, CCIXU, CCIXW)  (CIK 0002006291); Plus Automation, Inc.  (CIK 0002086744)",S-4/A,https://www.sec.gov/Archives/edgar/data/2006291/000119312525335940/ck0002006291-20251230.htm
AI Tools,False,S-4/A,S-4/A,2025-12-05,"Churchill Capital Corp IX/Cayman  (CCIX, CCIXU, CCIXW)  (CIK 0002006291); Plus Automation, Inc.  (CIK 0002086744)",S-4/A,https://www.sec.gov/Archives/edgar/data/2006291/000119312525309933/ck0002006291-20251205.htm
AI Tools,False,10-K,10-K,2026-03-31,"Alaunos Therapeutics, Inc.  (TCRT)  (CIK 0001107421)",10-K,https://www.sec.gov/Archives/edgar/data/1107421/000119312526134720/tcrt-20251231.htm
AI Tools,False,S-1,S-1,2026-05-15,"Ambitious Entertainment, Inc.  (CIK 0001900851)",S-1,https://www.sec.gov/Archives/edgar/data/1900851/000149315226023581/forms-1.htm
AI Tools,False,DEFM14A,DEFM14A,2026-03-27,SILICON LABORATORIES INC.  (SLAB)  (CIK 0001038074),DEFM14A,https://www.sec.gov/Archives/edgar/data/1038074/000119312526128959/d34834ddefm14a.htm
AI Tools,True,8-K,EX-2.1,2026-04-23,"TruBridge, Inc.  (TBRG)  (CIK 0001169445)",EX-2.1,https://www.sec.gov/Archives/edgar/data/1169445/000119312526172139/d46312dex21.htm
AI Tools,False,ARS,ARS,2026-04-28,HCW Biologics Inc.  (HCWB)  (CIK 0001828673),ARS,https://www.sec.gov/Archives/edgar/data/1828673/000149315226019412/formars.pdf
AI Tools,True,8-K,EX-2.1,2026-04-29,"OppFi Inc.  (OPFI, OPFI-WT)  (CIK 0001818502)",EX-2.1,https://www.sec.gov/Archives/edgar/data/1818502/000181850226000030/exhibit21_mergeragreemente.htm
AI Tools,False,10-K,10-K,2026-03-31,TAO Synergies Inc.  (TAOX)  (CIK 0001571934),10-K,https://www.sec.gov/Archives/edgar/data/1571934/000110465926037915/taox-20251231x10k.htm
AI Tools,False,20-F,20-F,2026-07-23,MindWalk Holdings Corp.  (HYFT)  (CIK 0001715925),20-F,https://www.sec.gov/Archives/edgar/data/1715925/000119312526312694/hyft-20260430.htm
AI Tools,False,PREM14A,PREM14A,2026-03-13,SILICON LABORATORIES INC.  (SLAB)  (CIK 0001038074),PREM14A,https://www.sec.gov/Archives/edgar/data/1038074/000119312526106334/d34834dprem14a.htm
AI Tools,True,6-K,EX-99.1,2026-03-24,"SUN LIFE FINANCIAL INC  (SLF, SLFIF, SLFQF, SUNFF)  (CIK 0001097362)",EXHIBIT 99.1,https://www.sec.gov/Archives/edgar/data/1097362/000106299326001587/exhibit99-1.htm
AI Tools,False,PREM14C,PREM14C,2025-10-27,INTEGRAL AD SCIENCE HOLDING CORP.  (IAS)  (CIK 0001842718),PREM14C,https://www.sec.gov/Archives/edgar/data/1842718/000114036125039498/ny20056670x1_prem14c.htm
AI Tools,False,S-1/A,S-1/A,2025-08-01,InMed Pharmaceuticals Inc.  (INM)  (CIK 0001728328),PRE-EFFECTIVE AMENDMENT NO. 1 TO FORM S-1,https://www.sec.gov/Archives/edgar/data/1728328/000121390025070112/ea0249334-s1a1_inmed.htm
AI Tools,False,S-1/A,S-1/A,2025-08-13,ScanTech AI Systems Inc.  (STAI)  (CIK 0001994624),S-1/A,https://www.sec.gov/Archives/edgar/data/1994624/000141057825001705/tmb-20240930xs1a.htm
AI Tools,False,6-K,6-K,2025-08-27,"PRUDENTIAL PLC  (PUK, PUKPF)  (CIK 0001116578)",FORM 6-K,https://www.sec.gov/Archives/edgar/data/1116578/000110465925083706/tm2523773d1_6k.htm
AI Tools,False,S-4/A,S-4/A,2026-01-12,"Churchill Capital Corp IX/Cayman  (CCIX, CCIXU, CCIXW)  (CIK 0002006291); Plus Automation, Inc.  (CIK 0002086744)",S-4/A,https://www.sec.gov/Archives/edgar/data/2006291/000119312526009645/ck0002006291-20260112.htm
AI Tools,True,40-F,EX-99.1,2025-09-17,Sangoma Technologies Corp  (SANG)  (CIK 0001753368),EX-99.1,https://www.sec.gov/Archives/edgar/data/1753368/000175336825000018/annualinformationform-f25y.htm
AI Tools,True,8-K,EX-2.1,2025-05-07,AppLovin Corp  (APP)  (CIK 0001751008),EX-2.1,https://www.sec.gov/Archives/edgar/data/1751008/000175100825000051/exhibit21purchaseagreement.htm
AI Tools,False,DEFM14C,DEFM14C,2025-11-07,INTEGRAL AD SCIENCE HOLDING CORP.  (IAS)  (CIK 0001842718),DEFM14C,https://www.sec.gov/Archives/edgar/data/1842718/000114036125040934/ny20056670x2_defm14c.htm
AI Tools,False,ARS,ARS,2026-06-03,"CIRRUS LOGIC, INC.  (CRUS)  (CIK 0000772406)",ARS,https://www.sec.gov/Archives/edgar/data/772406/000077240626000026/fy26formars.pdf
AI Tools,True,40-F,EX-99.1,2026-09-28,Sangoma Technologies Corp  (SANG)  (CIK 0001753368),EX-99.1,https://www.sec.gov/Archives/edgar/data/1753368/000175336826000011/aif-f26q4.htm
AI Tools,False,DRS,DRS,2026-03-13,Bending Spoons S.p.A.  (CIK 0002004711),,https://www.sec.gov/Archives/edgar/data/2004711/000110465926027746/filename1.htm
AI Tools,True,40-F,EX-99.1,2026-03-31,Wheaton Precious Metals Corp.  (WPM)  (CIK 0001323404),EX-99.1,https://www.sec.gov/Archives/edgar/data/1323404/000119312526134908/d56281dex991.htm
AI Tools,False,10-K,10-K,2026-03-31,HCW Biologics Inc.  (HCWB)  (CIK 0001828673),10-K,https://www.sec.gov/Archives/edgar/data/1828673/000119312526134934/hcwb-20251231.htm
AI Tools,True,8-K,EX-2.1,2025-12-19,"AMICUS THERAPEUTICS, INC.  (FOLD)  (CIK 0001178879)",EXHIBIT 2.1,https://www.sec.gov/Archives/edgar/data/1178879/000114036125046134/ef20061157_ex2-1.htm
AI Tools,False,DRS,DRS,2025-10-30,"Churchill Capital Corp X/Cayman  (CCCX, CCCXU, CCCXW)  (CIK 0002007825); ColdQuanta, Inc.  (CIK 0001746727)",,https://www.sec.gov/Archives/edgar/data/2007825/000119312525257008/filename1.htm
AI Tools,False,DEFM14A,DEFM14A,2025-08-15,DallasNews Corp  (DALN)  (CIK 0001413898),DEFM14A,https://www.sec.gov/Archives/edgar/data/1413898/000119312525181885/d24897ddefm14a.htm
AI Tools,True,8-K,EX-2.1,2025-12-19,BIOMARIN PHARMACEUTICAL INC  (BMRN)  (CIK 0001048477),EX-2.1,https://www.sec.gov/Archives/edgar/data/1048477/000119312525325856/d49247dex21.htm
AI Tools,False,DRS,DRS,2025-09-09,CALM Chain International Ltd  (CIK 0002083945),,https://www.sec.gov/Archives/edgar/data/2083945/000121390025085772/filename1.htm
AI Tools,True,8-K,EX-2.1,2025-07-23,Waystar Holding Corp.  (WAY)  (CIK 0001990354),EXHIBIT 2.1,https://www.sec.gov/Archives/edgar/data/1990354/000110465925070034/tm2521498d1_ex2-1.htm
AI Tools,True,40-F,EX-99.1,2026-05-21,Lightspeed Commerce Inc.  (LSPD)  (CIK 0001823306),EX-99.1,https://www.sec.gov/Archives/edgar/data/1823306/000182330626000025/annualinformationform2026.htm
AI Tools,False,PREM14A,PREM14A,2025-08-04,DallasNews Corp  (DALN)  (CIK 0001413898),PREM14A,https://www.sec.gov/Archives/edgar/data/1413898/000119312525172069/d24897dprem14a.htm
AI Tools,False,10-K,10-K,2026-03-04,LGAM Private Credit LLC  (CIK 0001983514),10-K,https://www.sec.gov/Archives/edgar/data/1983514/000119312526091583/ck0001983514-20251231.htm
AI Tools,False,F-4,F-4,2026-05-26,Bleichroeder Acquisition France Merger Sub 2  (CIK 0002119292); Pasqal Holding SAS  (CIK 0002122325); Bleichroeder Acquisition Corp. II  (CIK 0002088295),REGISTRATION STATEMENT,https://www.sec.gov/Archives/edgar/data/2119292/000121390026061033/ea0282861-02.htm
AI Tools,False,DEFM14A,DEFM14A,2026-08-26,"Caesars Entertainment, Inc.  (CZR)  (CIK 0001590895)",DEFM14A,https://www.sec.gov/Archives/edgar/data/1590895/000119312526365696/d143368ddefm14a.htm
AI Tools,False,PREM14A,PREM14A,2026-08-12,"Caesars Entertainment, Inc.  (CZR)  (CIK 0001590895)",PREM14A,https://www.sec.gov/Archives/edgar/data/1590895/000119312526345336/d143368dprem14a.htm
AI Tools,False,DEF 14A,DEF 14A,2026-03-18,ASSURED GUARANTY LTD  (AGO)  (CIK 0001273813),DEF 14A,https://www.sec.gov/Archives/edgar/data/1273813/000127381326000028/ago-20260318.htm
AI Tools,False,PREM14C,PREM14C,2026-08-12,"DOMO, INC.  (DOMO)  (CIK 0001505952)",PREM14C,https://www.sec.gov/Archives/edgar/data/1505952/000110465926094949/tm2621515-1_prem14c.htm
AI Tools,False,10-K,10-K,2026-03-03,North Haven Private Income Fund A LLC  (CIK 0001973476),10-K,https://www.sec.gov/Archives/edgar/data/1973476/000119312526088351/ck0001973476-20251231.htm
AI Tools,False,20-F,20-F,2026-04-30,Nebius Group N.V.  (NBIS)  (CIK 0001513845),20-F,https://www.sec.gov/Archives/edgar/data/1513845/000110465926052948/nbis-20251231x20f.htm
AI Tools,False,DEFM14C,DEFM14C,2026-08-24,"DOMO, INC.  (DOMO)  (CIK 0001505952)",DEFM14C,https://www.sec.gov/Archives/edgar/data/1505952/000110465926099866/tm2621515-3_defm14c.htm
AI Tools,False,ARS,ARS,2025-04-16,JUNIPER NETWORKS INC  (JNPR)  (CIK 0001043604),ARS,https://www.sec.gov/Archives/edgar/data/1043604/000110465925035496/tm253471d2_ars.pdf
AI Tools,False,424B3,424B3,2026-08-11,"Zapata Quantum, Inc.  (ZPTA, ZPTAW)  (CIK 0001843714)",FORM 424B3,https://www.sec.gov/Archives/edgar/data/1843714/000168316826006205/zpat_424b3.htm
AI Tools,False,S-1/A,S-1/A,2026-07-09,"Zapata Quantum, Inc.  (ZPTA, ZPTAW)  (CIK 0001843714)",AMENDMENT NO 1,https://www.sec.gov/Archives/edgar/data/1843714/000168316826005402/zpat_s1a1.htm
AI Tools,False,424B3,424B3,2026-03-02,Xanadu Quantum Technologies Ltd  (XNDU)  (CIK 0002097163); Xanadu Quantum Technologies Inc.  (CIK 0002097162),PROSPECTUS,https://www.sec.gov/Archives/edgar/data/2097163/000121390026021941/ea0266307-x2.htm
AI Tools,True,SC 13E3/A,EX-99,2026-08-21,Cloopen Group Holding Ltd  (RAASY)  (CIK 0001804583),EX-99,https://www.sec.gov/Archives/edgar/data/1804583/000149315226039546/exa-1.htm
AI Tools,False,DEFM14A,DEFM14A,2026-03-02,"Crane Harbor Acquisition Corp.  (CHAC, CHACR, CHACU)  (CIK 0002054174)",PROXY STATEMENT,https://www.sec.gov/Archives/edgar/data/2054174/000121390026021952/ea0266307-x3.htm
AI Tools,True,8-K,EX-2.1,2025-09-08,"Churchill Capital Corp X/Cayman  (CCCX, CCCXU, CCCXW)  (CIK 0002007825)",EX-2.1,https://www.sec.gov/Archives/edgar/data/2007825/000119312525197773/d14599dex21.htm
AI Tools,False,F-4/A,F-4/A,2026-02-23,Xanadu Quantum Technologies Ltd  (XNDU)  (CIK 0002097163); Xanadu Quantum Technologies Inc.  (CIK 0002097162),REGISTRATION STATEMENT,https://www.sec.gov/Archives/edgar/data/2097163/000121390026019023/ea0266307-05.htm
AI Tools,False,DEFA14A,DEFA14A,2026-04-23,"TruBridge, Inc.  (TBRG)  (CIK 0001169445)",DEFA14A,https://www.sec.gov/Archives/edgar/data/1169445/000119312526172148/d46312ddefa14a.htm
AI Tools,True,SC 13E3,EX-99,2026-06-02,Cloopen Group Holding Ltd  (RAASY)  (CIK 0001804583),EX-99,https://www.sec.gov/Archives/edgar/data/1804583/000149315226026782/exa-1.htm
AI Tools,True,SC 13E3/A,EX-99,2026-08-11,Cloopen Group Holding Ltd  (RAASY)  (CIK 0001804583),EX-99,https://www.sec.gov/Archives/edgar/data/1804583/000149315226036959/exa-1.htm
AI Tools,True,8-K,EX-2.1,2025-09-04,"Phreesia, Inc.  (PHR)  (CIK 0001412408)",EX-2.1,https://www.sec.gov/Archives/edgar/data/1412408/000141240825000058/exhibit21-agreementandplan.htm
AI Tools,False,POS AM,POS AM,2026-03-31,"Churchill Capital Corp IX/Cayman  (CCIX, CCIXU, CCIXW)  (CIK 0002006291); Plus Automation, Inc.  (CIK 0002086744)",POS AM,https://www.sec.gov/Archives/edgar/data/2006291/000119312526134966/ck0002006291-20260331.htm
AI Tools,False,10-K,10-K,2026-03-02,T Series Middle Market Loan Fund LLC  (CIK 0001885968),10-K,https://www.sec.gov/Archives/edgar/data/1885968/000119312526085572/ck0001885968-20251231.htm
AI Tools,False,S-4/A,S-4/A,2026-09-30,"Churchill Capital Corp XI  (CCXI, CCXIU, CCXIW)  (CIK 0002074973); Agility Robotics, Inc.  (CIK 0001727116)",REGISTRATION STATEMENT,https://www.sec.gov/Archives/edgar/data/2074973/000121390026105334/ea0297114-05.htm
AI Tools,False,DRS,DRS,2026-07-14,"Churchill Capital Corp XI  (CCXI, CCXIU, CCXIW)  (CIK 0002074973); Agility Robotics, Inc.  (CIK 0001727116)",,https://www.sec.gov/Archives/edgar/data/2074973/000121390026077755/filename1.htm
AI Tools,False,424B3,424B3,2026-04-03,"Churchill Capital Corp IX/Cayman  (CCIX, CCIXU, CCIXW)  (CIK 0002006291)",424B3,https://www.sec.gov/Archives/edgar/data/2006291/000119312526142368/ccixplusai_-_424b3_april.htm
AI Tools,False,S-4/A,S-4/A,2026-10-08,"Fulcrum Therapeutics, Inc.  (FULC)  (CIK 0001680581)",S-4/A,https://www.sec.gov/Archives/edgar/data/1680581/000119312526418056/d127837ds4a.htm
AI Tools,False,S-4,S-4,2026-09-02,"Fulcrum Therapeutics, Inc.  (FULC)  (CIK 0001680581)",S-4,https://www.sec.gov/Archives/edgar/data/1680581/000119312526379106/d127837ds4.htm
AI Tools,False,S-4,S-4,2026-09-04,"Churchill Capital Corp XI  (CCXI, CCXIU, CCXIW)  (CIK 0002074973); Agility Robotics, Inc.  (CIK 0001727116)",REGISTRATION STATEMENT,https://www.sec.gov/Archives/edgar/data/2074973/000121390026097764/ea0297114-04.htm
AI Tools,False,PREM14A,PREM14A,2026-07-27,"XWELL, Inc.  (XWEL)  (CIK 0001410428)",PREM14A,https://www.sec.gov/Archives/edgar/data/1410428/000110465926086712/tm2621012d1_prem14a.htm
AI Tools,False,F-4/A,F-4/A,2025-03-04,GIBO HOLDINGS Ltd  (GIBO)  (CIK 0002034520); Global IBO Group Ltd.  (CIK 0002034047),,https://www.sec.gov/Archives/edgar/data/2034520/000149315225008960/formf-4a.htm
AI Tools,False,DEFM14A,DEFM14A,2025-10-23,Hanesbrands Inc.  (HBI)  (CIK 0001359841),DEFM14A,https://www.sec.gov/Archives/edgar/data/1359841/000110465925101676/tm2526306-8_defm14a.htm
AI Tools,False,F-4/A,F-4/A,2025-10-03,Gildan Activewear Inc.  (GIL)  (CIK 0001061894),F-4/A,https://www.sec.gov/Archives/edgar/data/1061894/000110465925096709/tm2526306-2_f4a.htm
AI Tools,True,425,EX-2.1,2026-06-24,"Churchill Capital Corp XI  (CCXI, CCXIU, CCXIW)  (CIK 0002074973)","AGREEMENT AND PLAN OF MERGER AND REORGANIZATION, DATED AS OF JUNE 24, 2026, BY AND AMONG CHURCHILL CAPITAL CORP XI, BLB MERGER SUB, INC. AND AGILITY ROBOTICS, INC",https://www.sec.gov/Archives/edgar/data/2074973/000121390026071290/ea029548401ex2-1.htm
AI Tools,False,DEFM14A,DEFM14A,2025-03-12,"Bukit Jalil Global Acquisition 1 Ltd.  (BUJA, BUJAR, BUJAU, BUJAW)  (CIK 0001956055)",DEFM14A,https://www.sec.gov/Archives/edgar/data/1956055/000192998025000118/buja_defm14a.htm
AI Tools,False,F-4,F-4,2025-02-25,GIBO HOLDINGS Ltd  (CIK 0002034520); Global IBO Group Ltd.  (CIK 0002034047),,https://www.sec.gov/Archives/edgar/data/2034520/000149315225008143/formf-4.htm
AI Tools,False,F-4,F-4,2025-09-22,Gildan Activewear Inc.  (GIL)  (CIK 0001061894),F-4,https://www.sec.gov/Archives/edgar/data/1061894/000110465925091787/tm2526306d1_f4.htm
AI Tools,False,DRS/A,DRS/A,2025-01-31,GIBO HOLDINGS Ltd  (CIK 0002034520); Global IBO Group Ltd.  (CIK 0002034047),,https://www.sec.gov/Archives/edgar/data/2034520/000149315225004484/filename1.htm
AI Tools,False,DRS/A,DRS/A,2026-08-17,"Churchill Capital Corp XI  (CCXI, CCXIU, CCXIW)  (CIK 0002074973); Agility Robotics, Inc.  (CIK 0001727116)",,https://www.sec.gov/Archives/edgar/data/2074973/000121390026090791/filename1.htm
AI Tools,False,PREM14A,PREM14A,2026-01-21,"AMICUS THERAPEUTICS, INC.  (FOLD)  (CIK 0001178879)",PREM14A,https://www.sec.gov/Archives/edgar/data/1178879/000114036126001852/ny20062454x1_prem14a.htm
AI Tools,False,F-4,F-4,2026-01-28,Xanadu Quantum Technologies Ltd  (CIK 0002097163); Xanadu Quantum Technologies Inc.  (CIK 0002097162),REGISTRATION STATEMENT,https://www.sec.gov/Archives/edgar/data/2097163/000121390026008363/ea0266307-03.htm
AI Tools,True,8-K,EX-2.1,2026-06-24,"Churchill Capital Corp XI  (CCXI, CCXIU, CCXIW)  (CIK 0002074973)","AGREEMENT AND PLAN OF MERGER AND REORGANIZATION, DATED AS OF JUNE 24, 2026, BY AND AMONG CHURCHILL CAPITAL CORP XI, BLB MERGER SUB, INC. AND AGILITY ROBOTICS, INC",https://www.sec.gov/Archives/edgar/data/2074973/000121390026071287/ea029548401ex2-1.htm
AI Tools,False,424B3,424B3,2025-03-12,GIBO HOLDINGS Ltd  (GIBO)  (CIK 0002034520); Global IBO Group Ltd.  (CIK 0002034047),,https://www.sec.gov/Archives/edgar/data/2034520/000149315225009992/form424b3.htm
AI Tools,False,424B3,424B3,2026-04-20,Avalon GloboCare Corp.  (ALBT)  (CIK 0001630212),PROSPECTUS,https://www.sec.gov/Archives/edgar/data/1630212/000121390026045689/ea0286899-424b3_avalon.htm
AI Tools,False,DRS/A,DRS/A,2026-05-04,Bending Spoons S.p.A.  (CIK 0002004711),,https://www.sec.gov/Archives/edgar/data/2004711/000110465926054644/filename1.htm
AI Tools,False,DRS,DRS,2025-10-17,Feline Culture Holdings Ltd  (CIK 0002088343),,https://www.sec.gov/Archives/edgar/data/2088343/000121390025099841/filename1.htm
AI Tools,False,DRS/A,DRS/A,2025-12-02,Feline Culture Holdings Ltd  (CIK 0002088343),,https://www.sec.gov/Archives/edgar/data/2088343/000121390025117364/filename1.htm
AI Tools,False,DEFM14A,DEFM14A,2026-02-02,"AMICUS THERAPEUTICS, INC.  (FOLD)  (CIK 0001178879)",DEFM14A,https://www.sec.gov/Archives/edgar/data/1178879/000114036126003092/ny20062454x3_defm14a.htm
AI Tools,False,DRS,DRS,2025-11-21,Xanadu Quantum Technologies Ltd  (CIK 0002097163); Xanadu Quantum Technologies Inc.  (CIK 0002097162),,https://www.sec.gov/Archives/edgar/data/2097163/000121390025113711/filename1.htm
AI Tools,False,DEFM14A,DEFM14A,2026-06-04,"TruBridge, Inc.  (TBRG)  (CIK 0001169445)",DEFM14A,https://www.sec.gov/Archives/edgar/data/1169445/000119312526256370/d12788ddefm14a.htm
AI Tools,False,PREM14A,PREM14A,2026-05-21,"TruBridge, Inc.  (TBRG)  (CIK 0001169445)",PREM14A,https://www.sec.gov/Archives/edgar/data/1169445/000119312526234588/d12788dprem14a.htm
AI Tools,False,DEF 14A,DEF 14A,2026-10-08,"XWELL, Inc.  (XWEL)  (CIK 0001410428)",DEF 14A,https://www.sec.gov/Archives/edgar/data/1410428/000110465926114457/tm2621012d2_def14a.htm
AI Tools,False,DRS,DRS,2025-11-24,AIAI Holdings Corp  (CIK 0002096362),,https://www.sec.gov/Archives/edgar/data/2096362/000149315225024734/filename1.htm
AI Tools,True,6-K,EX-99.1,2025-03-21,"Haleon plc  (HLN, HLNCF)  (CIK 0001900304)",ANNUAL REPORT FOR THE YEAR ENDED 31 DECEMBER 2024,https://www.sec.gov/Archives/edgar/data/1900304/000165495425003109/haleonplcannualreportand2.pdf
AI Tools,False,DEF 14A,DEF 14A,2026-03-24,"POPULAR, INC.  (BPOP, BPOPM, BPOPO)  (CIK 0000763901)",DEF 14A,https://www.sec.gov/Archives/edgar/data/763901/000114036126010858/ny20054271x2_def14a.htm
AI Tools,False,S-4,S-4,2026-04-28,"Xtend AI Robotics, Inc.  (CIK 0002111860)",S-4,https://www.sec.gov/Archives/edgar/data/2111860/000119312526187219/d121457ds4.htm
AI Tools,False,DEFA14A,DEFA14A,2025-12-19,"AMICUS THERAPEUTICS, INC.  (FOLD)  (CIK 0001178879)",DEFA14A,https://www.sec.gov/Archives/edgar/data/1178879/000114036125046135/ef20061157_defa14a.htm
AI Tools,False,20-F,20-F,2025-03-20,"Haleon plc  (HLN, HLNCF)  (CIK 0001900304)",20-F,https://www.sec.gov/Archives/edgar/data/1900304/000155837025003368/hln-20241231x20f.htm
AI Tools,False,DEF 14A,DEF 14A,2026-03-24,"POPULAR, INC.  (BPOP, BPOPM, BPOPO)  (CIK 0000763901)",COURTESY PDF,https://www.sec.gov/Archives/edgar/data/763901/000114036126010858/ny20054271x2_def14a.pdf
AI Tools,False,PRE 14A,PRE 14A,2026-03-11,"POPULAR, INC.  (BPOP, BPOPM, BPOPO)  (CIK 0000763901)",PRE 14A,https://www.sec.gov/Archives/edgar/data/763901/000114036126008995/ny20054271x1_pre14a.htm
AI Tools,False,F-1,F-1,2025-10-31,Regenique Group Ltd  (CIK 0002063022),REGISTRATION STATEMENT,https://www.sec.gov/Archives/edgar/data/2063022/000121390025104769/ea0235572-08.htm
AI Tools,False,DRS/A,DRS/A,2026-05-26,Bending Spoons S.p.A.  (CIK 0002004711),,https://www.sec.gov/Archives/edgar/data/2004711/000110465926066373/filename1.htm
AI Tools,False,POS462C,POS462C,2025-12-11,Regenique Group Ltd  (RGGG)  (CIK 0002063022),REGISTRATION STATEMENT,https://www.sec.gov/Archives/edgar/data/2063022/000121390025120597/ea0235572-09.htm
AI Tools,False,DEF 14A,DEF 14A,2026-03-18,Ally Financial Inc.  (ALLY)  (CIK 0000040729),DEF 14A,https://www.sec.gov/Archives/edgar/data/40729/000119312526113819/ally-20260318.htm
AI Tools,False,DRS,DRS,2026-03-27,AKZO NOBEL NV  (CIK 0000003124),,https://www.sec.gov/Archives/edgar/data/3124/000119312526129005/filename1.htm
AI Tools,False,DEFM14A,DEFM14A,2026-06-24,Axalta Coating Systems Ltd.  (AXTA)  (CIK 0001616862),DEFM14A,https://www.sec.gov/Archives/edgar/data/1616862/000119312526280277/d107826ddefm14a.htm
AI Tools,False,DRS/A,DRS/A,2025-12-31,Feline Culture Holdings Ltd  (CIK 0002088343),,https://www.sec.gov/Archives/edgar/data/2088343/000121390025126961/filename1.htm
AI Tools,False,424B3,424B3,2026-06-24,"AKZO NOBEL NV  (AKZOF, AKZOY)  (CIK 0000003124)",424B3,https://www.sec.gov/Archives/edgar/data/3124/000119312526280273/d107826d424b3.htm
AI Tools,False,F-4/A,F-4/A,2026-06-18,"AKZO NOBEL NV  (AKZOF, AKZOY)  (CIK 0000003124)",F-4/A,https://www.sec.gov/Archives/edgar/data/3124/000119312526275378/d107826df4a.htm
AI Tools,False,S-1,S-1,2026-06-05,"Zapata Quantum, Inc.  (ZPTA, ZPTAW)  (CIK 0001843714)",FORM S-1,https://www.sec.gov/Archives/edgar/data/1843714/000168316826004579/zpat_s1.htm
AI Tools,False,DRS/A,DRS/A,2026-05-04,AKZO NOBEL NV  (CIK 0000003124),,https://www.sec.gov/Archives/edgar/data/3124/000119312526202004/filename1.htm
AI Tools,False,F-4,F-4,2026-05-28,AKZO NOBEL NV  (CIK 0000003124),F-4,https://www.sec.gov/Archives/edgar/data/3124/000119312526242631/d107826df4.htm
AI Tools,True,8-K,EX-2.1,2025-09-25,MID PENN BANCORP INC  (MPB)  (CIK 0000879635),EX-2.1,https://www.sec.gov/Archives/edgar/data/879635/000119312525217444/d59054dex21.htm
AI Tools,False,F-1/A,F-1/A,2026-06-22,Bending Spoons S.p.A.  (BSP)  (CIK 0002004711),F-1/A,https://www.sec.gov/Archives/edgar/data/2004711/000110465926076487/tm2613674-10_f1.htm
AI Tools,False,F-1,F-1,2026-06-08,Bending Spoons S.p.A.  (CIK 0002004711),F-1,https://www.sec.gov/Archives/edgar/data/2004711/000110465926071170/tm2613674-7_f1.htm
AI Tools,False,424B4,424B4,2026-07-01,Bending Spoons S.p.A.  (BSP)  (CIK 0002004711),424B4,https://www.sec.gov/Archives/edgar/data/2004711/000110465926079884/tm2613674-14_424b4.htm
AI Tools,False,PRE 14A,PRE 14A,2026-03-23,"SOUTHERN CO  (SO, SOJC, SOJD, SOJE, SOJF, SOMN)  (CIK 0000092122)",PRE 14A,https://www.sec.gov/Archives/edgar/data/92122/000009212226000021/so-20260323.htm
AI Tools,False,DEF 14A,DEF 14A,2026-04-03,"SOUTHERN CO  (SO, SOJC, SOJD, SOJE, SOJF, SOMN)  (CIK 0000092122)",DEF 14A,https://www.sec.gov/Archives/edgar/data/92122/000009212226000028/so-20260402.htm
AI Tools,False,10-Q,10-Q,2026-08-13,"Acurx Pharmaceuticals, Inc.  (ACXP)  (CIK 0001736243)",10-Q,https://www.sec.gov/Archives/edgar/data/1736243/000110465926095904/acxp-20260630x10q.htm
AI Tools,False,10-Q,10-Q,2026-05-11,"Acurx Pharmaceuticals, Inc.  (ACXP)  (CIK 0001736243)",10-Q,https://www.sec.gov/Archives/edgar/data/1736243/000110465926058631/acxp-20260331x10q.htm
AI Tools,False,DEF 14A,DEF 14A,2026-04-03,"SOUTHERN CO  (SO, SOJC, SOJD, SOJE, SOJF, SOMN)  (CIK 0000092122)",DEF 14A,https://www.sec.gov/Archives/edgar/data/92122/000009212226000028/southerncompany2026proxyst.pdf
AI Tools,False,S-1/A,S-1/A,2026-03-23,AIAI Holdings Corp  (AIAI)  (CIK 0002096362),S-1/A,https://www.sec.gov/Archives/edgar/data/2096362/000149315226012102/forms-1a.htm
AI Tools,False,S-1/A,S-1/A,2026-05-01,AIAI Holdings Corp  (AIAI)  (CIK 0002096362),S-1/A,https://www.sec.gov/Archives/edgar/data/2096362/000149315226020803/forms-1a.htm
AI Tools,False,425,425,2025-09-08,"Churchill Capital Corp X/Cayman  (CCCX, CCCXU, CCCXW)  (CIK 0002007825)",425,https://www.sec.gov/Archives/edgar/data/2007825/000119312525197780/d14599d425.htm
AI Tools,False,S-1/A,S-1/A,2026-09-21,Fast Finance Pay Corp.  (FFPP)  (CIK 0002109616),S-1/A,https://www.sec.gov/Archives/edgar/data/2109616/000149315226043424/forms-1a.htm
AI Tools,False,S-1/A,S-1/A,2026-04-30,AIAI Holdings Corp  (AIAI)  (CIK 0002096362),S-1/A,https://www.sec.gov/Archives/edgar/data/2096362/000149315226020261/forms-1a.htm
AI Tools,False,S-1/A,S-1/A,2026-04-08,AIAI Holdings Corp  (AIAI)  (CIK 0002096362),S-1/A,https://www.sec.gov/Archives/edgar/data/2096362/000149315226015707/forms-1a.htm
AI Tools,False,S-1/A,S-1/A,2026-04-24,AIAI Holdings Corp  (AIAI)  (CIK 0002096362),S-1/A,https://www.sec.gov/Archives/edgar/data/2096362/000149315226018924/forms-1a.htm
AI Tools,False,F-1,F-1,2026-02-06,Feline Culture Holdings Ltd  (CIK 0002088343),REGISTRATION STATEMENT,https://www.sec.gov/Archives/edgar/data/2088343/000121390026013186/ea0259097-05.htm
AI Tools,False,S-1/A,S-1/A,2026-04-20,AIAI Holdings Corp  (AIAI)  (CIK 0002096362),S-1/A,https://www.sec.gov/Archives/edgar/data/2096362/000149315226018040/forms-1a.htm
AI Tools,False,S-1/A,S-1/A,2026-03-04,AIAI Holdings Corp  (AIAI)  (CIK 0002096362),S-1/A,https://www.sec.gov/Archives/edgar/data/2096362/000149315226008887/forms-1a.htm
AI Tools,False,S-1,S-1,2025-02-14,"NanoVibronix, Inc.  (NAOV)  (CIK 0001326706)",,https://www.sec.gov/Archives/edgar/data/1326706/000149315225006878/forms-1.htm
AI Tools,True,8-K,EX-99.1,2026-03-10,"ENBRIDGE INC  (ENB, EBBGF, EBBNF, EBGEF, EBRGF, EBRZF, ENBFF, ENBGF, ENBHF, ENBMF, ENBNF, ENBOF, ENBRF, ENBSF)  (CIK 0000895728)",EX-99.1,https://www.sec.gov/Archives/edgar/data/895728/000119312526100395/enb-ex99_1.htm
AI Tools,False,S-1,S-1,2026-04-08,Avalon GloboCare Corp.  (ALBT)  (CIK 0001630212),REGISTRATION STATEMENT,https://www.sec.gov/Archives/edgar/data/1630212/000121390026041585/ea0285118-s1_avalon.htm
AI Tools,False,DRS/A,DRS/A,2025-04-23,"Hang Feng Technology Innovation Co., Ltd.  (CIK 0002060083)",,https://www.sec.gov/Archives/edgar/data/2060083/000121390025034497/filename1.htm
AI Tools,False,DEFM14A,DEFM14A,2025-07-02,"CHARTER COMMUNICATIONS, INC. /MO/  (CHTR)  (CIK 0001091667)",DEFM14A,https://www.sec.gov/Archives/edgar/data/1091667/000114036125024665/ny20049200x2_defm14a.htm
AI Tools,False,S-1,S-1,2025-10-07,"TG-17, Inc.  (CIK 0001756064)",S-1,https://www.sec.gov/Archives/edgar/data/1756064/000149315225017274/forms-1.htm
AI Tools,False,PREM14A,PREM14A,2025-06-18,"CHARTER COMMUNICATIONS, INC. /MO/  (CHTR)  (CIK 0001091667)",PREM14A,https://www.sec.gov/Archives/edgar/data/1091667/000114036125022987/ny20049200x1_prem14a.htm
AI Tools,False,F-1/A,F-1/A,2025-05-29,ChowChow Cloud International Holdings Ltd  (CIK 0002041829),F-1/A,https://www.sec.gov/Archives/edgar/data/2041829/000164117225012773/formf-1a.htm
AI Tools,False,S-4,S-4,2026-07-21,"Passage BIO, Inc.  (PASG)  (CIK 0001787297)",S-4,https://www.sec.gov/Archives/edgar/data/1787297/000114036126029162/ny20077915x1_s4.htm
AI Tools,False,DRS/A,DRS/A,2025-07-03,MEDIAON GROUP INC.  (CIK 0002059702),,https://www.sec.gov/Archives/edgar/data/2059702/000164117225017771/filename1.htm
AI Tools,True,6-K,EX-99.1,2025-03-26,"PRUDENTIAL PLC  (PUK, PUKPF)  (CIK 0001116578)",ANNUAL REPORT,https://www.sec.gov/Archives/edgar/data/1116578/000110465925028061/tm2429688d5_ex99-1.pdf
AI Tools,False,F-1,F-1,2025-12-29,Riverstone Ltd  (CIK 0002062397),F-1,https://www.sec.gov/Archives/edgar/data/2062397/000149315225029305/formf-1.htm
AI Tools,False,425,425,2025-09-25,MID PENN BANCORP INC  (MPB)  (CIK 0000879635),425,https://www.sec.gov/Archives/edgar/data/879635/000119312525217456/d59054d425.htm
AI Tools,False,S-4/A,S-4/A,2026-09-03,"Passage BIO, Inc.  (PASG)  (CIK 0001787297)",S-4A,https://www.sec.gov/Archives/edgar/data/1787297/000114036126035517/ny20077915x3_s4a.htm
AI Tools,False,10-K,10-K,2026-03-03,North Haven Private Income Fund LLC  (CIK 0001851322),10-K,https://www.sec.gov/Archives/edgar/data/1851322/000119312526088367/ck0001851322-20251231.htm
AI Tools,False,DEFA14A,DEFA14A,2025-07-10,DallasNews Corp  (DALN)  (CIK 0001413898),DEFA14A,https://www.sec.gov/Archives/edgar/data/1413898/000119312525157393/d92838ddefa14a.htm
AI Tools,False,S-4/A,S-4/A,2026-09-21,"Passage BIO, Inc.  (PASG)  (CIK 0001787297)",S-4/A,https://www.sec.gov/Archives/edgar/data/1787297/000114036126037256/ny20077915x5_s4a.htm
AI Tools,False,PREM14A,PREM14A,2026-07-17,"DESTINATION XL GROUP, INC.  (DXLG)  (CIK 0000813298)",PREM14A,https://www.sec.gov/Archives/edgar/data/813298/000119312526307826/d76201dprem14a.htm
AI Tools,False,DRS/A,DRS/A,2025-09-26,Riverstone Ltd  (CIK 0002062397),,https://www.sec.gov/Archives/edgar/data/2062397/000149315225015051/filename1.htm
AI Tools,False,S-4/A,S-4/A,2026-10-05,"Passage BIO, Inc.  (PASG)  (CIK 0001787297)",S-4/A,https://www.sec.gov/Archives/edgar/data/1787297/000114036126038646/ny20077915x8_s4a.htm
AI Tools,False,S-4/A,S-4/A,2026-10-08,"Passage BIO, Inc.  (PASG)  (CIK 0001787297)",S-4/A,https://www.sec.gov/Archives/edgar/data/1787297/000114036126039151/ny20077915x12_s4a.htm
AI Tools,False,S-1/A,S-1/A,2025-11-12,"TG-17, Inc.  (CIK 0001756064)",S-1/A,https://www.sec.gov/Archives/edgar/data/1756064/000149315225021730/forms-1a.htm
AI Tools,False,PRER14A,PRER14A,2026-09-23,"DESTINATION XL GROUP, INC.  (DXLG)  (CIK 0000813298)",PRER14A,https://www.sec.gov/Archives/edgar/data/813298/000119312526398319/d76201dprer14a.htm
AI Tools,False,S-1/A,S-1/A,2025-11-26,"TG-17, Inc.  (CIK 0001756064)",S-1/A,https://www.sec.gov/Archives/edgar/data/1756064/000149315225025181/forms-1a.htm
AI Tools,False,S-1/A,S-1/A,2026-01-23,"TG-17, Inc.  (CIK 0001756064)",S-1/A,https://www.sec.gov/Archives/edgar/data/1756064/000149315226003351/forms-1a.htm
AI Tools,False,424B4,424B4,2026-02-03,"TG-17, Inc.  (CIK 0001756064)",424B4,https://www.sec.gov/Archives/edgar/data/1756064/000149315226004930/form424b4.htm
AI Tools,False,S-1/A,S-1/A,2026-01-29,"TG-17, Inc.  (CIK 0001756064)",S-1/A,https://www.sec.gov/Archives/edgar/data/1756064/000149315226004108/forms-1a.htm
AI Tools,False,S-1/A,S-1/A,2026-01-27,"TG-17, Inc.  (CIK 0001756064)",S-1/A,https://www.sec.gov/Archives/edgar/data/1756064/000149315226003834/forms-1a.htm
AI Tools,False,S-1/A,S-1/A,2025-12-22,"TG-17, Inc.  (CIK 0001756064)",S-1/A,https://www.sec.gov/Archives/edgar/data/1756064/000149315225028852/forms-1a.htm
AI Tools,False,S-4,S-4,2025-03-24,"Yukon New Parent, Inc.  (MLCI)  (CIK 0002051820)",S-4,https://www.sec.gov/Archives/edgar/data/2051820/000205182025000021/yukonnewparents-4.htm
AI Tools,False,S-1/A,S-1/A,2026-01-12,"TG-17, Inc.  (CIK 0001756064)",S-1/A,https://www.sec.gov/Archives/edgar/data/1756064/000149315226001260/forms-1a.htm
AI Tools,False,F-1/A,F-1/A,2025-07-25,"Hang Feng Technology Innovation Co., Ltd.  (FOFO)  (CIK 0002060083)",REGISTRATION STATEMENT,https://www.sec.gov/Archives/edgar/data/2060083/000121390025067719/ea0233710-07.htm
AI Tools,False,PREM14A,PREM14A,2025-03-24,180 DEGREE CAPITAL CORP. /NY/  (TURN)  (CIK 0000893739),PREM14A,https://www.sec.gov/Archives/edgar/data/893739/000089373925000029/a180degreecapitalprem14a.htm
AI Tools,False,S-1,S-1,2026-01-26,AIAI Holdings Corp  (CIK 0002096362),S-1,https://www.sec.gov/Archives/edgar/data/2096362/000149315226003639/forms-1.htm
AI Tools,False,S-4,S-4,2026-07-20,STANDARD BIOTOOLS INC.  (LAB)  (CIK 0001162194),S-4,https://www.sec.gov/Archives/edgar/data/1162194/000114036126028868/ny20077604x1_s4.htm
AI Tools,False,F-1/A,F-1/A,2025-08-29,"Hang Feng Technology Innovation Co., Ltd.  (FOFO)  (CIK 0002060083)",REGISTRATION STATEMENT,https://www.sec.gov/Archives/edgar/data/2060083/000121390025082505/ea0233710-11.htm
AI Tools,False,20-F,20-F,2026-03-09,Genius Group Ltd  (GNS)  (CIK 0001847806),20-F,https://www.sec.gov/Archives/edgar/data/1847806/000149315226009371/form20-f.htm
AI Tools,False,20-F,20-F,2026-02-26,"HSBC HOLDINGS PLC  (HSBC, HBCYF)  (CIK 0001089113)",20-F,https://www.sec.gov/Archives/edgar/data/1089113/000108911326000010/hsbc-20251231.htm
AI Tools,True,8-K,EX-2.1,2026-07-22,BIOLIFE SOLUTIONS INC  (BLFS)  (CIK 0000834365),EX-2.1,https://www.sec.gov/Archives/edgar/data/834365/000162828026049232/exhibit21-projectbeacona.htm
AI Tools,True,8-K,EX-2.1,2026-07-22,REPLIGEN CORP  (RGEN)  (CIK 0000730272),EX-2.1,https://www.sec.gov/Archives/edgar/data/730272/000119312526311402/d141685dex21.htm
AI Tools,False,F-1/A,F-1/A,2026-05-13,MEDIAON GROUP INC.  (CIK 0002059702),F-1/A,https://www.sec.gov/Archives/edgar/data/2059702/000149315226022550/formf-1a.htm
AI Tools,False,ARS,ARS,2025-04-15,GARTNER INC  (IT)  (CIK 0000749251),ARS,https://www.sec.gov/Archives/edgar/data/749251/000074925125000022/gartnerinc2024annualreport.pdf
AI Tools,False,DRS/A,DRS/A,2026-05-14,Fast Finance Pay Corp.  (CIK 0002109616),,https://www.sec.gov/Archives/edgar/data/2109616/000149315226023001/filename1.htm
AI Tools,False,F-1,F-1,2025-05-15,"Hang Feng Technology Innovation Co., Ltd.  (CIK 0002060083)",REGISTRATION STATEMENT,https://www.sec.gov/Archives/edgar/data/2060083/000121390025043480/ea0233710-06.htm
AI Tools,False,F-1/A,F-1/A,2025-08-11,"Hang Feng Technology Innovation Co., Ltd.  (FOFO)  (CIK 0002060083)",REGISTRATION STATEMENT,https://www.sec.gov/Archives/edgar/data/2060083/000121390025074176/ea0233710-09.htm
AI Tools,False,S-1/A,S-1/A,2026-04-24,"Rhinebeck Bancorp, Inc.  (RBKB)  (CIK 0001751783)",S-1/A,https://www.sec.gov/Archives/edgar/data/1751783/000110465926048594/tm268293d2_s1a.htm
AI Tools,False,PRER14A,PRER14A,2026-09-02,"DESTINATION XL GROUP, INC.  (DXLG)  (CIK 0000813298)",PRER14A,https://www.sec.gov/Archives/edgar/data/813298/000119312526380176/d76201dprer14a.htm
AI Tools,False,PRER14A,PRER14A,2026-10-02,"DESTINATION XL GROUP, INC.  (DXLG)  (CIK 0000813298)",PRER14A,https://www.sec.gov/Archives/edgar/data/813298/000119312526411110/d76201dprer14a.htm
AI Tools,False,S-1/A,S-1/A,2026-05-11,"Rhinebeck Bancorp, Inc.  (RBKB)  (CIK 0001751783)",S-1/A,https://www.sec.gov/Archives/edgar/data/1751783/000110465926058600/tm268293d3_s1a.htm
AI Tools,False,DRS/A,DRS/A,2025-02-28,ChowChow Cloud International Holdings Ltd  (CIK 0002041829),,https://www.sec.gov/Archives/edgar/data/2041829/000149315225008591/filename1.htm
AI Tools,False,DRS/A,DRS/A,2025-02-10,ChowChow Cloud International Holdings Ltd  (CIK 0002041829),,https://www.sec.gov/Archives/edgar/data/2041829/000149315225005658/filename1.htm
AI Tools,False,20-F,20-F,2026-08-19,KNOREX LTD.  (KNRX)  (CIK 0001982960),20-F,https://www.sec.gov/Archives/edgar/data/1982960/000149315226039058/form20-f.htm
AI Tools,False,F-1/A,F-1/A,2025-12-04,MEDIAON GROUP INC.  (CIK 0002059702),F-1/A,https://www.sec.gov/Archives/edgar/data/2059702/000149315225026027/formf-1a.htm
AI Tools,False,DRS,DRS,2025-04-11,Riverstone Ltd  (CIK 0002062397),,https://www.sec.gov/Archives/edgar/data/2062397/000164117225003767/filename1.htm
AI Tools,False,DRS,DRS,2025-06-18,"LIBERTY DEFENSE HOLDINGS, LTD.  (LDDFF)  (CIK 0001919776)",,https://www.sec.gov/Archives/edgar/data/1919776/000110465925060675/filename1.htm
AI Tools,False,F-1,F-1,2025-12-03,MEDIAON GROUP INC.  (CIK 0002059702),F-1,https://www.sec.gov/Archives/edgar/data/2059702/000149315225025925/formf-1.htm
AI Tools,False,DRS/A,DRS/A,2025-01-13,ChowChow Cloud International Holdings Ltd  (CIK 0002041829),,https://www.sec.gov/Archives/edgar/data/2041829/000149315225001833/filename1.htm
AI Tools,False,DRS/A,DRS/A,2025-09-11,MEDIAON GROUP INC.  (CIK 0002059702),,https://www.sec.gov/Archives/edgar/data/2059702/000164117225027118/filename1.htm
AI Tools,False,F-1,F-1,2025-04-01,ChowChow Cloud International Holdings Ltd  (CIK 0002041829),,https://www.sec.gov/Archives/edgar/data/2041829/000164117225001938/formf-1.htm
AI Tools,False,DRS/A,DRS/A,2025-03-19,ChowChow Cloud International Holdings Ltd  (CIK 0002041829),,https://www.sec.gov/Archives/edgar/data/2041829/000149315225010898/filename1.htm
AI Tools,False,S-4,S-4,2025-04-24,Avalon GloboCare Corp.  (ALBT)  (CIK 0001630212),REGISTRATION STATEMENT,https://www.sec.gov/Archives/edgar/data/1630212/000121390025035157/ea0238798-s4_avalon.htm
AI Tools,False,DRS,DRS,2025-03-12,"Hang Feng Technology Innovation Co., Ltd.  (CIK 0002060083)",,https://www.sec.gov/Archives/edgar/data/2060083/000121390025023245/filename1.htm
AI Tools,True,6-K,EX-99.1,2026-03-26,"PRUDENTIAL PLC  (PUK, PUKPF)  (CIK 0001116578)",EX-99.1,https://www.sec.gov/Archives/edgar/data/1116578/000162828026021182/prudentialannualreport2025.pdf
AI Tools,False,20-F,20-F,2025-04-30,Genius Group Ltd  (GNS)  (CIK 0001847806),,https://www.sec.gov/Archives/edgar/data/1847806/000164117225006794/form20-f.htm
AI Tools,False,S-4/A,S-4/A,2026-06-16,"Xtend AI Robotics, Inc.  (XTND)  (CIK 0002111860)",S-4/A,https://www.sec.gov/Archives/edgar/data/2111860/000119312526272356/d121457ds4a.htm
AI Tools,False,425,425,2026-07-22,REPLIGEN CORP  (RGEN)  (CIK 0000730272),425,https://www.sec.gov/Archives/edgar/data/730272/000119312526311411/d141685d425.htm
AI Tools,False,ARS,ARS,2026-04-22,DocGo Inc.  (DCGO)  (CIK 0001822359),ARS,https://www.sec.gov/Archives/edgar/data/1822359/000121390026046607/ea0285528-04.pdf
AI Tools,True,40-F,EX-99.1,2025-02-27,"PEMBINA PIPELINE CORP  (PBA, PBNAF, PMBPF, PMMBF, PPLAF, PPLOF)  (CIK 0001546066)",EX-99.1 ANNUAL INFORMATION FORM,https://www.sec.gov/Archives/edgar/data/1546066/000154606625000007/aifppcq42024.htm
AI Tools,False,S-4/A,S-4/A,2025-12-18,MID PENN BANCORP INC  (MPB)  (CIK 0000879635),S-4/A,https://www.sec.gov/Archives/edgar/data/879635/000110465925122124/tm2531912-3_s4a.htm
AI Tools,False,10-K,10-K,2026-04-15,"Rain Enhancement Technologies Holdco, Inc.  (RAIN, RAINW)  (CIK 0002028293)",ANNUAL REPORT,https://www.sec.gov/Archives/edgar/data/2028293/000121390026044121/ea0282265-10k_rainenhan.htm
AI Tools,False,424B3,424B3,2025-12-19,MID PENN BANCORP INC  (MPB)  (CIK 0000879635),424B3,https://www.sec.gov/Archives/edgar/data/879635/000110465925123188/tm2531912-6_424b3.htm
AI Tools,False,S-4,S-4,2025-11-24,MID PENN BANCORP INC  (MPB)  (CIK 0000879635),S-4,https://www.sec.gov/Archives/edgar/data/879635/000110465925115491/tm2531912-1_s4.htm
AI Tools,False,S-1,S-1,2026-03-13,"Rhinebeck Bancorp, Inc.  (RBKB)  (CIK 0001751783)",FORM S-1,https://www.sec.gov/Archives/edgar/data/1751783/000110465926027671/tm268293d1_s1.htm
AI Tools,False,ANNLRPT,ANNLRPT,2026-06-26,EUROPEAN BANK FOR RECONSTRUCTION & DEVELOPMENT  (CIK 0000895027),PERIODIC DEVELOPMENT BANK,https://www.sec.gov/Archives/edgar/data/895027/000199937126013589/ebrd-annlrpt_062626.htm
AI Tools,False,ANNLRPT,ANNLRPT,2025-09-29,EUROPEAN BANK FOR RECONSTRUCTION & DEVELOPMENT  (CIK 0000895027),PERIODIC DEVELOPMENT BANK,https://www.sec.gov/Archives/edgar/data/895027/000199937125014098/ebrd-annlrpt_123124.htm
AI Tools,False,20-F,20-F,2025-03-13,ProQR Therapeutics N.V.  (PRQR)  (CIK 0001612940),20-F,https://www.sec.gov/Archives/edgar/data/1612940/000155837025002851/tmb-20241231x20f.htm
AI Tools,False,S-4/A,S-4/A,2026-09-09,STANDARD BIOTOOLS INC.  (LAB)  (CIK 0001162194),S-4/A,https://www.sec.gov/Archives/edgar/data/1162194/000114036126036084/ny20077604x3_s4a.htm
AI Tools,False,DRS,DRS,2026-08-14,"Silicon Valley Acquisition Corp.  (SVAQ, SVAQU, SVAQW)  (CIK 0002085659); EigenQ Inc  (CIK 0002064142)",,https://www.sec.gov/Archives/edgar/data/2085659/000121390026090057/filename1.htm
AI Tools,False,S-4,S-4,2026-09-28,"Silicon Valley Acquisition Corp.  (SVAQ, SVAQU, SVAQW)  (CIK 0002085659); EigenQ Inc  (CIK 0002064142)",REGISTRATION STATEMENT,https://www.sec.gov/Archives/edgar/data/2085659/000121390026104040/ea0300424-02.htm
AI Tools,False,10-K,10-K,2025-05-22,8X8 INC /DE/  (EGHT)  (CIK 0001023731),10-K,https://www.sec.gov/Archives/edgar/data/1023731/000102373125000039/eght-20250331.htm
AI Tools,False,424B3,424B3,2025-09-10,COMMERCE BANCSHARES INC /MO/  (CBSH)  (CIK 0000022356),424B3,https://www.sec.gov/Archives/edgar/data/22356/000110465925089099/tm2523649-6_424b3.htm
AI Tools,False,S-4/A,S-4/A,2026-08-03,"Xtend AI Robotics, Inc.  (XTND)  (CIK 0002111860)",S-4/A,https://www.sec.gov/Archives/edgar/data/2111860/000119312526330400/d121457ds4a.htm
AI Tools,False,S-4/A,S-4/A,2026-07-16,"Xtend AI Robotics, Inc.  (XTND)  (CIK 0002111860)",S-4/A,https://www.sec.gov/Archives/edgar/data/2111860/000119312526306234/d121457ds4a.htm
AI Tools,False,424B3,424B3,2026-08-11,"Xtend AI Robotics, Inc.  (XTND)  (CIK 0002111860)",424B3,https://www.sec.gov/Archives/edgar/data/2111860/000119312526344724/d121457d424b3.htm
AI Tools,False,S-4,S-4,2026-07-02,InMed Pharmaceuticals Inc.  (INM)  (CIK 0001728328),S-4,https://www.sec.gov/Archives/edgar/data/1728328/000119312526294455/d131177ds4.htm
AI Tools,False,DEFM14C,DEFM14C,2026-08-11,JFB Construction Holdings  (JFB)  (CIK 0002024306),DEFM14C,https://www.sec.gov/Archives/edgar/data/2024306/000119312526344765/d53564ddefm14c.htm
AI Tools,True,SC 13E3,EX-99.(A)(2)(I),2025-09-18,TELUS International (Cda) Inc.  (TIXT)  (CIK 0001825155),EXHIBIT 99.(A)(2)(I),https://www.sec.gov/Archives/edgar/data/1825155/000110465925090959/tm2524150d4_ex99-a2i.htm
AI Tools,False,S-4/A,S-4/A,2026-08-05,OppFi Inc.  (OPFI)  (CIK 0001818502),S-4/A,https://www.sec.gov/Archives/edgar/data/1818502/000119312526335050/d207829ds4a.htm
AI Tools,False,424B3,424B3,2025-05-21,"RadNet, Inc.  (RDNT)  (CIK 0000790526)",AMENDMENT NO. 1 TO FORM S-4,https://www.sec.gov/Archives/edgar/data/790526/000168316825003926/radnet_424b3.htm
AI Tools,False,S-4,S-4,2026-07-27,"OppFi Inc.  (OPFI, OPFI-WT)  (CIK 0001818502)",S-4,https://www.sec.gov/Archives/edgar/data/1818502/000119312526318282/d207829ds4.htm
AI Tools,False,DRS,DRS,2025-04-15,ECST Holdings Ltd  (CIK 0002058007),,https://www.sec.gov/Archives/edgar/data/2058007/000164117225004721/filename1.htm
AI Tools,False,424B3,424B3,2026-08-06,OppFi Inc.  (OPFI)  (CIK 0001818502),424B3,https://www.sec.gov/Archives/edgar/data/1818502/000119312526338435/d207829d424b3.htm
AI Tools,False,S-4/A,S-4/A,2025-05-19,"RadNet, Inc.  (RDNT)  (CIK 0000790526)",AMENDMENT NO. 1 TO FORM S-4,https://www.sec.gov/Archives/edgar/data/790526/000168316825003842/radnet_s4a1.htm
AI Tools,False,S-4,S-4,2025-05-06,"RadNet, Inc.  (RDNT)  (CIK 0000790526)",REGISTRATION STATEMENT,https://www.sec.gov/Archives/edgar/data/790526/000168316825003180/radnet_s4.htm
AI Tools,False,DRS/A,DRS/A,2025-06-20,ECST Holdings Ltd  (CIK 0002058007),,https://www.sec.gov/Archives/edgar/data/2058007/000164117225015718/filename1.htm
AI Tools,False,DRS/A,DRS/A,2025-06-16,ECST Holdings Ltd  (CIK 0002058007),,https://www.sec.gov/Archives/edgar/data/2058007/000164117225015201/filename1.htm
AI Tools,False,F-1/A,F-1/A,2026-02-13,Zi Yun Dong Fang Ltd  (YLY)  (CIK 0002053115),F-1/A,https://www.sec.gov/Archives/edgar/data/2053115/000149315226006663/formf-1a.htm
AI Tools,False,DEFM14A,DEFM14A,2025-05-21,ICAD INC  (ICAD)  (CIK 0000749660),,https://www.sec.gov/Archives/edgar/data/749660/000119380525000705/e664531_defm14a-icad.htm
AI Tools,False,10-K,10-K,2026-03-26,"Dermata Therapeutics, Inc.  (DRMA, DRMAW)  (CIK 0001853816)",10-K,https://www.sec.gov/Archives/edgar/data/1853816/000149315226012992/form10-k.htm
AI Tools,False,S-1,S-1,2026-08-12,Fast Finance Pay Corp.  (CIK 0002109616),S-1,https://www.sec.gov/Archives/edgar/data/2109616/000149315226037415/forms-1.htm
AI Tools,False,S-4/A,S-4/A,2025-06-10,Avalon GloboCare Corp.  (ALBT)  (CIK 0001630212),AMENDMENT NO. 1 TO FORM S-4,https://www.sec.gov/Archives/edgar/data/1630212/000121390025052779/ea0245032-s4a1_avalon.htm
AI Tools,False,F-1/A,F-1/A,2026-02-27,Zi Yun Dong Fang Ltd  (YLY)  (CIK 0002053115),F-1/A,https://www.sec.gov/Archives/edgar/data/2053115/000149315226008288/formf-1a.htm
AI Tools,False,20-F,20-F,2026-03-12,ProQR Therapeutics N.V.  (PRQR)  (CIK 0001612940),20-F,https://www.sec.gov/Archives/edgar/data/1612940/000110465926026713/prqr-20251231x20f.htm
AI Tools,False,F-1/A,F-1/A,2025-12-03,Zi Yun Dong Fang Ltd  (YLY)  (CIK 0002053115),F-1/A,https://www.sec.gov/Archives/edgar/data/2053115/000149315225025933/formf-1a.htm
AI Tools,False,DRS/A,DRS/A,2025-05-30,ECST Holdings Ltd  (CIK 0002058007),,https://www.sec.gov/Archives/edgar/data/2058007/000164117225012970/filename1.htm
AI Tools,False,F-1/A,F-1/A,2025-09-12,Zi Yun Dong Fang Ltd  (YLY)  (CIK 0002053115),F-1/A,https://www.sec.gov/Archives/edgar/data/2053115/000149315225013216/formf-1a.htm
AI Tools,False,F-1/A,F-1/A,2025-10-01,Zi Yun Dong Fang Ltd  (YLY)  (CIK 0002053115),F-1/A,https://www.sec.gov/Archives/edgar/data/2053115/000149315225016425/formf-1a.htm
AI Tools,False,10-K,10-K,2025-03-31,"NanoVibronix, Inc.  (NAOV)  (CIK 0001326706)",,https://www.sec.gov/Archives/edgar/data/1326706/000164117225001613/form10-k.htm
AI Tools,False,DRS/A,DRS/A,2025-07-24,"TG-17, Inc.  (CIK 0001756064)",,https://www.sec.gov/Archives/edgar/data/1756064/000164117225020757/filename1.htm
AI Tools,True,6-K,EX-99.1,2025-04-04,"TENARIS SA  (TS, TNRSF)  (CIK 0001190723)",EXHIBIT 99.1,https://www.sec.gov/Archives/edgar/data/1190723/000117184325002035/exh_991.pdf
AI Tools,False,S-4/A,S-4/A,2026-10-08,MN8 Energy Holdings LLC  (CIK 0002136853),S-4/A,https://www.sec.gov/Archives/edgar/data/2136853/000162828026065367/cik0001563922-20261007.htm
AI Tools,False,DRS,DRS,2025-09-12,"ReserveOne Holdings, Inc.  (CIK 0002078721)",,https://www.sec.gov/Archives/edgar/data/2078721/000121390025086969/filename1.htm
AI Tools,False,S-4/A,S-4/A,2026-09-18,MN8 Energy Holdings LLC  (CIK 0002136853),S-4/A,https://www.sec.gov/Archives/edgar/data/2136853/000162828026062754/cik0001563922-20260918.htm
AI Tools,False,DRS,DRS,2025-11-10,AsiaPac AdTechinno Group Ltd  (CIK 0002087437),,https://www.sec.gov/Archives/edgar/data/2087437/000149315225021338/filename1.htm
AI Tools,False,S-4/A,S-4/A,2025-05-06,"Yukon New Parent, Inc.  (MLCI)  (CIK 0002051820)",S-4/A,https://www.sec.gov/Archives/edgar/data/2051820/000205182025000031/yukonnewparents-4prelimfil.htm
AI Tools,False,S-4,S-4,2026-08-10,MN8 Energy Holdings LLC  (CIK 0002136853),S-4,https://www.sec.gov/Archives/edgar/data/2136853/000162828026055300/cik0001563922-20260810.htm
AI Tools,False,PRER14A,PRER14A,2025-05-06,180 DEGREE CAPITAL CORP. /NY/  (TURN)  (CIK 0000893739),PRER14A,https://www.sec.gov/Archives/edgar/data/893739/000089373925000035/yukonnewparents-4prelimfil.htm
AI Tools,False,424B3,424B3,2026-07-09,"Rome Wildlife, Inc.  (CIK 0002136387)",424B3,https://www.sec.gov/Archives/edgar/data/2136387/000110465926082273/tm2615804-7_424b3.htm
AI Tools,False,S-4/A,S-4/A,2025-09-08,COMMERCE BANCSHARES INC /MO/  (CBSH)  (CIK 0000022356),S-4/A,https://www.sec.gov/Archives/edgar/data/22356/000110465925088316/tm2523649-3_s4a.htm
AI Tools,False,S-4/A,S-4/A,2026-07-07,"Rome Wildlife, Inc.  (CIK 0002136387)",S-4/A,https://www.sec.gov/Archives/edgar/data/2136387/000110465926081350/none-20260424xs4a.htm
AI Tools,False,424B4,424B4,2025-09-12,"Hang Feng Technology Innovation Co., Ltd.  (FOFO)  (CIK 0002060083)",PROSPECTUS,https://www.sec.gov/Archives/edgar/data/2060083/000121390025087229/ea0233710-12.htm
AI Tools,False,S-4,S-4,2025-08-27,COMMERCE BANCSHARES INC /MO/  (CBSH)  (CIK 0000022356),S-4,https://www.sec.gov/Archives/edgar/data/22356/000110465925083205/tm2523649-1_s4.htm
AI Tools,False,DEFM14A,DEFM14A,2026-07-09,"RE/MAX Holdings, Inc.  (RMAX)  (CIK 0001581091)",DEFM14A,https://www.sec.gov/Archives/edgar/data/1581091/000110465926082291/tm2620002-1_defm14a.htm
AI Tools,False,ARS,ARS,2025-11-10,"NanoVibronix, Inc.  (NAOV)  (CIK 0001326706)",ARS,https://www.sec.gov/Archives/edgar/data/1326706/000149315225021357/formars.pdf
AI Tools,False,S-4,S-4,2026-06-12,"Rome Wildlife, Inc.  (CIK 0002136387)",S-4,https://www.sec.gov/Archives/edgar/data/2136387/000110465926073581/tm2615804-1_s4.htm
AI Tools,False,425,425,2026-07-09,"RE/MAX Holdings, Inc.  (RMAX)  (CIK 0001581091); Real Brokerage Inc  (CIK 0001862461)",425,https://www.sec.gov/Archives/edgar/data/1581091/000110465926082298/tm2615804-10_425.htm
AI Tools,True,40-F,EX-99.1,2026-02-27,"PEMBINA PIPELINE CORP  (PBA, PBNAF, PBPRF, PMBPF, PMMBF, PPLAF, PPLOF)  (CIK 0001546066)",EX-99.1 ANNUAL INFORMATION FORM,https://www.sec.gov/Archives/edgar/data/1546066/000154606626000014/aifppcq42025.htm
AI Tools,False,20-F,20-F,2025-07-29,ImmunoPrecise Antibodies Ltd.  (IPA)  (CIK 0001715925),20-F,https://www.sec.gov/Archives/edgar/data/1715925/000095017025099392/ipa-20250430.htm
AI Tools,True,6-K,EX-99.1,2026-07-10,Real Brokerage Inc  (REAX)  (CIK 0001862461),EXHIBIT 99.1,https://www.sec.gov/Archives/edgar/data/1862461/000110465926082445/tm2615804d9_ex99-1.htm
AI Tools,False,S-4,S-4,2026-08-25,REPLIGEN CORP  (RGEN)  (CIK 0000730272),S-4,https://www.sec.gov/Archives/edgar/data/730272/000119312526363970/d127719ds4.htm
AI Tools,False,ARS,ARS,2026-04-17,"Dermata Therapeutics, Inc.  (DRMA, DRMAW)  (CIK 0001853816)",ARS,https://www.sec.gov/Archives/edgar/data/1853816/000149315226017912/formars.pdf
AI Tools,False,424B3,424B3,2026-09-04,REPLIGEN CORP  (RGEN)  (CIK 0000730272),424B3,https://www.sec.gov/Archives/edgar/data/730272/000119312526383830/d127719d424b3.htm
AI Tools,False,F-1/A,F-1/A,2025-08-11,Zi Yun Dong Fang Ltd  (YLY)  (CIK 0002053115),,https://www.sec.gov/Archives/edgar/data/2053115/000164117225022861/formf-1a.htm
AI Tools,False,DEFM14A,DEFM14A,2026-09-04,BIOLIFE SOLUTIONS INC  (BLFS)  (CIK 0000834365),DEFM14A,https://www.sec.gov/Archives/edgar/data/834365/000119312526383837/d112843ddefm14a.htm
AI Tools,False,F-1/A,F-1/A,2026-04-27,Zi Yun Dong Fang Ltd  (YLY)  (CIK 0002053115),F-1/A,https://www.sec.gov/Archives/edgar/data/2053115/000149315226019131/formf-1a.htm
AI Tools,False,424B3,424B3,2026-09-01,"Fox Corp  (FOX, FOXA)  (CIK 0001754301)",424B3,https://www.sec.gov/Archives/edgar/data/1754301/000119312526377686/d94663d424b3.htm
AI Tools,False,DRS/A,DRS/A,2025-12-31,AsiaPac AdTechinno Group Ltd  (CIK 0002087437),,https://www.sec.gov/Archives/edgar/data/2087437/000149315225029730/filename1.htm
AI Tools,False,F-1/A,F-1/A,2025-07-28,Zi Yun Dong Fang Ltd  (YLY)  (CIK 0002053115),F-1/A,https://www.sec.gov/Archives/edgar/data/2053115/000164117225021202/formf-1a.htm
AI Tools,False,F-1/A,F-1/A,2026-05-28,Zi Yun Dong Fang Ltd  (YLY)  (CIK 0002053115),F-1/A,https://www.sec.gov/Archives/edgar/data/2053115/000149315226025465/formf-1a.htm
AI Tools,False,S-4/A,S-4/A,2026-09-04,REPLIGEN CORP  (RGEN)  (CIK 0000730272),S-4/A,https://www.sec.gov/Archives/edgar/data/730272/000119312526382362/d127719ds4a.htm
AI Tools,False,S-4/A,S-4/A,2026-08-21,"Fox Corp  (FOX, FOXA)  (CIK 0001754301)",S-4/A,https://www.sec.gov/Archives/edgar/data/1754301/000119312526361308/d94663ds4a.htm
AI Tools,False,S-4,S-4,2026-08-07,"Fox Corp  (FOX, FOXA)  (CIK 0001754301)",S-4,https://www.sec.gov/Archives/edgar/data/1754301/000119312526340535/d94663ds4.htm
AI Tools,False,F-1,F-1,2025-08-13,ECST Holdings Ltd  (CIK 0002058007),F-1,https://www.sec.gov/Archives/edgar/data/2058007/000164117225023369/formf-1.htm
AI Tools,False,DEFM14A,DEFM14A,2026-09-01,"ROKU, INC  (ROKU)  (CIK 0001428439)",DEFM14A,https://www.sec.gov/Archives/edgar/data/1428439/000119312526377700/d413482ddefm14a.htm
AI Tools,False,F-1/A,F-1/A,2025-09-03,ECST Holdings Ltd  (ECST)  (CIK 0002058007),F-1/A,https://www.sec.gov/Archives/edgar/data/2058007/000164117225026297/formf-1a.htm
AI Tools,False,DRS/A,DRS/A,2026-09-03,GEORGIA BANKING CO INC  (CIK 0001070965),,https://www.sec.gov/Archives/edgar/data/1070965/000110465926105117/filename1.htm
AI Tools,False,F-1/A,F-1/A,2025-08-22,ECST Holdings Ltd  (ECST)  (CIK 0002058007),F-1/A,https://www.sec.gov/Archives/edgar/data/2058007/000164117225025149/formf-1a.htm
AI Tools,False,F-1/A,F-1/A,2025-09-08,ECST Holdings Ltd  (ECST)  (CIK 0002058007),F-1/A,https://www.sec.gov/Archives/edgar/data/2058007/000164117225026833/formf-1a.htm
AI Tools,False,10-K,10-K,2025-03-03,"NEWMARK GROUP, INC.  (NMRK)  (CIK 0001690680)",10-K,https://www.sec.gov/Archives/edgar/data/1690680/000162828025009332/nmrk-20241231.htm
AI Tools,False,S-4,S-4,2026-10-05,"IPFX Pubco, Inc.  (CIK 0002145371); Quantum Space, LLC  (CIK 0002149780)",REGISTRATION STATEMENT,https://www.sec.gov/Archives/edgar/data/2145371/000121390026106599/ea0301326-03.htm
AI Tools,False,DRS,DRS,2025-12-18,"Live Oak Acquisition Corp. V  (LOKV, LOKVU, LOKVW)  (CIK 0002048951); Teamshares Inc.  (CIK 0001783876)",,https://www.sec.gov/Archives/edgar/data/2048951/000119312525324751/filename1.htm
AI Tools,False,20-F,20-F,2026-02-10,"BARCLAYS PLC  (BCS, BCLYF)  (CIK 0000312069)",20-F,https://www.sec.gov/Archives/edgar/data/312069/000031206926000004/bcs-20251231.htm
AI Tools,False,F-1,F-1,2026-09-11,Meey Global Corp  (CIK 0002134106),REGISTRATION STATEMENT,https://www.sec.gov/Archives/edgar/data/2134106/000121390026099370/ea0291005-02.htm
AI Tools,False,S-4/A,S-4/A,2025-06-12,"Yukon New Parent, Inc.  (MLCI)  (CIK 0002051820)",S-4/A,https://www.sec.gov/Archives/edgar/data/2051820/000205182025000045/yukonnewparents-4prelimfil.htm
AI Tools,False,PRER14A,PRER14A,2025-06-12,180 DEGREE CAPITAL CORP. /NY/  (TURN)  (CIK 0000893739),PRER14A,https://www.sec.gov/Archives/edgar/data/893739/000089373925000046/yukonnewparents-4prelimfil.htm
AI Tools,False,PREM14A,PREM14A,2025-09-30,VERINT SYSTEMS INC  (VRNT)  (CIK 0001166388),PREM14A,https://www.sec.gov/Archives/edgar/data/1166388/000119312525223753/d55067dprem14a.htm
AI Tools,False,DEFM14A,DEFM14A,2025-10-20,VERINT SYSTEMS INC  (VRNT)  (CIK 0001166388),DEFM14A,https://www.sec.gov/Archives/edgar/data/1166388/000119312525243585/d55067ddefm14a.htm
AI Tools,False,S-4/A,S-4/A,2026-09-09,InMed Pharmaceuticals Inc.  (INM)  (CIK 0001728328),S-4/A,https://www.sec.gov/Archives/edgar/data/1728328/000119312526386611/d131177ds4a.htm
AI Tools,False,DRS/A,DRS/A,2025-09-08,"TG-17, Inc.  (CIK 0001756064)",,https://www.sec.gov/Archives/edgar/data/1756064/000164117225026799/filename1.htm
AI Tools,False,DRS/A,DRS/A,2025-10-07,Mclaren International Holdings Ltd  (CIK 0002064863),,https://www.sec.gov/Archives/edgar/data/2064863/000189341725000014/filename1.htm
AI Tools,False,DRS/A,DRS/A,2025-12-31,"LIBERTY DEFENSE HOLDINGS, LTD.  (LDDFF)  (CIK 0001919776)",,https://www.sec.gov/Archives/edgar/data/1919776/000110465925125426/filename1.htm
AI Tools,False,F-1,F-1,2026-03-25,AsiaPac AdTechinno Group Ltd  (CIK 0002087437),F-1,https://www.sec.gov/Archives/edgar/data/2087437/000149315226012613/formf-1.htm
AI Tools,False,DRS/A,DRS/A,2026-01-30,AsiaPac AdTechinno Group Ltd  (CIK 0002087437),,https://www.sec.gov/Archives/edgar/data/2087437/000149315226004398/filename1.htm
AI Tools,False,F-1,F-1,2026-02-05,"LIBERTY DEFENSE HOLDINGS, LTD.  (LDDFF)  (CIK 0001919776)",F-1,https://www.sec.gov/Archives/edgar/data/1919776/000110465926010521/tm261972-1_f1.htm
AI Tools,False,F-1/A,F-1/A,2026-02-20,"LIBERTY DEFENSE HOLDINGS, LTD.  (LDHL, LDDFF)  (CIK 0001919776)",F-1/A,https://www.sec.gov/Archives/edgar/data/1919776/000110465926017676/tm261972-4_f1a.htm
AI Tools,False,S-1,S-1,2026-10-02,GEORGIA BANKING CO INC  (CIK 0001070965),S-1,https://www.sec.gov/Archives/edgar/data/1070965/000110465926113366/tm2620318-7_s1.htm
AI Tools,False,S-4/A,S-4/A,2025-07-09,"Yukon New Parent, Inc.  (MLCI)  (CIK 0002051820)",S-4/A,https://www.sec.gov/Archives/edgar/data/2051820/000205182025000064/yukonnewparents-4prelimfil.htm
AI Tools,False,424B3,424B3,2026-10-01,InMed Pharmaceuticals Inc.  (INM)  (CIK 0001728328),424B3,https://www.sec.gov/Archives/edgar/data/1728328/000119312526410691/d131177d424b3.htm
AI Tools,False,424B3,424B3,2025-07-11,"Yukon New Parent, Inc.  (MLCI)  (CIK 0002051820)",424B3,https://www.sec.gov/Archives/edgar/data/2051820/000205182025000076/proxy-registrationstmt180y.htm
AI Tools,False,PRER14A,PRER14A,2025-07-09,180 DEGREE CAPITAL CORP. /NY/  (TURN)  (CIK 0000893739),PRER14A,https://www.sec.gov/Archives/edgar/data/893739/000089373925000064/yukonnewparents-4prelimfil.htm
AI Tools,False,DEFM14A,DEFM14A,2025-07-11,180 DEGREE CAPITAL CORP. /NY/  (TURN)  (CIK 0000893739),DEFM14A,https://www.sec.gov/Archives/edgar/data/893739/000089373925000068/proxy-registrationstmt180y.htm
AI Tools,False,F-1,F-1,2026-03-16,Mclaren International Holdings Ltd  (CIK 0002064863),,https://www.sec.gov/Archives/edgar/data/2064863/000189341726000006/form1.htm
AI Tools,False,424B4,424B4,2026-04-21,"LIBERTY DEFENSE HOLDINGS, LTD.  (DETX, LDDFD)  (CIK 0001919776)",424B4,https://www.sec.gov/Archives/edgar/data/1919776/000110465926046160/tm261972-22_424b4.htm
AI Tools,False,S-1,S-1,2026-09-18,"Fold Holdings, Inc.  (FLD, FLDDW)  (CIK 0001889123)",REGISTRATION STATEMENT,https://www.sec.gov/Archives/edgar/data/1889123/000121390026101444/ea0301910-01.htm
AI Tools,False,F-1/A,F-1/A,2026-03-06,"LIBERTY DEFENSE HOLDINGS, LTD.  (LDHL, LDDFF)  (CIK 0001919776)",F-1/A,https://www.sec.gov/Archives/edgar/data/1919776/000110465926024719/tm261972-7_f1a.htm
AI Tools,False,F-1/A,F-1/A,2026-03-20,"LIBERTY DEFENSE HOLDINGS, LTD.  (LDHL, LDDFD, LDDFF)  (CIK 0001919776)",F-1/A,https://www.sec.gov/Archives/edgar/data/1919776/000110465926032482/tm261972-10_f1a.htm
AI Tools,False,S-4/A,S-4/A,2026-09-29,InMed Pharmaceuticals Inc.  (INM)  (CIK 0001728328),S-4/A,https://www.sec.gov/Archives/edgar/data/1728328/000119312526407792/d131177ds4a.htm
AI Tools,False,S-4,S-4,2026-07-24,"IB Acquisition Corp.  (IBAC, IBACR)  (CIK 0001998781); GNQ Insilico Inc.  (CIK 0002139774)",S-4,https://www.sec.gov/Archives/edgar/data/1998781/000149315226034626/forms-4.htm
AI Tools,False,F-1/A,F-1/A,2026-03-30,"LIBERTY DEFENSE HOLDINGS, LTD.  (LDHL, LDDFD, LDDFF)  (CIK 0001919776)",F-1/A,https://www.sec.gov/Archives/edgar/data/1919776/000110465926036933/tm261972-17_f1a.htm
AI Tools,False,F-1/A,F-1/A,2026-03-27,"LIBERTY DEFENSE HOLDINGS, LTD.  (LDHL, LDDFD, LDDFF)  (CIK 0001919776)",F-1/A,https://www.sec.gov/Archives/edgar/data/1919776/000110465926035461/tm261972-14_f1a.htm
AI Tools,False,DRS/A,DRS/A,2025-01-17,Xdata Group  (CIK 0002038688); OU XDATA GROUP  (CIK 0002045727),,https://www.sec.gov/Archives/edgar/data/2038688/000149315225002707/filename1.htm
AI Tools,False,DRS,DRS,2025-07-15,Aptorum Group Ltd  (APM)  (CIK 0001734005),,https://www.sec.gov/Archives/edgar/data/1734005/000121390025063899/filename1.htm
AI Tools,False,DRS/A,DRS/A,2025-02-10,Xdata Group  (CIK 0002038688); OU XDATA GROUP  (CIK 0002045727),,https://www.sec.gov/Archives/edgar/data/2038688/000149315225005626/filename1.htm
AI Tools,False,20-F,20-F,2026-04-09,"Webull Corp  (BULL, BULLW)  (CIK 0001866364)",ANNUAL REPORT,https://www.sec.gov/Archives/edgar/data/1866364/000121390026041653/ea0283691-20f_webull.htm
AI Tools,False,20-F,20-F,2026-05-13,FORMULA SYSTEMS (1985) LTD  (FORTY)  (CIK 0001045986),ANNUAL REPORT,https://www.sec.gov/Archives/edgar/data/1045986/000121390026055948/ea0289446-20f_formula.htm
AI Tools,False,20-F,20-F,2026-04-23,Cheetah Mobile Inc.  (CMCM)  (CIK 0001597835),20-F,https://www.sec.gov/Archives/edgar/data/1597835/000119312526171821/cmcm-20251231.htm
AI Tools,False,DRS/A,DRS/A,2025-02-28,Xdata Group  (CIK 0002038688); OU XDATA GROUP  (CIK 0002045727),,https://www.sec.gov/Archives/edgar/data/2038688/000149315225008701/filename1.htm
AI Tools,False,S-1/A,S-1/A,2025-02-03,"Soluna Holdings, Inc  (SLNH, SLNHP)  (CIK 0000064463)",,https://www.sec.gov/Archives/edgar/data/64463/000149315225004555/forms-1a.htm
AI Tools,False,20-F,20-F,2026-03-16,VEON Ltd.  (VEON)  (CIK 0001468091),20-F,https://www.sec.gov/Archives/edgar/data/1468091/000146809126000010/vip-20251231.htm
AI Tools,False,S-4,S-4,2026-09-30,"Spark I Acquisition Corp  (SPKL, SPKLU, SPKLW)  (CIK 0001884046); ZincFive, Inc.  (CIK 0001658385)",S-4,https://www.sec.gov/Archives/edgar/data/1884046/000110465926112345/spkl-20260929xs4.htm
AI Tools,False,POS AM,POS AM,2026-05-21,Xdata Group  (CIK 0002038688); OU XDATA GROUP  (CIK 0002045727),POS AM,https://www.sec.gov/Archives/edgar/data/2038688/000149315226024783/formposam.htm
AI Tools,False,F-4,F-4,2025-03-17,Xdata Group  (CIK 0002038688); OU XDATA GROUP  (CIK 0002045727),,https://www.sec.gov/Archives/edgar/data/2038688/000149315225010574/formf-4.htm
AI Tools,False,PRE 14A,PRE 14A,2025-03-28,"Alpha Star Acquisition Corp  (ALSAF, ALSTF, ALSUF, ALSWF)  (CIK 0001865111)",,https://www.sec.gov/Archives/edgar/data/1865111/000164117225001110/formpre14a.htm
AI Tools,False,POS AM,POS AM,2026-03-26,Xdata Group  (CIK 0002038688),POS AM,https://www.sec.gov/Archives/edgar/data/2038688/000149315226012861/formposam.htm
AI Tools,False,POS AM,POS AM,2026-02-17,Xdata Group  (CIK 0002038688),POS AM,https://www.sec.gov/Archives/edgar/data/2038688/000149315226007053/formposam.htm
AI Tools,False,DEF 14A,DEF 14A,2025-04-07,"Alpha Star Acquisition Corp  (ALSAF, ALSTF, ALSUF, ALSWF)  (CIK 0001865111)",,https://www.sec.gov/Archives/edgar/data/1865111/000164117225002937/formdef14a.htm
AI Tools,False,POS AM,POS AM,2026-03-26,OU XDATA GROUP  (CIK 0002045727),POS AM,https://www.sec.gov/Archives/edgar/data/2045727/000149315226012874/formposam.htm
AI Tools,False,DRS,DRS,2026-08-12,"Spark I Acquisition Corp  (SPKL, SPKLU, SPKLW)  (CIK 0001884046); ZincFive, Inc.  (CIK 0001658385)",,https://www.sec.gov/Archives/edgar/data/1884046/000110465926094999/filename1.htm
AI Tools,False,424B3,424B3,2025-04-04,Xdata Group  (XDT)  (CIK 0002038688),,https://www.sec.gov/Archives/edgar/data/2038688/000164117225002688/form424b3.htm
AI Tools,False,DEF 14A,DEF 14A,2026-05-29,"Alpha Star Acquisition Corp  (ALSAF, ALSTF, ALSUF, ALSWF)  (CIK 0001865111)",DEF 14A,https://www.sec.gov/Archives/edgar/data/1865111/000149315226026329/formdef14a.htm
AI Tools,False,424B3,424B3,2026-05-29,Xdata Group  (CIK 0002038688),424B3,https://www.sec.gov/Archives/edgar/data/2038688/000149315226026300/form424b3.htm
AI Tools,False,424B3,424B3,2025-02-05,"Soluna Holdings, Inc  (SLNH, SLNHP)  (CIK 0000064463)",,https://www.sec.gov/Archives/edgar/data/64463/000149315225005030/form424b3.htm
AI Tools,False,S-4,S-4,2026-04-28,"Perceptive Capital Solutions Corp  (PCSC)  (CIK 0002017526); Freenome Holdings, Inc.  (CIK 0001676446)",S-4,https://www.sec.gov/Archives/edgar/data/2017526/000114036126017428/ny20061080x8_s4.htm
AI Tools,False,DRS/A,DRS/A,2026-03-30,"Perceptive Capital Solutions Corp  (PCSC)  (CIK 0002017526); Freenome Holdings, Inc.  (CIK 0001676446)",,https://www.sec.gov/Archives/edgar/data/2017526/000114036126011956/filename1.htm
AI Tools,False,S-4,S-4,2026-08-28,Talawar Tx Inc.  (CIK 0002140859),S-4,https://www.sec.gov/Archives/edgar/data/2140859/000119312526374324/tlwr-20260828.htm
AI Tools,False,DRS,DRS,2026-01-12,"Perceptive Capital Solutions Corp  (PCSC)  (CIK 0002017526); Freenome Holdings, Inc.  (CIK 0001676446)",,https://www.sec.gov/Archives/edgar/data/2017526/000114036126000986/filename1.htm
AI Tools,False,424B4,424B4,2026-06-17,"Perceptive Capital Solutions Corp  (PCSC)  (CIK 0002017526); Freenome Holdings, Inc.  (CIK 0001676446)",424B4,https://www.sec.gov/Archives/edgar/data/2017526/000114036126025588/ny20061080x17_424b4.htm
AI Tools,False,S-4/A,S-4/A,2026-06-11,"Perceptive Capital Solutions Corp  (PCSC)  (CIK 0002017526); Freenome Holdings, Inc.  (CIK 0001676446)",S-4/A,https://www.sec.gov/Archives/edgar/data/2017526/000114036126024832/ny20061080x12_s4a.htm
AI Tools,False,S-4/A,S-4/A,2026-06-11,"Perceptive Capital Solutions Corp  (PCSC)  (CIK 0002017526); Freenome Holdings, Inc.  (CIK 0001676446)",S-4/A,https://www.sec.gov/Archives/edgar/data/2017526/000114036126024950/ny20061080x14_s4a.htm
AI Tools,False,S-4/A,S-4/A,2026-06-01,"Perceptive Capital Solutions Corp  (PCSC)  (CIK 0002017526); Freenome Holdings, Inc.  (CIK 0001676446)",S-4/A,https://www.sec.gov/Archives/edgar/data/2017526/000114036126023561/ny20061080x10_s4a.htm
AI Tools,False,S-4/A,S-4/A,2026-10-05,Talawar Tx Inc.  (CIK 0002140859),S-4/A,https://www.sec.gov/Archives/edgar/data/2140859/000119312526413188/tlwr-20261005.htm
AI Tools,False,S-4,S-4,2026-08-24,Research Alliance Corp III  (RACC)  (CIK 0002118032); OHB Pediatrics Ltd.  (CIK 0002148593),S-4,https://www.sec.gov/Archives/edgar/data/2118032/000119312526363800/d149484ds4.htm
AI Tools,False,DRS/A,DRS/A,2025-06-23,Relativity Holdings Inc.  (CIK 0002072188); Instinct Bio Technical Co Inc.  (CIK 0002072186),,https://www.sec.gov/Archives/edgar/data/2072188/000110465925061604/filename1.htm
AI Tools,False,S-4/A,S-4/A,2026-09-28,Research Alliance Corp III  (RACC)  (CIK 0002118032); OHB Pediatrics Ltd.  (CIK 0002148593),S-4/A,https://www.sec.gov/Archives/edgar/data/2118032/000119312526403078/d149484ds4a.htm
AI Tools,False,PRE 14A,PRE 14A,2025-01-17,"Eastside Distilling, Inc.  (EAST)  (CIK 0001534708)",,https://www.sec.gov/Archives/edgar/data/1534708/000149315225002779/formpre14a.htm
AI Tools,False,DRS,DRS,2025-06-13,Relativity Holdings Inc.  (CIK 0002072188); Instinct Bio Technical Co Inc.  (CIK 0002072186),,https://www.sec.gov/Archives/edgar/data/2072188/000110465925059370/filename1.htm
AI Tools,False,DRS/A,DRS/A,2025-06-20,Xpand Boom Technology Inc.  (CIK 0002060614),,https://www.sec.gov/Archives/edgar/data/2060614/000164117225015775/filename1.htm
AI Tools,False,DEF 14A,DEF 14A,2025-02-05,"Eastside Distilling, Inc.  (BLNE, EAST)  (CIK 0001534708)",,https://www.sec.gov/Archives/edgar/data/1534708/000149315225005006/formdef14a.htm
AI Tools,False,F-4,F-4,2025-08-13,Xpand Boom Technology Inc.  (CIK 0002060614); HZJL Cayman Ltd  (CIK 0002059547),F-4,https://www.sec.gov/Archives/edgar/data/2060614/000164117225023604/formf-4.htm
AI Tools,False,424B3,424B3,2025-09-26,Xpand Boom Technology Inc.  (XPD)  (CIK 0002060614); HZJL Cayman Ltd  (CIK 0002059547),424B3,https://www.sec.gov/Archives/edgar/data/2060614/000149315225015744/form424b3.htm
AI Tools,False,S-4,S-4,2026-08-12,"SPACSphere Acquisition Corp.  (SSAC, SSACR, SSACU, SSACW)  (CIK 0002081300); Mobilewalla Holdco, Inc.  (CIK 0002149218)",S-4,https://www.sec.gov/Archives/edgar/data/2081300/000119312526347101/d144744ds4.htm
AI Tools,False,DRS/A,DRS/A,2025-07-07,Xpand Boom Technology Inc.  (CIK 0002060614); HZJL Cayman Ltd  (CIK 0002059547),,https://www.sec.gov/Archives/edgar/data/2060614/000164117225017949/filename1.htm
AI Tools,False,F-4/A,F-4/A,2025-09-17,Xpand Boom Technology Inc.  (XPD)  (CIK 0002060614); HZJL Cayman Ltd  (CIK 0002059547),F-4/A,https://www.sec.gov/Archives/edgar/data/2060614/000149315225013869/formf-4a.htm
AI Tools,False,F-4/A,F-4/A,2025-09-08,Xpand Boom Technology Inc.  (XPD)  (CIK 0002060614); HZJL Cayman Ltd  (CIK 0002059547),F-4/A,https://www.sec.gov/Archives/edgar/data/2060614/000164117225026857/formf-4a.htm
AI Tools,False,DEF 14A,DEF 14A,2025-09-26,"Rising Dragon Acquisition Corp.  (RDAC, RDACR, RDACU)  (CIK 0002018145)",DEF 14A,https://www.sec.gov/Archives/edgar/data/2018145/000149315225015752/formdef14a.htm
AI Tools,False,DRS/A,DRS/A,2025-07-16,Xpand Boom Technology Inc.  (CIK 0002060614); HZJL Cayman Ltd  (CIK 0002059547),,https://www.sec.gov/Archives/edgar/data/2060614/000164117225019840/filename1.htm
AI Tools,False,DRS/A,DRS/A,2025-08-12,Relativity Holdings Inc.  (CIK 0002072188); Instinct Bio Technical Co Inc.  (CIK 0002072186),,https://www.sec.gov/Archives/edgar/data/2072188/000110465925076937/filename1.htm
AI Tools,False,DRS/A,DRS/A,2025-05-19,Xpand Boom Technology Inc.  (CIK 0002060614); HZJL Cayman Ltd  (CIK 0002059547),,https://www.sec.gov/Archives/edgar/data/2060614/000164117225011376/filename1.htm
AI Tools,False,DRS,DRS,2026-05-15,"Miluna Acquisition Corp  (MMTX, MMTXU, MMTXW)  (CIK 0002077033); CADV Ventures S.A.  (CIK 0002133525)",,https://www.sec.gov/Archives/edgar/data/2077033/000149315226023268/filename1.htm
AI Tools,False,F-4/A,F-4/A,2025-10-24,Relativity Holdings Inc.  (BIOT)  (CIK 0002072188); Instinct Bio Technical Co Inc.  (CIK 0002072186),F-4/A,https://www.sec.gov/Archives/edgar/data/2072188/000110465925102206/tm2517446-14_f4a.htm
AI Tools,False,F-4,F-4,2025-09-09,Relativity Holdings Inc.  (CIK 0002072188); Instinct Bio Technical Co Inc.  (CIK 0002072186),F-4,https://www.sec.gov/Archives/edgar/data/2072188/000110465925088389/tm2517446-8_f4.htm
AI Tools,False,F-4/A,F-4/A,2025-09-26,Relativity Holdings Inc.  (BIOT)  (CIK 0002072188); Instinct Bio Technical Co Inc.  (CIK 0002072186),F-4/A,https://www.sec.gov/Archives/edgar/data/2072188/000110465925093478/tm2517446-11_f4a.htm
AI Tools,False,DRS/A,DRS/A,2026-07-28,"Miluna Acquisition Corp  (MMTX, MMTXU, MMTXW)  (CIK 0002077033); CADV Ventures S.A.  (CIK 0002133525)",,https://www.sec.gov/Archives/edgar/data/2077033/000149315226034996/filename1.htm
AI Tools,False,DEFM14A,DEFM14A,2026-03-05,Relativity Acquisition Corp  (ACQC)  (CIK 0001860484),DEFM14A,https://www.sec.gov/Archives/edgar/data/1860484/000110465926024193/tm267654-2_defm14a.htm
AI Tools,False,DRS/A,DRS/A,2026-08-12,"Miluna Acquisition Corp  (MMTX, MMTXU, MMTXW)  (CIK 0002077033); CADV Ventures S.A.  (CIK 0002133525)",,https://www.sec.gov/Archives/edgar/data/2077033/000149315226037279/filename1.htm
AI Tools,False,POS AM,POS AM,2025-11-25,Relativity Holdings Inc.  (BIOT)  (CIK 0002072188); Instinct Bio Technical Co Inc.  (CIK 0002072186),POS AM,https://www.sec.gov/Archives/edgar/data/2072188/000110465925116004/tm2517446-16_f4a.htm
AI Tools,False,424B3,424B3,2026-03-05,Relativity Holdings Inc.  (BIOT)  (CIK 0002072188),424B3,https://www.sec.gov/Archives/edgar/data/2072188/000110465926024186/tm267654-1_424b3.htm
AI Tools,False,S-4,S-4,2026-08-27,"Miluna Acquisition Corp  (MMTX, MMTXU, MMTXW)  (CIK 0002077033); CADV Ventures S.A.  (CIK 0002133525)",S-4,https://www.sec.gov/Archives/edgar/data/2077033/000149315226040431/forms-4.htm
AI Tools,False,DRS/A,DRS/A,2026-07-06,"Miluna Acquisition Corp  (MMTX, MMTXU, MMTXW)  (CIK 0002077033); CADV Ventures S.A.  (CIK 0002133525)",,https://www.sec.gov/Archives/edgar/data/2077033/000149315226032200/filename1.htm
AI Tools,False,S-4/A,S-4/A,2026-09-18,"Miluna Acquisition Corp  (MMTX, MMTXU, MMTXW)  (CIK 0002077033); CADV Ventures S.A.  (CIK 0002133525)",S-4/A,https://www.sec.gov/Archives/edgar/data/2077033/000149315226043206/forms-4a.htm
AI Tools,False,S-4/A,S-4/A,2025-01-15,"CID Holdco, Inc.  (DAIC )  (CIK 0002033770); SEE ID, Inc.  (CIK 0002033778)",REGISTRATION STATEMENT,https://www.sec.gov/Archives/edgar/data/2033770/000121390025003518/ea0208059-15.htm
AI Tools,False,S-4/A,S-4/A,2025-01-07,"CID Holdco, Inc.  (DAIC )  (CIK 0002033770); SEE ID, Inc.  (CIK 0002033778)",REGISTRATION STATEMENT,https://www.sec.gov/Archives/edgar/data/2033770/000121390025001425/ea0208059-11.htm
AI Tools,False,424B3,424B3,2025-01-17,"CID Holdco, Inc.  (DAIC )  (CIK 0002033770); SEE ID, Inc.  (CIK 0002033778)",PROSPECTUS,https://www.sec.gov/Archives/edgar/data/2033770/000121390025004485/ea0208059-17.htm
AI Tools,False,S-4/A,S-4/A,2025-01-08,"CID Holdco, Inc.  (DAIC )  (CIK 0002033770); SEE ID, Inc.  (CIK 0002033778)",REGISTRATION STATEMENT,https://www.sec.gov/Archives/edgar/data/2033770/000121390025002129/ea0208059-13.htm
AI Tools,False,DEFM14A,DEFM14A,2025-01-17,"ShoulderUP Technology Acquisition Corp.  (SUAC, SUACU, SUACW)  (CIK 0001885461)",PROXY STATEMENT,https://www.sec.gov/Archives/edgar/data/1885461/000121390025004491/ea0208059-18.htm
AI-assisted,False,S-1/A,S-1/A,2026-09-30,"Ambitious Entertainment, Inc.  (CIK 0001900851)",S-1/A,https://www.sec.gov/Archives/edgar/data/1900851/000149315226045063/forms-1a.htm
AI-assisted,False,424B5,424B5,2025-05-07,authID Inc.  (AUID)  (CIK 0001534154),PROSPECTUS SUPPLEMENT,https://www.sec.gov/Archives/edgar/data/1534154/000121390025040430/ea0241174-424b5_authid.htm
AI-assisted,False,S-1/A,S-1/A,2025-06-13,"CapsoVision, Inc  (CV)  (CIK 0001378325)",S-1/A,https://www.sec.gov/Archives/edgar/data/1378325/000119312525140836/d916440ds1a.htm
AI-assisted,False,424B4,424B4,2025-07-03,"CapsoVision, Inc  (CV)  (CIK 0001378325)",424B4,https://www.sec.gov/Archives/edgar/data/1378325/000119312525155088/d916440d424b4.htm
AI-assisted,False,S-1/A,S-1/A,2025-05-30,"CapsoVision, Inc  (CV)  (CIK 0001378325)",S-1/A,https://www.sec.gov/Archives/edgar/data/1378325/000119312525132293/d916440ds1a.htm
AI-assisted,False,S-1/A,S-1/A,2025-06-27,"CapsoVision, Inc  (CV)  (CIK 0001378325)",S-1/A,https://www.sec.gov/Archives/edgar/data/1378325/000119312525149285/d916440ds1a.htm
AI-assisted,False,S-1,S-1,2025-05-09,"CapsoVision, Inc  (CIK 0001378325)",S-1,https://www.sec.gov/Archives/edgar/data/1378325/000119312525116894/d916440ds1.htm
AI-assisted,False,424B5,424B5,2025-04-01,authID Inc.  (AUID)  (CIK 0001534154),PROSPECTUS SUPPLEMENT,https://www.sec.gov/Archives/edgar/data/1534154/000121390025026591/ea0236446-424b5_authid.htm
AI-assisted,False,424B5,424B5,2025-11-21,authID Inc.  (AUID)  (CIK 0001534154),PROSPECTUS SUPPLEMENT,https://www.sec.gov/Archives/edgar/data/1534154/000121390025113673/ea0266798-424b5_authidinc.htm
AI-assisted,False,F-1,F-1,2026-09-11,Meey Global Corp  (CIK 0002134106),REGISTRATION STATEMENT,https://www.sec.gov/Archives/edgar/data/2134106/000121390026099370/ea0291005-02.htm
AI-assisted,False,S-1/A,S-1/A,2026-06-22,"Ambitious Entertainment, Inc.  (CIK 0001900851)",S-1/A,https://www.sec.gov/Archives/edgar/data/1900851/000149315226029643/forms-1a.htm
AI-assisted,False,S-1/A,S-1/A,2026-08-06,"Ambitious Entertainment, Inc.  (CIK 0001900851)",S-1/A,https://www.sec.gov/Archives/edgar/data/1900851/000149315226036294/forms-1a.htm
AI-assisted,False,S-1/A,S-1/A,2026-07-07,"Ambitious Entertainment, Inc.  (CIK 0001900851)",S-1/A,https://www.sec.gov/Archives/edgar/data/1900851/000149315226032371/forms-1a.htm
AI-assisted,False,10-K,10-K,2025-12-09,"Zapata Quantum, Inc.  (CIK 0001843714)",FORM 10-K,https://www.sec.gov/Archives/edgar/data/1843714/000107997325001836/zpat_10k-123124.htm
AI-assisted,False,424B3,424B3,2026-08-11,"Zapata Quantum, Inc.  (ZPTA, ZPTAW)  (CIK 0001843714)",FORM 424B3,https://www.sec.gov/Archives/edgar/data/1843714/000168316826006205/zpat_424b3.htm
AI-assisted,False,10-K,10-K,2026-03-31,"Zapata Quantum, Inc.  (ZPTA, ZPTAW)  (CIK 0001843714)",ANNUAL REPORT,https://www.sec.gov/Archives/edgar/data/1843714/000107997326000401/zpat_10k-123125.htm
AI-assisted,False,S-1/A,S-1/A,2026-07-09,"Zapata Quantum, Inc.  (ZPTA, ZPTAW)  (CIK 0001843714)",AMENDMENT NO 1,https://www.sec.gov/Archives/edgar/data/1843714/000168316826005402/zpat_s1a1.htm
AI-assisted,True,6-K,EX-99.1,2026-03-24,"SUN LIFE FINANCIAL INC  (SLF, SLFIF, SLFQF, SUNFF)  (CIK 0001097362)",EXHIBIT 99.1,https://www.sec.gov/Archives/edgar/data/1097362/000106299326001587/exhibit99-1.htm
AI-assisted,False,DRS,DRS,2025-08-22,Medikra Inc.  (CIK 0002078035),,https://www.sec.gov/Archives/edgar/data/2078035/000121390025079809/filename1.htm
AI-assisted,False,S-1,S-1,2026-06-05,"Zapata Quantum, Inc.  (ZPTA, ZPTAW)  (CIK 0001843714)",FORM S-1,https://www.sec.gov/Archives/edgar/data/1843714/000168316826004579/zpat_s1.htm
AI-assisted,False,F-1/A,F-1/A,2025-10-24,"YD Bio Ltd  (YDES, YDESW)  (CIK 0002011674)",AMENDMENT NO. 1 TO FORM F-1,https://www.sec.gov/Archives/edgar/data/2011674/000121390025102150/ea0260717-f1a1_ydbio.htm
AI-assisted,False,424B3,424B3,2025-11-17,"YD Bio Ltd  (YDES, YDESW)  (CIK 0002011674)",PROSPECTUS,https://www.sec.gov/Archives/edgar/data/2011674/000121390025111629/ea026548301-424b3_ydbio.htm
AI-assisted,False,DRS,DRS,2026-02-17,Game Your Game Inc.  (CIK 0002111846),,https://www.sec.gov/Archives/edgar/data/2111846/000121390026017384/filename1.htm
AI-assisted,False,10-K,10-K,2025-03-31,"WRAP TECHNOLOGIES, INC.  (WRAP)  (CIK 0001702924)",,https://www.sec.gov/Archives/edgar/data/1702924/000164117225001416/form10-k.htm
AI-assisted,False,ARS,ARS,2025-11-17,"WRAP TECHNOLOGIES, INC.  (WRAP)  (CIK 0001702924)",ARS,https://www.sec.gov/Archives/edgar/data/1702924/000149315225023922/formars.pdf
AI-assisted,False,F-1,F-1,2026-01-20,Medikra Inc.  (CIK 0002078035),REGISTRATION STATEMENT,https://www.sec.gov/Archives/edgar/data/2078035/000121390026005545/ea0273013-f1_medikra.htm
AI-assisted,False,DRS/A,DRS/A,2025-11-20,Medikra Inc.  (CIK 0002078035),,https://www.sec.gov/Archives/edgar/data/2078035/000121390025112973/filename1.htm
AI-assisted,False,F-1/A,F-1/A,2026-02-13,Medikra Inc.  (MDKR)  (CIK 0002078035),AMENDMENT NO. 1 TO FORM F-1,https://www.sec.gov/Archives/edgar/data/2078035/000121390026016362/ea0274362-f1a1_medikra.htm
AI-assisted,False,F-1,F-1,2025-09-23,"YD Bio Ltd  (YDES, YDESW)  (CIK 0002011674)",REGISTRATION STATEMENT,https://www.sec.gov/Archives/edgar/data/2011674/000121390025090653/ea0257287-f1_ydbio.htm
AI-assisted,False,S-1,S-1,2026-05-15,"Ambitious Entertainment, Inc.  (CIK 0001900851)",S-1,https://www.sec.gov/Archives/edgar/data/1900851/000149315226023581/forms-1.htm
AI-assisted,False,F-1,F-1,2026-09-30,Primagrove Ltd  (CIK 0002138135),REGISTRATION STATEMENT,https://www.sec.gov/Archives/edgar/data/2138135/000121390026104919/ea0295228-06.htm
AI-assisted,False,F-1,F-1,2025-10-31,Regenique Group Ltd  (CIK 0002063022),REGISTRATION STATEMENT,https://www.sec.gov/Archives/edgar/data/2063022/000121390025104769/ea0235572-08.htm
AI-assisted,False,POS462C,POS462C,2025-12-11,Regenique Group Ltd  (RGGG)  (CIK 0002063022),REGISTRATION STATEMENT,https://www.sec.gov/Archives/edgar/data/2063022/000121390025120597/ea0235572-09.htm
AI-assisted,False,DRS/A,DRS/A,2026-04-20,Game Your Game Inc.  (CIK 0002111846),,https://www.sec.gov/Archives/edgar/data/2111846/000121390026045471/filename1.htm
AI-assisted,False,ARS,ARS,2025-04-16,JUNIPER NETWORKS INC  (JNPR)  (CIK 0001043604),ARS,https://www.sec.gov/Archives/edgar/data/1043604/000110465925035496/tm253471d2_ars.pdf
AI-assisted,False,S-4,S-4,2026-09-11,"Sonic Holdco, Inc.  (CIK 0002149535)",S-4,https://www.sec.gov/Archives/edgar/data/2149535/000119312526388301/d160893ds4.htm
AI-assisted,False,POS AM,POS AM,2026-05-26,"YD Bio Ltd  (YDES, YDESW)  (CIK 0002011674)",POST-EFFECTIVE AMENDMENT NO. 1 TO FORM F-1,https://www.sec.gov/Archives/edgar/data/2011674/000121390026061106/ea0291209-posam1_ydbio.htm
AI-assisted,False,424B4,424B4,2026-07-29,Game Your Game Inc.  (GYGY)  (CIK 0002111846),PROSPECTUS,https://www.sec.gov/Archives/edgar/data/2111846/000121390026082494/ea0275919-11.htm
AI-assisted,False,20-F,20-F,2026-07-15,VCI Global Ltd  (VCIG)  (CIK 0001930510),ANNUAL REPORT,https://www.sec.gov/Archives/edgar/data/1930510/000121390026078044/ea0295861-20f_vciglobal.htm
AI-assisted,False,S-1/A,S-1/A,2026-06-30,Game Your Game Inc.  (GYGY)  (CIK 0002111846),REGISTRATION STATEMENT,https://www.sec.gov/Archives/edgar/data/2111846/000121390026073841/ea0275919-07.htm
AI-assisted,False,S-1,S-1,2026-06-12,Game Your Game Inc.  (CIK 0002111846),REGISTRATION STATEMENT,https://www.sec.gov/Archives/edgar/data/2111846/000121390026068371/ea0275919-04.htm
AI-assisted,False,S-1/A,S-1/A,2026-07-20,Game Your Game Inc.  (GYGY)  (CIK 0002111846),REGISTRATION STATEMENT,https://www.sec.gov/Archives/edgar/data/2111846/000121390026079281/ea0275919-09.htm
AI-assisted,False,F-4/A,F-4/A,2025-03-17,YD Bio Ltd  (YDES)  (CIK 0002011674); YD Biopharma Ltd  (CIK 0002048877),REGISTRATION STATEMENT,https://www.sec.gov/Archives/edgar/data/2011674/000121390025024402/ea0218751-07.htm
AI-assisted,False,DEFM14A,DEFM14A,2026-05-27,"Live Oak Acquisition Corp. V  (LOKV, LOKVU, LOKVW)  (CIK 0002048951)",DEFM14A,https://www.sec.gov/Archives/edgar/data/2048951/000119312526240707/d82890ddefm14a.htm
AI-assisted,False,20-F,20-F,2026-08-19,KNOREX LTD.  (KNRX)  (CIK 0001982960),20-F,https://www.sec.gov/Archives/edgar/data/1982960/000149315226039058/form20-f.htm
AI-assisted,False,424B3,424B3,2026-05-27,"Live Oak Acquisition Corp. V  (LOKV, LOKVU, LOKVW)  (CIK 0002048951)",424B3,https://www.sec.gov/Archives/edgar/data/2048951/000119312526240661/d82890d424b3.htm
AI-assisted,False,S-4/A,S-4/A,2026-05-22,"Live Oak Acquisition Corp. V  (LOKV, LOKVU, LOKVW)  (CIK 0002048951); Teamshares Inc.  (CIK 0001783876)",S-4/A,https://www.sec.gov/Archives/edgar/data/2048951/000119312526236646/d82890ds4a.htm
AI-assisted,False,S-4/A,S-4/A,2026-05-19,"Live Oak Acquisition Corp. V  (LOKV, LOKVU, LOKVW)  (CIK 0002048951); Teamshares Inc.  (CIK 0001783876)",S-4/A,https://www.sec.gov/Archives/edgar/data/2048951/000119312526229758/d82890ds4a.htm
AI-assisted,False,424B3,424B3,2026-08-03,"Teamshares Inc  (TMS, TMSWW)  (CIK 0002048951)",424B3,https://www.sec.gov/Archives/edgar/data/2048951/000119312526330863/d58823d424b3.htm
AI-assisted,False,DRS,DRS,2026-07-17,"Teamshares Inc  (TMS, TMSWW)  (CIK 0002048951)",,https://www.sec.gov/Archives/edgar/data/2048951/000119312526307962/filename1.htm
AI-assisted,False,S-4,S-4,2026-07-21,"Passage BIO, Inc.  (PASG)  (CIK 0001787297)",S-4,https://www.sec.gov/Archives/edgar/data/1787297/000114036126029162/ny20077915x1_s4.htm
AI-assisted,False,ARS,ARS,2025-10-10,"XTI Aerospace, Inc.  (XTIA)  (CIK 0001529113)",ARS,https://www.sec.gov/Archives/edgar/data/1529113/000121390025098161/ea0258097-01.pdf
AI-assisted,False,S-4/A,S-4/A,2026-09-03,"Passage BIO, Inc.  (PASG)  (CIK 0001787297)",S-4A,https://www.sec.gov/Archives/edgar/data/1787297/000114036126035517/ny20077915x3_s4a.htm
AI-assisted,False,20-F,20-F,2026-04-30,Orion Digital Corp.  (ORIO)  (CIK 0001602842),20-F,https://www.sec.gov/Archives/edgar/data/1602842/000119312526197914/mogo-20251231.htm
AI-assisted,False,S-4/A,S-4/A,2026-09-21,"Passage BIO, Inc.  (PASG)  (CIK 0001787297)",S-4/A,https://www.sec.gov/Archives/edgar/data/1787297/000114036126037256/ny20077915x5_s4a.htm
AI-assisted,False,S-4/A,S-4/A,2026-10-05,"Passage BIO, Inc.  (PASG)  (CIK 0001787297)",S-4/A,https://www.sec.gov/Archives/edgar/data/1787297/000114036126038646/ny20077915x8_s4a.htm
AI-assisted,False,S-4/A,S-4/A,2026-10-08,"Passage BIO, Inc.  (PASG)  (CIK 0001787297)",S-4/A,https://www.sec.gov/Archives/edgar/data/1787297/000114036126039151/ny20077915x12_s4a.htm
AI-assisted,False,S-4/A,S-4/A,2026-05-01,"Live Oak Acquisition Corp. V  (LOKV, LOKVU, LOKVW)  (CIK 0002048951); Teamshares Inc.  (CIK 0001783876)",S-4/A,https://www.sec.gov/Archives/edgar/data/2048951/000119312526198469/d82890ds4a.htm
AI-assisted,False,F-1,F-1,2025-12-30,Optimal AI Ltd  (CIK 0002083345),REGISTRATION STATEMENT,https://www.sec.gov/Archives/edgar/data/2083345/000121390025126476/ea0271093-f1_optimal.htm
AI-assisted,False,S-1,S-1,2026-07-29,"Teamshares Inc  (TMS, TMSWW)  (CIK 0002048951)",S-1,https://www.sec.gov/Archives/edgar/data/2048951/000119312526324170/d58823ds1.htm
AI-assisted,False,10-K,10-K,2025-04-15,"XTI Aerospace, Inc.  (XTIA)  (CIK 0001529113)",ANNUAL REPORT,https://www.sec.gov/Archives/edgar/data/1529113/000121390025032213/ea0235307-10k_xtiaerospace.htm
AI-assisted,False,10-K,10-K,2026-03-26,"Dermata Therapeutics, Inc.  (DRMA, DRMAW)  (CIK 0001853816)",10-K,https://www.sec.gov/Archives/edgar/data/1853816/000149315226012992/form10-k.htm
AI-assisted,False,424B3,424B3,2025-07-18,YD Bio Ltd  (YDES)  (CIK 0002011674); YD Biopharma Ltd  (CIK 0002048877),PROSPECTUS/PROXY,https://www.sec.gov/Archives/edgar/data/2011674/000121390025065769/ea0218751-22.htm
AI-assisted,False,F-4/A,F-4/A,2025-06-05,YD Bio Ltd  (YDES)  (CIK 0002011674); YD Biopharma Ltd  (CIK 0002048877),REGISTRATION STATEMENT,https://www.sec.gov/Archives/edgar/data/2011674/000121390025051282/ea0218751-11.htm
AI-assisted,False,F-4/A,F-4/A,2025-06-30,YD Bio Ltd  (YDES)  (CIK 0002011674); YD Biopharma Ltd  (CIK 0002048877),REGISTRATION STATEMENT,https://www.sec.gov/Archives/edgar/data/2011674/000121390025059319/ea0218751-14.htm
AI-assisted,False,F-4/A,F-4/A,2025-07-16,YD Bio Ltd  (YDES)  (CIK 0002011674); YD Biopharma Ltd  (CIK 0002048877),REGISTRATION STATEMENT,https://www.sec.gov/Archives/edgar/data/2011674/000121390025064405/ea0218751-21.htm
AI-assisted,False,DEFM14A,DEFM14A,2025-07-21,"Breeze Holdings Acquisition Corp.  (BRZH, BRZHR, BRZHW)  (CIK 0001817640)",PROXY STATEMENT,https://www.sec.gov/Archives/edgar/data/1817640/000121390025065815/ea0249285-01.htm
AI-assisted,False,F-4/A,F-4/A,2025-04-30,YD Bio Ltd  (YDES)  (CIK 0002011674); YD Biopharma Ltd  (CIK 0002048877),REGISTRATION STATEMENT,https://www.sec.gov/Archives/edgar/data/2011674/000121390025037690/ea0218751-09.htm
AI-assisted,False,ARS,ARS,2026-04-17,"Dermata Therapeutics, Inc.  (DRMA, DRMAW)  (CIK 0001853816)",ARS,https://www.sec.gov/Archives/edgar/data/1853816/000149315226017912/formars.pdf
AI-assisted,False,S-4,S-4,2026-04-03,"Live Oak Acquisition Corp. V  (LOKV, LOKVU, LOKVW)  (CIK 0002048951); Teamshares Inc.  (CIK 0001783876)",S-4,https://www.sec.gov/Archives/edgar/data/2048951/000119312526141314/d82890ds4.htm
AI-assisted,False,10-K,10-K,2026-03-31,OS Therapies Inc  (OSTX)  (CIK 0001795091),ANNUAL REPORT,https://www.sec.gov/Archives/edgar/data/1795091/000121390026036629/ea0283146-10k_ostherap.htm
AI-assisted,False,ARS,ARS,2026-07-24,OS Therapies Inc  (OSTX)  (CIK 0001795091),ARS,https://www.sec.gov/Archives/edgar/data/1795091/000121390026081423/ea0298814-02.pdf
AI-assisted,False,DRS,DRS,2026-05-15,"Miluna Acquisition Corp  (MMTX, MMTXU, MMTXW)  (CIK 0002077033); CADV Ventures S.A.  (CIK 0002133525)",,https://www.sec.gov/Archives/edgar/data/2077033/000149315226023268/filename1.htm
AI-assisted,False,DRS/A,DRS/A,2026-02-17,"Live Oak Acquisition Corp. V  (LOKV, LOKVU, LOKVW)  (CIK 0002048951); Teamshares Inc.  (CIK 0001783876)",,https://www.sec.gov/Archives/edgar/data/2048951/000119312526054951/filename1.htm
AI-assisted,False,F-4,F-4,2025-02-28,"Maius Pharmaceutical Group Co., Ltd.  (CIK 0002047033); Maius Pharmaceutical Co., Ltd.  (CIK 0002047031)",,https://www.sec.gov/Archives/edgar/data/2047033/000149315225008688/formf-4.htm
AI-assisted,False,F-4/A,F-4/A,2025-06-13,"Maius Pharmaceutical Group Co., Ltd.  (CIK 0002047033); Maius Pharmaceutical Co., Ltd.  (CIK 0002047031)",F-4/A,https://www.sec.gov/Archives/edgar/data/2047033/000164117225015016/formf-4a.htm
AI-assisted,False,F-4/A,F-4/A,2025-08-06,"Maius Pharmaceutical Group Co., Ltd.  (CIK 0002047033); Maius Pharmaceutical Co., Ltd.  (CIK 0002047031)",F-4/A,https://www.sec.gov/Archives/edgar/data/2047033/000164117225022323/formf-4a.htm
AI-assisted,False,F-4/A,F-4/A,2025-09-26,"Maius Pharmaceutical Group Co., Ltd.  (CIK 0002047033); Maius Pharmaceutical Co., Ltd.  (CIK 0002047031)",F-4/A,https://www.sec.gov/Archives/edgar/data/2047033/000149315225015000/formf-4a.htm
AI-assisted,False,DRS/A,DRS/A,2026-07-28,"Miluna Acquisition Corp  (MMTX, MMTXU, MMTXW)  (CIK 0002077033); CADV Ventures S.A.  (CIK 0002133525)",,https://www.sec.gov/Archives/edgar/data/2077033/000149315226034996/filename1.htm
AI-assisted,False,DRS/A,DRS/A,2026-08-12,"Miluna Acquisition Corp  (MMTX, MMTXU, MMTXW)  (CIK 0002077033); CADV Ventures S.A.  (CIK 0002133525)",,https://www.sec.gov/Archives/edgar/data/2077033/000149315226037279/filename1.htm
AI-assisted,False,DRS/A,DRS/A,2026-07-06,"Miluna Acquisition Corp  (MMTX, MMTXU, MMTXW)  (CIK 0002077033); CADV Ventures S.A.  (CIK 0002133525)",,https://www.sec.gov/Archives/edgar/data/2077033/000149315226032200/filename1.htm
AI-assisted,False,S-4,S-4,2026-08-27,"Miluna Acquisition Corp  (MMTX, MMTXU, MMTXW)  (CIK 0002077033); CADV Ventures S.A.  (CIK 0002133525)",S-4,https://www.sec.gov/Archives/edgar/data/2077033/000149315226040431/forms-4.htm
AI-assisted,False,S-4/A,S-4/A,2026-09-18,"Miluna Acquisition Corp  (MMTX, MMTXU, MMTXW)  (CIK 0002077033); CADV Ventures S.A.  (CIK 0002133525)",S-4/A,https://www.sec.gov/Archives/edgar/data/2077033/000149315226043206/forms-4a.htm
AI-assisted,False,S-4,S-4,2026-09-28,"Silicon Valley Acquisition Corp.  (SVAQ, SVAQU, SVAQW)  (CIK 0002085659); EigenQ Inc  (CIK 0002064142)",REGISTRATION STATEMENT,https://www.sec.gov/Archives/edgar/data/2085659/000121390026104040/ea0300424-02.htm
AI-assisted,False,F-4/A,F-4/A,2026-07-31,OpenPayd Global Holdings Ltd  (OP)  (CIK 0002119416); OpenPayd Holdings Ltd  (CIK 0002119415),F-4/A,https://www.sec.gov/Archives/edgar/data/2119416/000182912626008153/openpaydglobal_f4a.htm
AI-assisted,False,DRS,DRS,2026-08-14,"Silicon Valley Acquisition Corp.  (SVAQ, SVAQU, SVAQW)  (CIK 0002085659); EigenQ Inc  (CIK 0002064142)",,https://www.sec.gov/Archives/edgar/data/2085659/000121390026090057/filename1.htm
AI-assisted,False,DRS/A,DRS/A,2025-06-23,Relativity Holdings Inc.  (CIK 0002072188); Instinct Bio Technical Co Inc.  (CIK 0002072186),,https://www.sec.gov/Archives/edgar/data/2072188/000110465925061604/filename1.htm
AI-assisted,False,DRS,DRS,2025-06-13,Relativity Holdings Inc.  (CIK 0002072188); Instinct Bio Technical Co Inc.  (CIK 0002072186),,https://www.sec.gov/Archives/edgar/data/2072188/000110465925059370/filename1.htm
AI-assisted,False,S-4,S-4,2026-08-12,"SPACSphere Acquisition Corp.  (SSAC, SSACR, SSACU, SSACW)  (CIK 0002081300); Mobilewalla Holdco, Inc.  (CIK 0002149218)",S-4,https://www.sec.gov/Archives/edgar/data/2081300/000119312526347101/d144744ds4.htm
AI-assisted,False,DRS/A,DRS/A,2025-08-12,Relativity Holdings Inc.  (CIK 0002072188); Instinct Bio Technical Co Inc.  (CIK 0002072186),,https://www.sec.gov/Archives/edgar/data/2072188/000110465925076937/filename1.htm
AI-assisted,False,424B3,424B3,2026-07-31,WISeKey International Corp.  (WQEY)  (CIK 0002107968),PROSPECTUS,https://www.sec.gov/Archives/edgar/data/2107968/000121390026083731/ea0292849-04.htm
AI-assisted,True,6-K,EX-99.4,2026-08-10,"Wisekey International Holding S.A.  (WKEY, WSKEF)  (CIK 0001738699)","PROSPECTUS OF WISEKEY INTERNATIONAL CORP. DATED JULY 31, 2026",https://www.sec.gov/Archives/edgar/data/1738699/000121390026087249/ea030095301ex99-4.htm
AI-assisted,False,F-4/A,F-4/A,2025-10-24,Relativity Holdings Inc.  (BIOT)  (CIK 0002072188); Instinct Bio Technical Co Inc.  (CIK 0002072186),F-4/A,https://www.sec.gov/Archives/edgar/data/2072188/000110465925102206/tm2517446-14_f4a.htm
AI-assisted,False,F-4,F-4,2025-09-09,Relativity Holdings Inc.  (CIK 0002072188); Instinct Bio Technical Co Inc.  (CIK 0002072186),F-4,https://www.sec.gov/Archives/edgar/data/2072188/000110465925088389/tm2517446-8_f4.htm
AI-assisted,False,F-4/A,F-4/A,2025-09-26,Relativity Holdings Inc.  (BIOT)  (CIK 0002072188); Instinct Bio Technical Co Inc.  (CIK 0002072186),F-4/A,https://www.sec.gov/Archives/edgar/data/2072188/000110465925093478/tm2517446-11_f4a.htm
AI-assisted,False,F-4,F-4,2026-07-16,WISeKey International Corp.  (CIK 0002107968),REGISTRATION STATEMENT,https://www.sec.gov/Archives/edgar/data/2107968/000121390026078729/ea0292849-03.htm
AI-assisted,False,DEFM14A,DEFM14A,2026-03-05,Relativity Acquisition Corp  (ACQC)  (CIK 0001860484),DEFM14A,https://www.sec.gov/Archives/edgar/data/1860484/000110465926024193/tm267654-2_defm14a.htm
AI-assisted,False,POS AM,POS AM,2025-11-25,Relativity Holdings Inc.  (BIOT)  (CIK 0002072188); Instinct Bio Technical Co Inc.  (CIK 0002072186),POS AM,https://www.sec.gov/Archives/edgar/data/2072188/000110465925116004/tm2517446-16_f4a.htm
AI-assisted,False,424B3,424B3,2026-03-05,Relativity Holdings Inc.  (BIOT)  (CIK 0002072188),424B3,https://www.sec.gov/Archives/edgar/data/2072188/000110465926024186/tm267654-1_424b3.htm
machine learning,False,424B3,424B3,2026-04-13,"20/20 Biolabs, Inc.  (AIDX)  (CIK 0001139685)",PROSPECTUS,https://www.sec.gov/Archives/edgar/data/1139685/000121390026043007/ea0286101-424b3_2020bio.htm
machine learning,False,POS AM,POS AM,2026-04-06,"20/20 Biolabs, Inc.  (AIDX)  (CIK 0001139685)",POST-EFFECTIVE AMENDMENT NO. 1 TO FORM S-1,https://www.sec.gov/Archives/edgar/data/1139685/000121390026040545/ea0284856-posam1_2020bio.htm
machine learning,False,10-K,10-K,2026-03-31,"20/20 Biolabs, Inc.  (AIDX)  (CIK 0001139685)",ANNUAL REPORT,https://www.sec.gov/Archives/edgar/data/1139685/000121390026037667/ea0283134-10k_2020bio.htm
machine learning,False,S-1,S-1,2026-04-06,"20/20 Biolabs, Inc.  (AIDX)  (CIK 0001139685)",REGISTRATION STATEMENT,https://www.sec.gov/Archives/edgar/data/1139685/000121390026040553/ea0284915-s1_2020bio.htm
machine learning,False,424B3,424B3,2026-04-13,"20/20 Biolabs, Inc.  (AIDX)  (CIK 0001139685)",PROSPECTUS,https://www.sec.gov/Archives/edgar/data/1139685/000121390026043009/ea0286113-424b3_2020bio.htm
machine learning,False,253G2,253G2,2025-09-30,"RMX INDUSTRIES, INC.  (RMXI)  (CIK 0001970743)",OFFERING CIRCULAR,https://www.sec.gov/Archives/edgar/data/1970743/000121390025093918/ea0259550-253g2_rmxind.htm
machine learning,False,10-K/A,10-K/A,2026-01-20,"cbdMD, Inc.  (YCBD)  (CIK 0001644903)",FORM 10-K/A,https://www.sec.gov/Archives/edgar/data/1644903/000143774926001542/ycbd20250930_10ka.htm
machine learning,False,1-A POS,PART II AND III,2025-09-19,"RMX INDUSTRIES, INC.  (RMXI)  (CIK 0001970743)",POST-QUALIFICATION OFFERING CIRCULAR AMENDMENT NO. 2 TO FORM 1-A,https://www.sec.gov/Archives/edgar/data/1970743/000121390025089658/ea0258019-1apos_rmxind.htm
machine learning,False,S-1,S-1,2026-04-09,"RMX INDUSTRIES, INC.  (RMXI)  (CIK 0001970743)",REGISTRATION STATEMENT,https://www.sec.gov/Archives/edgar/data/1970743/000121390026041669/ea0285534-s1_rmx.htm
machine learning,False,DRS/A,DRS/A,2025-09-22,"20/20 Biolabs, Inc.  (CIK 0001139685)",,https://www.sec.gov/Archives/edgar/data/1139685/000121390025089938/filename1.htm
machine learning,False,DRS,DRS,2026-03-12,"RMX INDUSTRIES, INC.  (RMXI)  (CIK 0001970743)",,https://www.sec.gov/Archives/edgar/data/1970743/000121390026027091/filename1.htm
machine learning,False,424B3,424B3,2026-04-21,"RMX INDUSTRIES, INC.  (RMXI)  (CIK 0001970743)",PROSPECTUS,https://www.sec.gov/Archives/edgar/data/1970743/000121390026046145/ea0287088-424b3_rmx.htm
machine learning,False,10-Q,10-Q,2025-11-14,TAO Synergies Inc.  (TAOX)  (CIK 0001571934),10-Q,https://www.sec.gov/Archives/edgar/data/1571934/000110465925112570/taox-20250930x10q.htm
machine learning,False,424B3,424B3,2026-02-18,"20/20 Biolabs, Inc.  (CIK 0001139685)",PROSPECTUS,https://www.sec.gov/Archives/edgar/data/1139685/000121390026018039/ea0277459-424b3_2020bio.htm
machine learning,False,S-1/A,S-1/A,2026-01-21,"20/20 Biolabs, Inc.  (CIK 0001139685)",AMENDMENT NO. 1 TO FORM S-1,https://www.sec.gov/Archives/edgar/data/1139685/000121390026006263/ea0273270-s1a1_biolabs.htm
machine learning,False,DEF 14A,DEF 14A,2026-04-01,Pattern Group Inc.  (PTRN)  (CIK 0001811935),DEF 14A,https://www.sec.gov/Archives/edgar/data/1811935/000181193526000024/ptrn-20260331.htm
machine learning,False,S-1,S-1,2025-12-12,"20/20 Biolabs, Inc.  (CIK 0001139685)",REGISTRATION STATEMENT,https://www.sec.gov/Archives/edgar/data/1139685/000121390025121285/ea0269214-s1_2020bio.htm
machine learning,False,10-Q,10-Q,2025-08-14,TAO Synergies Inc.  (TAOX)  (CIK 0001571934),10-Q,https://www.sec.gov/Archives/edgar/data/1571934/000141057825001820/snpx-20250630x10q.htm
machine learning,False,POS AM,POS AM,2026-08-24,"RMX INDUSTRIES, INC.  (RMXI, RMXID)  (CIK 0001970743)",POST-EFFECTIVE AMENDMENT NO. 1 TO FORM S-1,https://www.sec.gov/Archives/edgar/data/1970743/000121390026093132/ea0303093-posam1_rmx.htm
machine learning,False,424B4,424B4,2025-02-12,Odysight.ai Inc.  (ODYS)  (CIK 0001577445),,https://www.sec.gov/Archives/edgar/data/1577445/000149315225006045/form424b4.htm
machine learning,False,10-K,10-K,2026-03-06,Jet.AI Inc.  (JTAI)  (CIK 0001861622),10-K,https://www.sec.gov/Archives/edgar/data/1861622/000149315226009165/form10-k.htm
machine learning,False,ARS,ARS,2025-10-09,Odysight.ai Inc.  (ODYS)  (CIK 0001577445),ARS,https://www.sec.gov/Archives/edgar/data/1577445/000149315225017600/formars.pdf
machine learning,False,10-K,10-K,2026-03-31,BLUSKY AI INC.  (BSAI)  (CIK 0001416090),10-K,https://www.sec.gov/Archives/edgar/data/1416090/000149315226014362/form10-k.htm
machine learning,False,S-1/A,S-1/A,2025-01-31,Odysight.ai Inc.  (ODYS)  (CIK 0001577445),,https://www.sec.gov/Archives/edgar/data/1577445/000149315225004350/forms-1a.htm
machine learning,False,S-1/A,S-1/A,2025-01-24,Odysight.ai Inc.  (ODYS)  (CIK 0001577445),,https://www.sec.gov/Archives/edgar/data/1577445/000149315225003588/forms-1a.htm
machine learning,False,S-1/A,S-1/A,2025-01-28,Odysight.ai Inc.  (ODYS)  (CIK 0001577445),,https://www.sec.gov/Archives/edgar/data/1577445/000149315225004022/forms-1a.htm
machine learning,False,DRS,DRS,2025-07-17,"20/20 Biolabs, Inc.  (CIK 0001139685)",,https://www.sec.gov/Archives/edgar/data/1139685/000121390025065183/filename1.htm
machine learning,False,N-CSR,N-CSR,2026-05-06,"Voya Infrastructure, Industrials & Materials Fund  (IDE)  (CIK 0001417802)",N-CSR,https://www.sec.gov/Archives/edgar/data/1417802/000110465926056270/tm268462d2_ncsr.htm
machine learning,False,N-CSR,N-CSR,2026-05-06,Voya Global Advantage & Premium Opportunity Fund  (IGA)  (CIK 0001332943),N-CSR,https://www.sec.gov/Archives/edgar/data/1332943/000110465926056283/tm268462d5_ncsr.htm
machine learning,True,40-F,EX-99.1,2025-09-17,Sangoma Technologies Corp  (SANG)  (CIK 0001753368),EX-99.1,https://www.sec.gov/Archives/edgar/data/1753368/000175336825000018/annualinformationform-f25y.htm
machine learning,False,N-CSR,N-CSR,2026-05-06,Voya GLOBAL EQUITY DIVIDEND & PREMIUM OPPORTUNITY FUND  (IGD)  (CIK 0001285890),N-CSR,https://www.sec.gov/Archives/edgar/data/1285890/000110465926056293/tm268462d6_ncsr.htm
machine learning,False,10-K,10-K,2026-03-06,"CCS IX Portfolio Holdings, LLC  (CIK 0002017636)",10-K,https://www.sec.gov/Archives/edgar/data/2017636/000119312526096557/ck0002017636-20251231.htm
machine learning,False,N-CSR,N-CSR,2026-05-06,Voya Asia Pacific High Dividend Equity Income Fund  (IAE)  (CIK 0001385632),N-CSR,https://www.sec.gov/Archives/edgar/data/1385632/000110465926056275/tm268462d3_ncsr.htm
machine learning,False,10-Q,10-Q,2025-08-19,"Fluent, Inc.  (FLNT)  (CIK 0001460329)",FORM 10-Q,https://www.sec.gov/Archives/edgar/data/1460329/000143774925027383/flnt20250630_10q.htm
machine learning,False,N-CSR,N-CSR,2026-05-06,Voya Emerging Markets High Dividend Equity Fund  (IHD)  (CIK 0001496292),N-CSR,https://www.sec.gov/Archives/edgar/data/1496292/000110465926056279/tm268462d4_ncsr.htm
machine learning,True,40-F,EX-99.1,2026-09-28,Sangoma Technologies Corp  (SANG)  (CIK 0001753368),EX-99.1,https://www.sec.gov/Archives/edgar/data/1753368/000175336826000011/aif-f26q4.htm
machine learning,False,S-1/A,S-1/A,2025-05-12,"Zoomcar Holdings, Inc.  (ZCAR, ZCARW)  (CIK 0001854275)",AMENDMENT NO. 1 TO FORM S-1,https://www.sec.gov/Archives/edgar/data/1854275/000121390025041769/ea0241482-s1a1_zoomcar.htm
machine learning,False,DRS,DRS,2025-03-28,"Zoomcar Holdings, Inc.  (ZCAR, ZCARW)  (CIK 0001854275)",,https://www.sec.gov/Archives/edgar/data/1854275/000101376225003498/filename1.htm
machine learning,False,S-1,S-1,2025-05-05,"Zoomcar Holdings, Inc.  (ZCAR, ZCARW)  (CIK 0001854275)",REGISTRATION STATEMENT,https://www.sec.gov/Archives/edgar/data/1854275/000121390025039778/ea0237557-s1_zoomcar.htm
machine learning,False,S-1,S-1,2025-03-04,"Zoomcar Holdings, Inc.  (ZCAR, ZCARW)  (CIK 0001854275)",REGISTRATION STATEMENT,https://www.sec.gov/Archives/edgar/data/1854275/000121390025020176/ea0232543-s1_zoomcar.htm
machine learning,False,ARS,ARS,2026-07-23,"Cardio Diagnostics Holdings, Inc.  (CDIO, CDIOW)  (CIK 0001870144)",ANNUAL REPORT TO SECURITY HOLDERS,https://www.sec.gov/Archives/edgar/data/1870144/000107997326000965/cdio_ars.htm
machine learning,False,10-K,10-K,2026-03-13,"Cardio Diagnostics Holdings, Inc.  (CDIO, CDIOW)  (CIK 0001870144)",ANNUAL REPORT,https://www.sec.gov/Archives/edgar/data/1870144/000155335026000023/cdio_10k-123125.htm
machine learning,False,10-K,10-K,2025-06-30,"Zoomcar Holdings, Inc.  (ZCAR, ZCARW)  (CIK 0001854275)",ANNUAL REPORT,https://www.sec.gov/Archives/edgar/data/1854275/000121390025059675/ea0246595-10k_zoomcar.htm
machine learning,False,POS AM,POS AM,2025-12-17,ELC Group Holdings Ltd.  (ELCG)  (CIK 0002039096),POS AM,https://www.sec.gov/Archives/edgar/data/2039096/000149315225028084/formposam.htm
machine learning,False,424B4,424B4,2026-06-18,"bioAffinity Technologies, Inc.  (BIAF, BIAFW)  (CIK 0001712762)",424B4,https://www.sec.gov/Archives/edgar/data/1712762/000149315226029206/form424b4.htm
machine learning,False,DRS/A,DRS/A,2025-02-03,ELC Group Holdings Ltd.  (CIK 0002039096),,https://www.sec.gov/Archives/edgar/data/2039096/000149315225004549/filename1.htm
machine learning,False,POS AM,POS AM,2025-10-28,ELC Group Holdings Ltd.  (ELCG)  (CIK 0002039096),POS AM,https://www.sec.gov/Archives/edgar/data/2039096/000149315225019885/formposam.htm
machine learning,False,F-1/A,F-1/A,2025-10-14,PressLogic Inc.  (PLAI)  (CIK 0002058867),F-1/A,https://www.sec.gov/Archives/edgar/data/2058867/000149315225018006/formf-1a.htm
machine learning,False,DRS/A,DRS/A,2025-01-13,ELC Group Holdings Ltd.  (CIK 0002039096),,https://www.sec.gov/Archives/edgar/data/2039096/000149315225001843/filename1.htm
machine learning,False,F-1,F-1,2025-09-24,PressLogic Inc.  (CIK 0002058867),F-1,https://www.sec.gov/Archives/edgar/data/2058867/000149315225014823/formf-1.htm
machine learning,False,F-1,F-1,2025-03-04,ELC Group Holdings Ltd.  (CIK 0002039096),,https://www.sec.gov/Archives/edgar/data/2039096/000149315225008953/formf-1.htm
machine learning,False,1-A POS,PART II AND III,2025-04-22,"Reticulate Micro, Inc.  (RMXI)  (CIK 0001970743)",POST-QUALIFICATION OFFERING CIRCULAR AMENDMENT NO. 1 TO FORM 1-A,https://www.sec.gov/Archives/edgar/data/1970743/000121390025034228/ea0238881-1apos_reticulate.htm
machine learning,False,253G2,253G2,2025-05-09,"Reticulate Micro, Inc.  (RMXI)  (CIK 0001970743)",OFFERING CIRCULAR,https://www.sec.gov/Archives/edgar/data/1970743/000121390025041213/ea0241510-253g2_reticulate.htm
machine learning,False,F-1/A,F-1/A,2025-11-07,PressLogic Inc.  (PLAI)  (CIK 0002058867),F-1/A,https://www.sec.gov/Archives/edgar/data/2058867/000149315225021290/formf-1a.htm
machine learning,False,DRS/A,DRS/A,2025-08-26,PressLogic Inc.  (CIK 0002058867),,https://www.sec.gov/Archives/edgar/data/2058867/000164117225025544/filename1.htm
machine learning,False,10-Q,10-Q,2025-02-14,"Zoomcar Holdings, Inc.  (ZCAR, ZCARW)  (CIK 0001854275)",QUARTERLY REPORT,https://www.sec.gov/Archives/edgar/data/1854275/000121390025014437/ea0230454-10q_zoomcar.htm
machine learning,False,DEF 14A,DEF 14A,2025-11-21,"New ERA Energy & Digital, Inc.  (NUAI, NUAIW)  (CIK 0002028336)",PROXY STATEMENT,https://www.sec.gov/Archives/edgar/data/2028336/000121390025113229/ea0266537-01.htm
machine learning,False,10-K,10-K,2026-03-13,"Hancock Park Corporate Income, Inc.  (CIK 0001661306)",10-K,https://www.sec.gov/Archives/edgar/data/1661306/000166130626000023/hpci-20251231.htm
machine learning,False,F-4/A,F-4/A,2025-06-13,OmnigenicsAI Corp  (OMNI)  (CIK 0002013873); APx Acquisition Corp. I  (CIK 0001868573),REGISTRATION STATEMENT,https://www.sec.gov/Archives/edgar/data/2013873/000121390025054324/ea0226094-05.htm
machine learning,False,ARS,ARS,2026-08-19,"Hancock Park Corporate Income, Inc.  (CIK 0001661306)",ARS,https://www.sec.gov/Archives/edgar/data/1661306/000166130626000079/hpci_annual_report_2025_.pdf
machine learning,False,F-4/A,F-4/A,2025-07-03,OmnigenicsAI Corp  (OMNI)  (CIK 0002013873); APx Acquisition Corp. I  (CIK 0001868573),REGISTRATION STATEMENT,https://www.sec.gov/Archives/edgar/data/2013873/000121390025061545/ea0226094-07.htm
machine learning,False,F-4/A,F-4/A,2025-07-18,OmnigenicsAI Corp  (OMNI)  (CIK 0002013873); APx Acquisition Corp. I  (CIK 0001868573),REGISTRATION STATEMENT,https://www.sec.gov/Archives/edgar/data/2013873/000121390025065703/ea0226094-11.htm
machine learning,False,F-1/A,F-1/A,2025-05-15,ELC Group Holdings Ltd.  (ELCG)  (CIK 0002039096),F-1/A,https://www.sec.gov/Archives/edgar/data/2039096/000164117225010760/formf-1a.htm
machine learning,False,F-1/A,F-1/A,2025-06-27,ELC Group Holdings Ltd.  (ELCG)  (CIK 0002039096),F-1/A,https://www.sec.gov/Archives/edgar/data/2039096/000164117225016911/formf-1a.htm
machine learning,False,F-4/A,F-4/A,2025-03-31,OmnigenicsAI Corp  (OMNI)  (CIK 0002013873); APx Acquisition Corp. I  (CIK 0001868573),REGISTRATION STATEMENT,https://www.sec.gov/Archives/edgar/data/2013873/000121390025026339/ea0226094-03.htm
machine learning,False,424B5,424B5,2026-08-21,Odysight.ai Inc.  (ODYS)  (CIK 0001577445),424B5,https://www.sec.gov/Archives/edgar/data/1577445/000149315226039572/form424b5.htm
machine learning,False,424B5,424B5,2026-08-19,Odysight.ai Inc.  (ODYS)  (CIK 0001577445),424B5,https://www.sec.gov/Archives/edgar/data/1577445/000149315226039235/form424b5.htm
machine learning,False,F-1,F-1,2026-09-11,Meey Global Corp  (CIK 0002134106),REGISTRATION STATEMENT,https://www.sec.gov/Archives/edgar/data/2134106/000121390026099370/ea0291005-02.htm
machine learning,False,10-K,10-K,2026-03-31,TAO Synergies Inc.  (TAOX)  (CIK 0001571934),10-K,https://www.sec.gov/Archives/edgar/data/1571934/000110465926037915/taox-20251231x10k.htm
machine learning,False,S-1,S-1,2025-12-01,Jet.AI Inc.  (JTAI)  (CIK 0001861622),S-1,https://www.sec.gov/Archives/edgar/data/1861622/000149315225025591/forms-1.htm
machine learning,True,40-F,EX-99.1,2026-05-21,Lightspeed Commerce Inc.  (LSPD)  (CIK 0001823306),EX-99.1,https://www.sec.gov/Archives/edgar/data/1823306/000182330626000025/annualinformationform2026.htm
machine learning,False,10-K,10-K,2026-07-14,"Zoomcar Holdings, Inc.  (ZCAR, ZCARW)  (CIK 0001854275)",ANNUAL REPORT,https://www.sec.gov/Archives/edgar/data/1854275/000121390026078029/ea0296662-10k_zoomcar.htm
machine learning,False,10-K/A,10-K/A,2026-07-16,"Zoomcar Holdings, Inc.  (ZCAR, ZCARW)  (CIK 0001854275)",ANNUAL REPORT,https://www.sec.gov/Archives/edgar/data/1854275/000121390026078693/ea0296662-10ka1_zoomcar.htm
machine learning,False,F-1/A,F-1/A,2025-07-25,ELC Group Holdings Ltd.  (ELCG)  (CIK 0002039096),F-1/A,https://www.sec.gov/Archives/edgar/data/2039096/000164117225020962/formf-1a.htm
machine learning,True,40-F,EX-99.1,2025-05-22,Lightspeed Commerce Inc.  (LSPD)  (CIK 0001823306),EX-99.1,https://www.sec.gov/Archives/edgar/data/1823306/000182330625000030/annualinformationform2025.htm
machine learning,False,DRS/A,DRS/A,2026-04-20,Game Your Game Inc.  (CIK 0002111846),,https://www.sec.gov/Archives/edgar/data/2111846/000121390026045471/filename1.htm
machine learning,False,F-1/A,F-1/A,2025-07-09,ELC Group Holdings Ltd.  (ELCG)  (CIK 0002039096),F-1/A,https://www.sec.gov/Archives/edgar/data/2039096/000164117225018409/formf-1a.htm
machine learning,False,F-1/A,F-1/A,2025-08-25,ELC Group Holdings Ltd.  (ELCG)  (CIK 0002039096),F-1/A,https://www.sec.gov/Archives/edgar/data/2039096/000164117225025415/formf-1a.htm
machine learning,False,F-1,F-1,2026-01-20,DT House Ltd  (DTDT)  (CIK 0002047713),REGISTRATION STATEMENT,https://www.sec.gov/Archives/edgar/data/2047713/000121390026005690/ea0273016-f1_dthouse.htm
machine learning,False,10-K,10-K,2026-03-20,"TaoWeave, Inc.  (TWAV)  (CIK 0000746210)",FORM 10-K,https://www.sec.gov/Archives/edgar/data/746210/000143774926009237/oblg20251231_10k.htm
machine learning,False,424B3,424B3,2026-03-24,PGIM Private Credit Fund  (PGIM)  (CIK 0001923622),424B3,https://www.sec.gov/Archives/edgar/data/1923622/000119312526122187/ppcf_supplement_no._9_3.htm
machine learning,False,F-4,F-4,2025-01-22,OmnigenicsAI Corp  (CIK 0002013873); APx Acquisition Corp. I  (CIK 0001868573),REGISTRATION STATEMENT,https://www.sec.gov/Archives/edgar/data/2013873/000121390025005463/ea0226094-01.htm
machine learning,False,F-1/A,F-1/A,2025-08-07,ELC Group Holdings Ltd.  (ELCG)  (CIK 0002039096),F-1/A,https://www.sec.gov/Archives/edgar/data/2039096/000164117225022522/formf-1a.htm
machine learning,False,S-1,S-1,2025-11-28,"Blaize Holdings, Inc.  (BZAI, BZAIW)  (CIK 0001871638)",S-1,https://www.sec.gov/Archives/edgar/data/1871638/000119312525302570/d64210ds1.htm
machine learning,False,F-1/A,F-1/A,2025-08-07,DT House Ltd  (CIK 0002047713),AMENDMENT NO. 2 TO FORM F-1,https://www.sec.gov/Archives/edgar/data/2047713/000121390025072682/ea0247969-f1a2_dthouse.htm
machine learning,False,F-1/A,F-1/A,2025-09-05,DT House Ltd  (CIK 0002047713),AMENDMENT NO. 4 TO FORM F-1,https://www.sec.gov/Archives/edgar/data/2047713/000121390025084729/ea0255982-f1a4_dthouse.htm
machine learning,False,F-1/A,F-1/A,2025-09-19,DT House Ltd  (DTDT)  (CIK 0002047713),AMENDMENT NO. 5 TO FORM F-1,https://www.sec.gov/Archives/edgar/data/2047713/000121390025089136/ea0257871-f1a5_dthouse.htm
machine learning,False,424B3,424B3,2025-12-18,"Blaize Holdings, Inc.  (BZAI, BZAIW)  (CIK 0001871638)",424B3,https://www.sec.gov/Archives/edgar/data/1871638/000187163825000016/a424b3prospectussupplement.htm
machine learning,False,F-1/A,F-1/A,2025-10-24,DT House Ltd  (DTDT)  (CIK 0002047713),AMENDMENT NO. 6 TO FORM F-1,https://www.sec.gov/Archives/edgar/data/2047713/000121390025102087/ea0262304-f1a6_dthouse.htm
machine learning,False,F-1/A,F-1/A,2025-08-19,DT House Ltd  (CIK 0002047713),AMENDMENT NO. 3 TO FORM F-1,https://www.sec.gov/Archives/edgar/data/2047713/000121390025078456/ea0248398-f1a_dthouse.htm
machine learning,False,10-Q,10-Q,2026-08-10,"Aeries Technology, Inc.  (AERT, AERTW)  (CIK 0001853044)",10-Q,https://www.sec.gov/Archives/edgar/data/1853044/000182912626008507/aeriestech_10q.htm
machine learning,False,DRS/A,DRS/A,2025-09-09,"VenHub Global, Inc.  (CIK 0001972234)",,https://www.sec.gov/Archives/edgar/data/1972234/000121390025086022/filename1.htm
machine learning,False,DRS/A,DRS/A,2025-08-12,"Twenty One Capital, Inc.  (CIK 0002070457); Twenty One Assets, LLC  (CIK 0002070394)",,https://www.sec.gov/Archives/edgar/data/2070457/000121390025074604/filename1.htm
machine learning,False,DRS/A,DRS/A,2025-07-09,PressLogic Inc.  (CIK 0002058867),,https://www.sec.gov/Archives/edgar/data/2058867/000164117225018357/filename1.htm
machine learning,False,DRS,DRS,2025-07-03,"Twenty One Capital, Inc.  (CIK 0002070457); Twenty One Assets, LLC  (CIK 0002070394)",,https://www.sec.gov/Archives/edgar/data/2070457/000121390025061570/filename1.htm
machine learning,True,8-K,EX-10.1,2025-12-18,Howard Hughes Holdings Inc.  (HHH)  (CIK 0001981792),EXHIBIT 10.1,https://www.sec.gov/Archives/edgar/data/1981792/000110465925122577/tm2533845d1_ex10-1.htm
machine learning,False,10-K,10-K,2025-09-23,InMed Pharmaceuticals Inc.  (INM)  (CIK 0001728328),ANNUAL REPORT,https://www.sec.gov/Archives/edgar/data/1728328/000121390025090210/ea0253959-10k_inmed.htm
machine learning,False,DRS,DRS,2026-04-30,"bioAffinity Technologies, Inc.  (BIAF, BIAFW)  (CIK 0001712762)",,https://www.sec.gov/Archives/edgar/data/1712762/000149315226020739/filename1.htm
machine learning,False,10-K,10-K,2026-03-18,PGIM Private Credit Fund  (PGIM)  (CIK 0001923622),10-K,https://www.sec.gov/Archives/edgar/data/1923622/000119312526111462/ck0001923622-20251231.htm
machine learning,False,S-1,S-1,2026-06-12,"bioAffinity Technologies, Inc.  (BIAF, BIAFW)  (CIK 0001712762)",S-1,https://www.sec.gov/Archives/edgar/data/1712762/000149315226028507/forms-1.htm
machine learning,False,424B3,424B3,2025-08-05,MAINZ BIOMED N.V.  (MYNZ)  (CIK 0001874252),PROSPECTUS,https://www.sec.gov/Archives/edgar/data/1874252/000121390025071863/ea0251748-424b3_mainz.htm
machine learning,True,8-K,EX-2.1,2026-05-05,"Vistance Networks, Inc.  (VISN)  (CIK 0001517228)",EX-2.1,https://www.sec.gov/Archives/edgar/data/1517228/000119312526206475/d46980dex21.htm
machine learning,False,424B3,424B3,2025-05-21,MAINZ BIOMED N.V.  (MYNZ)  (CIK 0001874252),PROSPECTUS,https://www.sec.gov/Archives/edgar/data/1874252/000121390025046199/ea0242940-424b3_mainzbiomed.htm
machine learning,False,10-K,10-K,2025-03-14,"Hancock Park Corporate Income, Inc.  (CIK 0001661306)",10-K,https://www.sec.gov/Archives/edgar/data/1661306/000166130625000013/hpci-20241231.htm
machine learning,False,424B4,424B4,2026-07-29,Game Your Game Inc.  (GYGY)  (CIK 0002111846),PROSPECTUS,https://www.sec.gov/Archives/edgar/data/2111846/000121390026082494/ea0275919-11.htm
machine learning,True,8-K,EX-2.1,2026-04-30,BELDEN INC.  (BDC)  (CIK 0000913142),EX-2.1,https://www.sec.gov/Archives/edgar/data/913142/000091314226000020/projectrocket-purchaseag.htm
machine learning,False,ARS,ARS,2025-06-02,"bioAffinity Technologies, Inc.  (BIAF, BIAFW)  (CIK 0001712762)",ARS,https://www.sec.gov/Archives/edgar/data/1712762/000164117225013286/formars.pdf
machine learning,False,DEFM14A,DEFM14A,2025-11-06,"Cantor Equity Partners, Inc.  (CEP)  (CIK 0001865602)",PROXY STATEMENT,https://www.sec.gov/Archives/edgar/data/1865602/000121390025106817/ea0263444-01.htm
machine learning,False,424B3,424B3,2025-11-06,"Twenty One Capital, Inc.  (XXI)  (CIK 0002070457); Twenty One Assets, LLC  (CIK 0002070394)",PROSPECTUS,https://www.sec.gov/Archives/edgar/data/2070457/000121390025106812/ea0247795-09.htm
machine learning,False,S-4,S-4,2025-09-15,"Twenty One Capital, Inc.  (CIK 0002070457); Twenty One Assets, LLC  (CIK 0002070394)",REGISTRATION STATEMENT,https://www.sec.gov/Archives/edgar/data/2070457/000121390025087358/ea0247795-04.htm
machine learning,False,PREM14C,PREM14C,2026-03-20,"EKSO BIONICS HOLDINGS, INC.  (EKSO)  (CIK 0001549084)",PREM14C,https://www.sec.gov/Archives/edgar/data/1549084/000143774926009267/ekso-20251231.htm
machine learning,False,S-4/A,S-4/A,2025-10-17,"Twenty One Capital, Inc.  (XXI)  (CIK 0002070457); Twenty One Assets, LLC  (CIK 0002070394)",REGISTRATION STATEMENT,https://www.sec.gov/Archives/edgar/data/2070457/000121390025099972/ea0247795-07.htm
machine learning,True,10-12B,EX-99.1,2026-06-29,Vylor Inc.  (CIK 0002128626),EX-99.1,https://www.sec.gov/Archives/edgar/data/2128626/000119312526288697/ck0002128626-ex99_1.htm
machine learning,False,20-F,20-F,2025-04-30,Nebius Group N.V.  (NBIS)  (CIK 0001513845),20-F,https://www.sec.gov/Archives/edgar/data/1513845/000155837025005991/nbis-20241231x20f.htm
machine learning,False,N-CSR,N-CSR,2026-05-06,VOYA CREDIT INCOME FUND  (XSIAX)  (CIK 0001124959),N-CSR,https://www.sec.gov/Archives/edgar/data/1124959/000110465926056266/tm268462d1_ncsr.htm
machine learning,False,10-K,10-K,2025-12-09,"Zapata Quantum, Inc.  (CIK 0001843714)",FORM 10-K,https://www.sec.gov/Archives/edgar/data/1843714/000107997325001836/zpat_10k-123124.htm
machine learning,False,DRS,DRS,2025-11-10,AsiaPac AdTechinno Group Ltd  (CIK 0002087437),,https://www.sec.gov/Archives/edgar/data/2087437/000149315225021338/filename1.htm
machine learning,False,POS AM,POS AM,2025-11-21,"VenHub Global, Inc.  (CIK 0001972234)",POST-EFFECTIVE AMENDMENT NO. 1 TO FORM S-1,https://www.sec.gov/Archives/edgar/data/1972234/000121390025113632/ea0266522-posam1_venhub.htm
machine learning,True,40-F,EX-99.1,2026-06-22,CAE INC  (CAE)  (CIK 0001173382),EX-99.1 ANNUAL INFORMATION FORM,https://www.sec.gov/Archives/edgar/data/1173382/000117338226000026/caeaif2026.htm
machine learning,False,POS AM,POS AM,2025-12-12,"VenHub Global, Inc.  (CIK 0001972234)",POST-EFFECTIVE AMENDMENT NO. 2 TO FORM S-1,https://www.sec.gov/Archives/edgar/data/1972234/000121390025121280/ea0269407-posam2_venhub.htm
machine learning,False,POS AM,POS AM,2026-01-15,"VenHub Global, Inc.  (CIK 0001972234)",POST-EFFECTIVE AMENDMENT NO. 4 TO FORM S-1,https://www.sec.gov/Archives/edgar/data/1972234/000121390026004747/ea0273054-posam4_venhub.htm
machine learning,False,S-1,S-1,2025-10-03,"VenHub Global, Inc.  (CIK 0001972234)",REGISTRATION STATEMENT,https://www.sec.gov/Archives/edgar/data/1972234/000121390025096107/ea0259058-s1_venhub.htm
machine learning,False,POS AM,POS AM,2026-01-21,"VenHub Global, Inc.  (CIK 0001972234)",POST-EFFECTIVE AMENDMENT NO. 5 TO FORM S-1,https://www.sec.gov/Archives/edgar/data/1972234/000121390026006255/ea0273289-posam5_venhub.htm
machine learning,True,20-F,EX-4.87,2026-04-17,"Tencent Music Entertainment Group  (TME, TCMEF)  (CIK 0001744676)",EX-4.87,https://www.sec.gov/Archives/edgar/data/1744676/000119312526160257/tme-ex4_87.htm
machine learning,False,10-K,10-K,2025-04-15,"Beeline Holdings, Inc.  (BLNE)  (CIK 0001534708)",,https://www.sec.gov/Archives/edgar/data/1534708/000164117225004793/form10-k.htm
machine learning,False,DRS/A,DRS/A,2025-12-31,AsiaPac AdTechinno Group Ltd  (CIK 0002087437),,https://www.sec.gov/Archives/edgar/data/2087437/000149315225029730/filename1.htm
machine learning,False,POS AM,POS AM,2025-12-31,"VenHub Global, Inc.  (CIK 0001972234)",POST-EFFECTIVE AMENDMENT NO. 3 TO FORM S-1,https://www.sec.gov/Archives/edgar/data/1972234/000121390025127155/ea0271449-posam3_venhub.htm
machine learning,False,DRS,DRS,2025-07-15,MAINZ BIOMED N.V.  (MYNZ)  (CIK 0001874252),,https://www.sec.gov/Archives/edgar/data/1874252/000121390025064332/filename1.htm
machine learning,False,S-1,S-1,2026-06-12,Game Your Game Inc.  (CIK 0002111846),REGISTRATION STATEMENT,https://www.sec.gov/Archives/edgar/data/2111846/000121390026068371/ea0275919-04.htm
machine learning,False,F-1,F-1,2025-07-30,MAINZ BIOMED N.V.  (MYNZ)  (CIK 0001874252),REGISTRATION STATEMENT,https://www.sec.gov/Archives/edgar/data/1874252/000121390025069318/ea0250631-f1_mainz.htm
machine learning,False,S-1/A,S-1/A,2026-06-30,Game Your Game Inc.  (GYGY)  (CIK 0002111846),REGISTRATION STATEMENT,https://www.sec.gov/Archives/edgar/data/2111846/000121390026073841/ea0275919-07.htm
machine learning,False,S-1/A,S-1/A,2026-07-20,Game Your Game Inc.  (GYGY)  (CIK 0002111846),REGISTRATION STATEMENT,https://www.sec.gov/Archives/edgar/data/2111846/000121390026079281/ea0275919-09.htm
machine learning,False,F-1/A,F-1/A,2025-05-14,MAINZ BIOMED N.V.  (MYNZ)  (CIK 0001874252),AMENDMENT NO. 1 TO FORM F-1,https://www.sec.gov/Archives/edgar/data/1874252/000121390025043331/ea0242243-f1a1_mainz.htm
machine learning,False,DRS,DRS,2025-04-09,MAINZ BIOMED N.V.  (MYNZ)  (CIK 0001874252),,https://www.sec.gov/Archives/edgar/data/1874252/000121390025030364/filename1.htm
machine learning,True,8-K,EX-99.1,2026-09-25,Vylor Inc.  (VYLR)  (CIK 0002128626),EX-99.1,https://www.sec.gov/Archives/edgar/data/2128626/000119312526402928/ck0002128626-ex99_1.htm
machine learning,True,10-12B/A,EX-99.1,2026-08-14,Vylor Inc.  (CIK 0002128626),EX-99.1,https://www.sec.gov/Archives/edgar/data/2128626/000119312526352605/ck0002128626-ex99_1.htm
machine learning,True,10-12B/A,EX-99.1,2026-09-15,Vylor Inc.  (CIK 0002128626),EX-99.1,https://www.sec.gov/Archives/edgar/data/2128626/000119312526391356/ck0002128626-ex99_1.htm
machine learning,False,PRER14C,PRER14C,2026-03-31,"EKSO BIONICS HOLDINGS, INC.  (EKSO)  (CIK 0001549084)",PRER14C,https://www.sec.gov/Archives/edgar/data/1549084/000143774926010424/ekso-20251231.htm
machine learning,True,40-F,EX-99.1,2025-06-20,CAE INC  (CAE)  (CIK 0001173382),EX-99.1 ANNUAL INFORMATION FORM,https://www.sec.gov/Archives/edgar/data/1173382/000117338225000029/caeaif2025.htm
machine learning,True,10-12B/A,EX-99.1,2026-09-21,Vylor Inc.  (VYLR)  (CIK 0002128626),EX-99.1,https://www.sec.gov/Archives/edgar/data/2128626/000119312526396054/ck0002128626-ex99_1.htm
machine learning,False,F-1,F-1,2025-05-14,MAINZ BIOMED N.V.  (MYNZ)  (CIK 0001874252),REGISTRATION STATEMENT,https://www.sec.gov/Archives/edgar/data/1874252/000121390025042989/ea0241950-f1_mainz.htm
machine learning,False,PRER14C,PRER14C,2026-04-03,"EKSO BIONICS HOLDINGS, INC.  (EKSO)  (CIK 0001549084)",PRER14C,https://www.sec.gov/Archives/edgar/data/1549084/000143774926011185/ekso-20251231.htm
machine learning,False,DEF 14C,DEF 14C,2026-04-03,"EKSO BIONICS HOLDINGS, INC.  (EKSO)  (CIK 0001549084)",FORM DEF 14C,https://www.sec.gov/Archives/edgar/data/1549084/000143774926011284/ekso20260403_def14c.htm
machine learning,False,N-CSR,N-CSR,2025-05-08,Voya Asia Pacific High Dividend Equity Income Fund  (IAE)  (CIK 0001385632),N-CSR,https://www.sec.gov/Archives/edgar/data/1385632/000110465925046084/tm258877d3_ncsr.htm
machine learning,False,DRS,DRS,2025-06-18,"LIBERTY DEFENSE HOLDINGS, LTD.  (LDDFF)  (CIK 0001919776)",,https://www.sec.gov/Archives/edgar/data/1919776/000110465925060675/filename1.htm
machine learning,False,N-CSR,N-CSR,2025-05-08,Voya GLOBAL EQUITY DIVIDEND & PREMIUM OPPORTUNITY FUND  (IGD)  (CIK 0001285890),N-CSR,https://www.sec.gov/Archives/edgar/data/1285890/000110465925046090/tm258877d6_ncsr.htm
machine learning,False,10-K,10-K,2025-04-16,"Rain Enhancement Technologies Holdco, Inc.  (RAIN, RAINW)  (CIK 0002028293)",ANNUAL REPORT,https://www.sec.gov/Archives/edgar/data/2028293/000121390025032239/ea0233638-10k_rainenhan.htm
machine learning,False,F-3,F-3,2026-03-31,VCI Global Ltd  (VCIG)  (CIK 0001930510),REGISTRATION STATEMENT,https://www.sec.gov/Archives/edgar/data/1930510/000121390026036624/ea0283753-f3_vciglobal.htm
machine learning,False,N-CSR,N-CSR,2025-05-08,Voya Global Advantage & Premium Opportunity Fund  (IGA)  (CIK 0001332943),N-CSR,https://www.sec.gov/Archives/edgar/data/1332943/000110465925046087/tm258877d5_ncsr.htm
machine learning,False,F-1,F-1,2025-03-03,DT House Ltd  (CIK 0002047713),REGISTRATION STATEMENT,https://www.sec.gov/Archives/edgar/data/2047713/000121390025018875/ea0231405-f1_dthouse.htm
machine learning,False,DRS/A,DRS/A,2025-02-11,"AIRO Group Holdings, Inc.  (CIK 0001927958)",,https://www.sec.gov/Archives/edgar/data/1927958/000149315225005954/filename1.htm
machine learning,False,N-CSR,N-CSR,2025-05-08,Voya Emerging Markets High Dividend Equity Fund  (IHD)  (CIK 0001496292),N-CSR,https://www.sec.gov/Archives/edgar/data/1496292/000110465925046085/tm258877d4_ncsr.htm
machine learning,False,424B3,424B3,2025-08-05,InMed Pharmaceuticals Inc.  (INM)  (CIK 0001728328),PROSPECTUS,https://www.sec.gov/Archives/edgar/data/1728328/000121390025071758/ea0248871-424b3_inmed.htm
machine learning,False,10-K,10-K,2026-03-16,Eva Live Inc  (GOAI)  (CIK 0001983736),10-K,https://www.sec.gov/Archives/edgar/data/1983736/000149315226010305/form10-k.htm
machine learning,False,N-CSR,N-CSR,2025-05-08,"Voya Infrastructure, Industrials & Materials Fund  (IDE)  (CIK 0001417802)",N-CSR,https://www.sec.gov/Archives/edgar/data/1417802/000110465925046083/tm258877d2_ncsr.htm
machine learning,False,10-Q,10-Q,2025-11-14,"Zoomcar Holdings, Inc.  (ZCAR, ZCARW)  (CIK 0001854275)",QUARTERLY REPORT,https://www.sec.gov/Archives/edgar/data/1854275/000121390025110391/ea0263586-10q_zoomcar.htm
machine learning,False,F-1/A,F-1/A,2025-09-05,Diginex Ltd  (DGNX)  (CIK 0002010499),F-1/A,https://www.sec.gov/Archives/edgar/data/2010499/000164117225026615/formf-1a.htm
machine learning,False,ARS,ARS,2026-01-16,Johnson Controls International plc  (JCI)  (CIK 0000833444),ARS,https://www.sec.gov/Archives/edgar/data/833444/000110465926004571/tm2524665d9_ars.pdf
machine learning,True,10-K,EX-2.1,2025-02-28,SUN COMMUNITIES INC  (SUI)  (CIK 0000912593),EX-2.1,https://www.sec.gov/Archives/edgar/data/912593/000091259325000086/exhibit21-gulfstreamxmembe.htm
machine learning,False,DRS/A,DRS/A,2025-01-16,"AIRO Group Holdings, Inc.  (CIK 0001927958)",,https://www.sec.gov/Archives/edgar/data/1927958/000149315225002580/filename1.htm
machine learning,False,F-1,F-1,2025-07-28,Diginex Ltd  (DGNX)  (CIK 0002010499),F-1,https://www.sec.gov/Archives/edgar/data/2010499/000164117225021080/formf-1.htm
machine learning,False,424B3,424B3,2025-04-23,"Innventure, Inc.  (INV, INVLW)  (CIK 0002001557)",424B3,https://www.sec.gov/Archives/edgar/data/2001557/000162828025019358/innventureinc-424b3xsx1.htm
machine learning,False,DEFM14A,DEFM14A,2026-05-08,"Allbirds, Inc.  (BIRD)  (CIK 0001653909)",DEFM14A,https://www.sec.gov/Archives/edgar/data/1653909/000119312526213226/d39753ddefm14a.htm
machine learning,False,PRER14A,PRER14A,2026-05-04,"Allbirds, Inc.  (BIRD)  (CIK 0001653909)",PRER14A,https://www.sec.gov/Archives/edgar/data/1653909/000119312526202598/d39753dprer14a.htm
machine learning,False,POS AM,POS AM,2025-01-13,Diginex Ltd  (DGNX)  (CIK 0002010499),,https://www.sec.gov/Archives/edgar/data/2010499/000149315225001830/formposam.htm
machine learning,False,ARS,ARS,2025-01-21,Johnson Controls International plc  (JCI)  (CIK 0000833444),ARS,https://www.sec.gov/Archives/edgar/data/833444/000110465925004924/tm253175d1_ars.pdf
machine learning,False,10-K,10-K,2026-04-15,"Rain Enhancement Technologies Holdco, Inc.  (RAIN, RAINW)  (CIK 0002028293)",ANNUAL REPORT,https://www.sec.gov/Archives/edgar/data/2028293/000121390026044121/ea0282265-10k_rainenhan.htm
machine learning,False,S-1,S-1,2025-04-15,"Innventure, Inc.  (INV, INVLW)  (CIK 0002001557)",S-1,https://www.sec.gov/Archives/edgar/data/2001557/000162828025017890/innv-20250415.htm
machine learning,False,F-1,F-1,2026-03-25,AsiaPac AdTechinno Group Ltd  (CIK 0002087437),F-1,https://www.sec.gov/Archives/edgar/data/2087437/000149315226012613/formf-1.htm
machine learning,False,DRS/A,DRS/A,2026-01-30,AsiaPac AdTechinno Group Ltd  (CIK 0002087437),,https://www.sec.gov/Archives/edgar/data/2087437/000149315226004398/filename1.htm
machine learning,False,10-K,10-K,2026-03-31,Dominari Holdings Inc.  (DOMH)  (CIK 0000012239),ANNUAL REPORT,https://www.sec.gov/Archives/edgar/data/12239/000121390026036897/ea0283159-10k_domin.htm
machine learning,False,DEFM14A,DEFM14A,2026-08-11,AUDDIA INC.  (AUUD)  (CIK 0001554818),DEFINITIVE PROXY RELATING TO MERGER,https://www.sec.gov/Archives/edgar/data/1554818/000168316826006211/auddia_defm14a.htm
machine learning,False,F-1,F-1,2025-11-10,Braiin Ltd  (CIK 0002076975),F-1,https://www.sec.gov/Archives/edgar/data/2076975/000149315225021436/formf-1.htm
machine learning,False,S-4/A,S-4/A,2026-07-10,"McCarthy Finney, Inc.  (MCFN)  (CIK 0002131882)",FORM S-4 AMENDMENT 2,https://www.sec.gov/Archives/edgar/data/2131882/000168316826005430/mccarthy_s4a2.htm
machine learning,False,F-1/A,F-1/A,2025-12-11,Braiin Ltd  (BRAI)  (CIK 0002076975),F-1/A,https://www.sec.gov/Archives/edgar/data/2076975/000149315225027173/formf-1a.htm
machine learning,False,20-F/A,20-F/A,2025-08-12,Diginex Ltd  (DGNX)  (CIK 0002010499),20-F/A,https://www.sec.gov/Archives/edgar/data/2010499/000164117225023257/form20-fa.htm
machine learning,False,424B4,424B4,2026-02-02,Braiin Ltd  (BRAI)  (CIK 0002076975),424B4,https://www.sec.gov/Archives/edgar/data/2076975/000149315226004786/form424b4.htm
machine learning,False,S-4/A,S-4/A,2026-06-18,"McCarthy Finney, Inc.  (MCFN)  (CIK 0002131882)",AMENDMENT NO. 1 TO FORM S-4,https://www.sec.gov/Archives/edgar/data/2131882/000168316826004950/mccarthy_s4a1.htm
machine learning,False,S-4,S-4,2025-05-08,"Longevity Health Holdings, Inc.  (XAGE, XAGEW)  (CIK 0001842939)",S-4,https://www.sec.gov/Archives/edgar/data/1842939/000095017025066995/xage-20250508.htm
machine learning,False,20-F/A,20-F/A,2026-02-09,Diginex Ltd  (DGNX)  (CIK 0002010499),20-F/A,https://www.sec.gov/Archives/edgar/data/2010499/000149315226005657/form20-fa.htm
machine learning,False,20-F,20-F,2025-07-14,Diginex Ltd  (DGNX)  (CIK 0002010499),20-F,https://www.sec.gov/Archives/edgar/data/2010499/000164117225018847/form20-f.htm
machine learning,False,424B3,424B3,2026-08-11,"McCarthy Finney, Inc.  (MCFN)  (CIK 0002131882)",FORM 424B3,https://www.sec.gov/Archives/edgar/data/2131882/000168316826006208/mccarthy_424b3.htm
machine learning,False,DEFM14A,DEFM14A,2026-08-11,"McCarthy Finney, Inc.  (MCFN)  (CIK 0002131882)",DEFINITIVE PROXY RELATING TO MERGER,https://www.sec.gov/Archives/edgar/data/2131882/000168316826006207/mccarthy_defm14a.htm
machine learning,False,F-1/A,F-1/A,2026-01-13,Braiin Ltd  (BRAI)  (CIK 0002076975),F-1/A,https://www.sec.gov/Archives/edgar/data/2076975/000149315226001917/formf-1a.htm
machine learning,False,DRS/A,DRS/A,2025-09-26,Braiin Ltd  (CIK 0002076975),,https://www.sec.gov/Archives/edgar/data/2076975/000149315225015031/filename1.htm
machine learning,False,S-4/A,S-4/A,2026-07-29,"McCarthy Finney, Inc.  (MCFN)  (CIK 0002131882)",FORM S-4 AMENDMENT NO. 3,https://www.sec.gov/Archives/edgar/data/2131882/000168316826005815/mccarthy_s4a3.htm
machine learning,False,10-K,10-K,2025-02-28,"AvidXchange Holdings, Inc.  (AVDX)  (CIK 0001858257)",10-K,https://www.sec.gov/Archives/edgar/data/1858257/000095017025029974/avdx-20241231.htm
machine learning,False,S-4,S-4,2026-05-14,"McCarthy Finney, Inc.  (CIK 0002131882)",FORM S-4,https://www.sec.gov/Archives/edgar/data/2131882/000168316826003921/mccarthyfinney_s4.htm
machine learning,False,PRE 14A,PRE 14A,2026-05-01,"Corvex, Inc.  (MOVE)  (CIK 0001734750)",PRE 14A,https://www.sec.gov/Archives/edgar/data/1734750/000114036126018404/ny20066593x1_pre14a.htm
machine learning,False,424B3,424B3,2026-08-11,"Zapata Quantum, Inc.  (ZPTA, ZPTAW)  (CIK 0001843714)",FORM 424B3,https://www.sec.gov/Archives/edgar/data/1843714/000168316826006205/zpat_424b3.htm
machine learning,True,40-F,EX-99.3,2026-02-12,"SUN LIFE FINANCIAL INC  (SLF, SLFIF, SLFQF, SUNFF)  (CIK 0001097362)",EX-99.3,https://www.sec.gov/Archives/edgar/data/1097362/000109736226000010/annualaifmasterlivemasterq.htm
machine learning,False,S-1/A,S-1/A,2026-07-09,"Zapata Quantum, Inc.  (ZPTA, ZPTAW)  (CIK 0001843714)",AMENDMENT NO 1,https://www.sec.gov/Archives/edgar/data/1843714/000168316826005402/zpat_s1a1.htm
machine learning,False,S-1/A,S-1/A,2025-08-01,InMed Pharmaceuticals Inc.  (INM)  (CIK 0001728328),PRE-EFFECTIVE AMENDMENT NO. 1 TO FORM S-1,https://www.sec.gov/Archives/edgar/data/1728328/000121390025070112/ea0249334-s1a1_inmed.htm
machine learning,False,S-1/A,S-1/A,2026-09-21,Fast Finance Pay Corp.  (FFPP)  (CIK 0002109616),S-1/A,https://www.sec.gov/Archives/edgar/data/2109616/000149315226043424/forms-1a.htm
machine learning,False,10-K,10-K,2026-03-31,"Beeline Holdings, Inc.  (BLNE)  (CIK 0001534708)",10-K,https://www.sec.gov/Archives/edgar/data/1534708/000149315226014135/form10-k.htm
machine learning,False,DEFR14A,DEFR14A,2025-06-09,Redwire Corp  (RDW)  (CIK 0001819810),DEFR14A,https://www.sec.gov/Archives/edgar/data/1819810/000162828025030099/redwire-defr14a.htm
machine learning,False,PREM14C,PREM14C,2026-08-12,"DOMO, INC.  (DOMO)  (CIK 0001505952)",PREM14C,https://www.sec.gov/Archives/edgar/data/1505952/000110465926094949/tm2621515-1_prem14c.htm
machine learning,False,ARS,ARS,2025-04-30,"AvidXchange Holdings, Inc.  (AVDX)  (CIK 0001858257)",ARS,https://www.sec.gov/Archives/edgar/data/1858257/000119312525107183/d865646dars.pdf
machine learning,False,20-F,20-F,2026-04-30,Nebius Group N.V.  (NBIS)  (CIK 0001513845),20-F,https://www.sec.gov/Archives/edgar/data/1513845/000110465926052948/nbis-20251231x20f.htm
machine learning,False,DEFM14C,DEFM14C,2026-08-24,"DOMO, INC.  (DOMO)  (CIK 0001505952)",DEFM14C,https://www.sec.gov/Archives/edgar/data/1505952/000110465926099866/tm2621515-3_defm14c.htm
machine learning,True,8-K,EX-2.1,2026-06-10,"Figure Technology Solutions, Inc.  (FGRS, FIGR)  (CIK 0002064124)",EX-2.1,https://www.sec.gov/Archives/edgar/data/2064124/000149315226028126/ex2-1.htm
machine learning,False,F-1/A,F-1/A,2025-05-29,ChowChow Cloud International Holdings Ltd  (CIK 0002041829),F-1/A,https://www.sec.gov/Archives/edgar/data/2041829/000164117225012773/formf-1a.htm
machine learning,False,6-K,6-K,2026-08-27,"PRUDENTIAL PLC  (PUK, PUKPF)  (CIK 0001116578)",6-K,https://www.sec.gov/Archives/edgar/data/1116578/000162828026059164/hyprelimreport.htm
machine learning,False,10-K,10-K,2026-04-09,"BEYOND MEAT, INC.  (BYND)  (CIK 0001655210)",BYND 10-K 2025,https://www.sec.gov/Archives/edgar/data/1655210/000165521026000022/bynd-20251231.htm
machine learning,False,6-K,6-K,2025-08-27,"PRUDENTIAL PLC  (PUK, PUKPF)  (CIK 0001116578)",FORM 6-K,https://www.sec.gov/Archives/edgar/data/1116578/000110465925083706/tm2523773d1_6k.htm
machine learning,False,DEF 14A,DEF 14A,2026-06-05,"Corvex, Inc.  (MOVE)  (CIK 0001734750)",DEF 14A,https://www.sec.gov/Archives/edgar/data/1734750/000114036126024310/ny20066593x3_def14a.htm
machine learning,False,S-1/A,S-1/A,2025-08-27,"Hartford Creative Group, Inc.  (HFUS)  (CIK 0001482554)",S-1/A,https://www.sec.gov/Archives/edgar/data/1482554/000164117225025730/forms-1a.htm
machine learning,False,424B4,424B4,2025-01-23,Diginex Ltd  (DGNX)  (CIK 0002010499),,https://www.sec.gov/Archives/edgar/data/2010499/000149315225003427/form424b4.htm
machine learning,False,PRER14A,PRER14A,2026-05-27,"Corvex, Inc.  (MOVE)  (CIK 0001734750)",PRER14A,https://www.sec.gov/Archives/edgar/data/1734750/000114036126023007/ny20066593x2_prer14a.htm
machine learning,False,424B3,424B3,2026-01-12,"Churchill Capital Corp IX/Cayman  (CCIX, CCIXU, CCIXW)  (CIK 0002006291); Plus Automation, Inc.  (CIK 0002086744)",424B3,https://www.sec.gov/Archives/edgar/data/2006291/000119312526010468/project_sigma_424b3.htm
machine learning,False,F-1/A,F-1/A,2026-08-21,UDynamics Ltd  (CIK 0002097903),REGISTRATION STATEMENT,https://www.sec.gov/Archives/edgar/data/2097903/000121390026092454/ea0264362-07.htm
machine learning,False,F-1,F-1,2026-02-27,UDynamics Ltd  (CIK 0002097903),REGISTRATION STATEMENT,https://www.sec.gov/Archives/edgar/data/2097903/000121390026021223/ea0264362-04.htm
machine learning,False,10-K,10-K,2025-03-26,Jet.AI Inc.  (JTAI)  (CIK 0001861622),,https://www.sec.gov/Archives/edgar/data/1861622/000164117225000794/form10-k.htm
machine learning,False,S-4,S-4,2025-09-19,"Churchill Capital Corp IX/Cayman  (CCIX, CCIXU, CCIXW)  (CIK 0002006291); Plus Automation, Inc.  (CIK 0002086744)",S-4,https://www.sec.gov/Archives/edgar/data/2006291/000119312525207719/ck0002006291-20250919.htm
machine learning,False,DRS/A,DRS/A,2026-05-14,Fast Finance Pay Corp.  (CIK 0002109616),,https://www.sec.gov/Archives/edgar/data/2109616/000149315226023001/filename1.htm
machine learning,False,S-1/A,S-1/A,2026-05-01,AIAI Holdings Corp  (AIAI)  (CIK 0002096362),S-1/A,https://www.sec.gov/Archives/edgar/data/2096362/000149315226020803/forms-1a.htm
machine learning,False,S-4/A,S-4/A,2025-12-30,"Churchill Capital Corp IX/Cayman  (CCIX, CCIXU, CCIXW)  (CIK 0002006291); Plus Automation, Inc.  (CIK 0002086744)",S-4/A,https://www.sec.gov/Archives/edgar/data/2006291/000119312525335940/ck0002006291-20251230.htm
machine learning,False,DRS/A,DRS/A,2026-01-27,UDynamics Ltd  (CIK 0002097903),,https://www.sec.gov/Archives/edgar/data/2097903/000121390026008092/filename1.htm
machine learning,False,S-1/A,S-1/A,2026-03-23,AIAI Holdings Corp  (AIAI)  (CIK 0002096362),S-1/A,https://www.sec.gov/Archives/edgar/data/2096362/000149315226012102/forms-1a.htm
machine learning,False,PREM14A,PREM14A,2026-04-15,"Allbirds, Inc.  (BIRD)  (CIK 0001653909)",PREM14A,https://www.sec.gov/Archives/edgar/data/1653909/000119312526155866/d39753dprem14a.htm
machine learning,False,DEF 14A,DEF 14A,2025-01-22,"MAXIMUS, INC.  (MMS)  (CIK 0001032220)",DEF 14A,https://www.sec.gov/Archives/edgar/data/1032220/000103222025000010/mms-20250121.htm
machine learning,False,S-1/A,S-1/A,2026-04-30,AIAI Holdings Corp  (AIAI)  (CIK 0002096362),S-1/A,https://www.sec.gov/Archives/edgar/data/2096362/000149315226020261/forms-1a.htm
machine learning,False,S-1/A,S-1/A,2026-04-08,AIAI Holdings Corp  (AIAI)  (CIK 0002096362),S-1/A,https://www.sec.gov/Archives/edgar/data/2096362/000149315226015707/forms-1a.htm
machine learning,False,S-4/A,S-4/A,2025-12-05,"Churchill Capital Corp IX/Cayman  (CCIX, CCIXU, CCIXW)  (CIK 0002006291); Plus Automation, Inc.  (CIK 0002086744)",S-4/A,https://www.sec.gov/Archives/edgar/data/2006291/000119312525309933/ck0002006291-20251205.htm
machine learning,False,POS AM,POS AM,2025-06-27,"bioAffinity Technologies, Inc.  (BIAF, BIAFW)  (CIK 0001712762)",POS AM,https://www.sec.gov/Archives/edgar/data/1712762/000164117225016927/formposam.htm
machine learning,False,S-1/A,S-1/A,2026-02-09,"Twenty One Capital, Inc.  (XXI)  (CIK 0002070457)",AMENDMENT NO. 1 TO FORM S-1,https://www.sec.gov/Archives/edgar/data/2070457/000121390026013482/ea0275941-s1a1_twenty.htm
machine learning,False,424B3,424B3,2026-02-12,"Twenty One Capital, Inc.  (XXI)  (CIK 0002070457)",PROSPECTUS,https://www.sec.gov/Archives/edgar/data/2070457/000121390026015676/ea0276552-424b3_twentyone.htm
machine learning,False,S-1,S-1,2026-01-05,"Twenty One Capital, Inc.  (XXI)  (CIK 0002070457)",REGISTRATION STATEMENT,https://www.sec.gov/Archives/edgar/data/2070457/000121390026001285/ea0270549-s1_twenty.htm
machine learning,False,S-1/A,S-1/A,2026-04-24,AIAI Holdings Corp  (AIAI)  (CIK 0002096362),S-1/A,https://www.sec.gov/Archives/edgar/data/2096362/000149315226018924/forms-1a.htm
machine learning,False,10-K,10-K,2026-03-31,"Zapata Quantum, Inc.  (ZPTA, ZPTAW)  (CIK 0001843714)",ANNUAL REPORT,https://www.sec.gov/Archives/edgar/data/1843714/000107997326000401/zpat_10k-123125.htm
machine learning,True,8-K,EX-2.1,2025-01-08,MATTHEWS INTERNATIONAL CORP  (MATW)  (CIK 0000063296),EX-2.1,https://www.sec.gov/Archives/edgar/data/63296/000119312525003242/d899504dex21.htm
machine learning,False,S-1/A,S-1/A,2026-03-04,AIAI Holdings Corp  (AIAI)  (CIK 0002096362),S-1/A,https://www.sec.gov/Archives/edgar/data/2096362/000149315226008887/forms-1a.htm
machine learning,False,S-1/A,S-1/A,2026-04-20,AIAI Holdings Corp  (AIAI)  (CIK 0002096362),S-1/A,https://www.sec.gov/Archives/edgar/data/2096362/000149315226018040/forms-1a.htm
machine learning,False,S-1,S-1,2026-06-05,"Zapata Quantum, Inc.  (ZPTA, ZPTAW)  (CIK 0001843714)",FORM S-1,https://www.sec.gov/Archives/edgar/data/1843714/000168316826004579/zpat_s1.htm
machine learning,False,F-4/A,F-4/A,2026-06-25,Bleichroeder Acquisition France Merger Sub 2  (PSQL)  (CIK 0002119292); Pasqal Holding SAS  (CIK 0002122325); Bleichroeder Acquisition Corp. II  (CIK 0002088295),REGISTRATION STATEMENT,https://www.sec.gov/Archives/edgar/data/2119292/000121390026071788/ea0282861-04.htm
machine learning,False,F-1,F-1,2026-09-29,VCI Global Ltd  (VCIG)  (CIK 0001930510),REGISTRATION STATEMENT,https://www.sec.gov/Archives/edgar/data/1930510/000121390026104630/ea0306911-f1_vciglobal.htm
machine learning,False,424B3,424B3,2025-01-23,Diginex Ltd  (DGNX)  (CIK 0002010499),,https://www.sec.gov/Archives/edgar/data/2010499/000149315225003436/form424b3.htm
machine learning,False,DRS,DRS,2025-11-24,AIAI Holdings Corp  (CIK 0002096362),,https://www.sec.gov/Archives/edgar/data/2096362/000149315225024734/filename1.htm
machine learning,False,DRS,DRS,2025-01-28,OTSAW Ltd  (CIK 0002046462),,https://www.sec.gov/Archives/edgar/data/2046462/000121390025007614/filename1.htm
machine learning,False,DRS,DRS,2026-03-02,WinVest Holdings Corp.  (CIK 0002104943); WinVest Acquisition Corp.  (CIK 0001854463); Embed Financial Group Cayman Holdings  (CIK 0002104917),,https://www.sec.gov/Archives/edgar/data/2104943/000121390026022091/filename1.htm
machine learning,False,424B3,424B3,2025-02-27,Diginex Ltd  (DGNX)  (CIK 0002010499),,https://www.sec.gov/Archives/edgar/data/2010499/000149315225008534/form424b3.htm
machine learning,False,S-4,S-4,2026-05-14,"Iron Horse Acquisition II Corp.  (IRHO, IRHOR, IRHOU)  (CIK 0002051985); Electra Vehicles, Inc.  (CIK 0002134212)",REGISTRATION STATEMENT,https://www.sec.gov/Archives/edgar/data/2051985/000121390026056865/ea0289268-01.htm
machine learning,False,20-F,20-F,2025-04-29,Mogo Inc.  (MOGO)  (CIK 0001602842),20-F,https://www.sec.gov/Archives/edgar/data/1602842/000095017025060208/mogo-20241231.htm
machine learning,False,S-4/A,S-4/A,2026-01-12,"Churchill Capital Corp IX/Cayman  (CCIX, CCIXU, CCIXW)  (CIK 0002006291); Plus Automation, Inc.  (CIK 0002086744)",S-4/A,https://www.sec.gov/Archives/edgar/data/2006291/000119312526009645/ck0002006291-20260112.htm
machine learning,False,DRS/A,DRS/A,2025-02-28,ChowChow Cloud International Holdings Ltd  (CIK 0002041829),,https://www.sec.gov/Archives/edgar/data/2041829/000149315225008591/filename1.htm
machine learning,False,DRS/A,DRS/A,2025-02-10,ChowChow Cloud International Holdings Ltd  (CIK 0002041829),,https://www.sec.gov/Archives/edgar/data/2041829/000149315225005658/filename1.htm
machine learning,False,F-1,F-1,2025-02-13,Diginex Ltd  (DGNX)  (CIK 0002010499),,https://www.sec.gov/Archives/edgar/data/2010499/000149315225006197/formf-1.htm
machine learning,False,POS AM,POS AM,2026-04-01,"Twenty One Capital, Inc.  (XXI)  (CIK 0002070457)",POST-EFFECTIVE AMENDMENT NO. 1 TO FORM S-1,https://www.sec.gov/Archives/edgar/data/2070457/000121390026037806/ea0282034-posam1_twenty.htm
machine learning,False,DRS,DRS,2025-05-16,Diginex Ltd  (DGNX)  (CIK 0002010499),,https://www.sec.gov/Archives/edgar/data/2010499/000164117225011297/filename1.htm
machine learning,False,424B3,424B3,2026-04-07,"Twenty One Capital, Inc.  (XXI)  (CIK 0002070457)",PROSPECTUS,https://www.sec.gov/Archives/edgar/data/2070457/000121390026040725/ea0285344-424b3_twenty.htm
machine learning,False,DEF 14A,DEF 14A,2025-04-08,CONDUENT Inc  (CNDT)  (CIK 0001677703),DEF 14A,https://www.sec.gov/Archives/edgar/data/1677703/000167770325000062/cndt-20250407.htm
machine learning,False,S-4,S-4,2026-05-27,"SOUNDHOUND AI, INC.  (SOUN, SOUNW)  (CIK 0001840856)",REGISTRATION STATEMENT,https://www.sec.gov/Archives/edgar/data/1840856/000121390026061593/ea0292090-01.htm
machine learning,False,DRS/A,DRS/A,2025-01-13,ChowChow Cloud International Holdings Ltd  (CIK 0002041829),,https://www.sec.gov/Archives/edgar/data/2041829/000149315225001833/filename1.htm
machine learning,False,S-4/A,S-4/A,2026-09-23,"Blockfusion Digital Infrastructure, Inc.  (BLDC)  (CIK 0002097508); Blockfusion USA, Inc.  (CIK 0001910992)",FORM S-4/A,https://www.sec.gov/Archives/edgar/data/2097508/000118518526004213/bldcs4a4091826.htm
machine learning,False,F-1,F-1,2025-04-01,ChowChow Cloud International Holdings Ltd  (CIK 0002041829),,https://www.sec.gov/Archives/edgar/data/2041829/000164117225001938/formf-1.htm
machine learning,False,S-1,S-1,2026-08-12,Fast Finance Pay Corp.  (CIK 0002109616),S-1,https://www.sec.gov/Archives/edgar/data/2109616/000149315226037415/forms-1.htm
machine learning,False,DRS/A,DRS/A,2025-03-19,ChowChow Cloud International Holdings Ltd  (CIK 0002041829),,https://www.sec.gov/Archives/edgar/data/2041829/000149315225010898/filename1.htm
machine learning,False,DRS,DRS,2025-07-21,Jet.AI Inc.  (JTAI)  (CIK 0001861622),,https://www.sec.gov/Archives/edgar/data/1861622/000164117225020326/filename1.htm
machine learning,False,10-K,10-K,2026-07-29,"PharmaCyte Biotech, Inc.  (PMCB)  (CIK 0001157075)",FORM 10-K FOR APRIL 2026,https://www.sec.gov/Archives/edgar/data/1157075/000168316826005836/pharmacyte_i10k-043026.htm
machine learning,False,DRS/A,DRS/A,2026-03-27,WinVest Holdings Corp.  (CIK 0002104943); WinVest Acquisition Corp.  (CIK 0001854463); Embed Financial Group Cayman Holdings  (CIK 0002104917),,https://www.sec.gov/Archives/edgar/data/2104943/000121390026035261/filename1.htm
machine learning,False,ARS,ARS,2025-03-26,DraftKings Inc.  (DKNG)  (CIK 0001883685),ARS,https://www.sec.gov/Archives/edgar/data/1883685/000110465925028289/tm252515d4_ars.pdf
machine learning,False,10-K,10-K,2025-06-11,23andMe Holding Co.  (MEHCQ)  (CIK 0001804591),10-K,https://www.sec.gov/Archives/edgar/data/1804591/000162828025030786/mehcq-20250331.htm
machine learning,False,DRS/A,DRS/A,2025-03-26,OTSAW Ltd  (CIK 0002046462),,https://www.sec.gov/Archives/edgar/data/2046462/000101376225002776/filename1.htm
machine learning,False,F-4,F-4,2026-05-27,Embed Financial Group Holdings  (CIK 0002104943); WinVest Acquisition Corp.  (CIK 0001854463); Embed Financial Group Cayman Holdings  (CIK 0002104917),REGISTRATION STATEMENT,https://www.sec.gov/Archives/edgar/data/2104943/000121390026061585/ea0275759-03.htm
machine learning,False,S-1,S-1,2026-01-26,AIAI Holdings Corp  (CIK 0002096362),S-1,https://www.sec.gov/Archives/edgar/data/2096362/000149315226003639/forms-1.htm
machine learning,False,424B3,424B3,2026-07-09,"SOUNDHOUND AI, INC.  (SOUN, SOUNW)  (CIK 0001840856)",PROSPECTUS,https://www.sec.gov/Archives/edgar/data/1840856/000121390026076737/ea0292090-04.htm
machine learning,False,S-4/A,S-4/A,2026-07-02,"SOUNDHOUND AI, INC.  (SOUN, SOUNW)  (CIK 0001840856)",REGISTRATION STATEMENT,https://www.sec.gov/Archives/edgar/data/1840856/000121390026075095/ea0292090-02.htm
machine learning,False,S-4/A,S-4/A,2026-07-08,"SOUNDHOUND AI, INC.  (SOUN, SOUNW)  (CIK 0001840856)",REGISTRATION STATEMENT,https://www.sec.gov/Archives/edgar/data/1840856/000121390026076371/ea0292090-03.htm
machine learning,False,DEFR14A,DEFR14A,2026-04-06,CONDUENT Inc  (CNDT)  (CIK 0001677703),DEFR14A,https://www.sec.gov/Archives/edgar/data/1677703/000167770326000049/cndt-20260406.htm
machine learning,False,DRS,DRS,2025-07-14,Braiin Ltd  (CIK 0002076975),,https://www.sec.gov/Archives/edgar/data/2076975/000121390025063757/filename1.htm
machine learning,False,DEFM14A,DEFM14A,2026-07-09,LIVEPERSON INC  (LPSN)  (CIK 0001102993),PROXY STATEMENT,https://www.sec.gov/Archives/edgar/data/1102993/000121390026076759/ea0297465-01.htm
machine learning,True,8-K,EX-2.1,2025-12-22,CACI INTERNATIONAL INC /DE/  (CACI)  (CIK 0000016058),EX-2.1,https://www.sec.gov/Archives/edgar/data/16058/000162828025058393/purchaseagreementarka.htm
machine learning,False,S-1/A,S-1/A,2025-02-19,"Kiromic Biopharma, Inc.  (KRBP)  (CIK 0001792581)",FORM S-1/A,https://www.sec.gov/Archives/edgar/data/1792581/000143774925004407/krbp20250210_s1a.htm
machine learning,False,DEF 14A,DEF 14A,2026-04-03,CONDUENT Inc  (CNDT)  (CIK 0001677703),DEF 14A,https://www.sec.gov/Archives/edgar/data/1677703/000167770326000043/cndt-20260403.htm
machine learning,False,424B3,424B3,2026-02-17,"BlockchAIn Digital Infrastructure, Inc.  (AIB)  (CIK 0002070542)",PROSPECTUS,https://www.sec.gov/Archives/edgar/data/2070542/000121390026017308/ea0276744-424b3_block.htm
machine learning,False,S-1/A,S-1/A,2025-04-10,"AIRO Group Holdings, Inc.  (AIRO)  (CIK 0001927958)",,https://www.sec.gov/Archives/edgar/data/1927958/000164117225003518/forms-1a.htm
machine learning,False,20-F,20-F,2026-04-30,Orion Digital Corp.  (ORIO)  (CIK 0001602842),20-F,https://www.sec.gov/Archives/edgar/data/1602842/000119312526197914/mogo-20251231.htm
machine learning,False,ARS,ARS,2025-10-24,ScanTech AI Systems Inc.  (STAI)  (CIK 0001994624),ARS,https://www.sec.gov/Archives/edgar/data/1994624/000110465925102158/tm2529459d1_ars.pdf
machine learning,False,S-4/A,S-4/A,2026-01-30,"BlockchAIn Digital Infrastructure, Inc.  (AIB)  (CIK 0002070542)",AMENDMENT NO. 4 TO FORM S-4,https://www.sec.gov/Archives/edgar/data/2070542/000121390026009858/ea0274713-s4a4_block.htm
machine learning,False,S-1/A,S-1/A,2025-05-02,"Hartford Creative Group, Inc.  (HFUS, HFUSD)  (CIK 0001482554)",S-1/A,https://www.sec.gov/Archives/edgar/data/1482554/000164117225008342/forms-1a.htm
machine learning,False,10-K,10-K,2025-05-14,ScanTech AI Systems Inc.  (STAI)  (CIK 0001994624),10-K,https://www.sec.gov/Archives/edgar/data/1994624/000141057825001275/tmb-20241231x10k.htm
machine learning,False,S-1/A,S-1/A,2025-09-24,Eva Live Inc  (GOAI)  (CIK 0001983736),S-1/A,https://www.sec.gov/Archives/edgar/data/1983736/000149315225014781/forms-1a.htm
machine learning,False,F-1/A,F-1/A,2025-07-07,OTSAW Ltd  (OTSA)  (CIK 0002046462),REGISTRATION STATMENT,https://www.sec.gov/Archives/edgar/data/2046462/000121390025061733/ea0227213-08.htm
machine learning,False,S-4/A,S-4/A,2026-01-21,"BlockchAIn Digital Infrastructure, Inc.  (AIB)  (CIK 0002070542)",AMENDMENT NO. 2 TO FORM S-4,https://www.sec.gov/Archives/edgar/data/2070542/000121390026005984/ea0273276-s4a2_block.htm
machine learning,True,8-K,EX-2.1,2025-11-10,"BigBear.ai Holdings, Inc.  (BBAI, BBAI-WT)  (CIK 0001836981)",EX-2.1,https://www.sec.gov/Archives/edgar/data/1836981/000183698125000025/exhibit21projectatlas-me.htm
machine learning,True,8-K,EX-10.1,2025-09-25,FEDERAL SIGNAL CORP /DE/  (FSS)  (CIK 0000277509),EQUITY PURCHASE AGREEMENT,https://www.sec.gov/Archives/edgar/data/277509/000162828025042691/ex101fscnewwayequitypurc.htm
machine learning,False,S-1,S-1,2025-02-21,"AIRO Group Holdings, Inc.  (CIK 0001927958)",,https://www.sec.gov/Archives/edgar/data/1927958/000149315225007934/forms-1.htm
machine learning,False,DRS,DRS,2025-11-12,"Securitize Holdings, Inc.  (CIK 0002094496); Securitize, Inc.  (CIK 0001762096)",,https://www.sec.gov/Archives/edgar/data/2094496/000121390025108962/filename1.htm
machine learning,False,DRS/A,DRS/A,2025-05-23,OTSAW Ltd  (CIK 0002046462),,https://www.sec.gov/Archives/edgar/data/2046462/000121390025047247/filename1.htm
machine learning,True,8-K,EX-2.1,2025-03-18,"CSW INDUSTRIALS, INC.  (CSWI)  (CIK 0001624794)",EX-2.1,https://www.sec.gov/Archives/edgar/data/1624794/000119312525056730/d938973dex21.htm
machine learning,False,DRS,DRS,2026-02-17,Game Your Game Inc.  (CIK 0002111846),,https://www.sec.gov/Archives/edgar/data/2111846/000121390026017384/filename1.htm
machine learning,False,DEFM14A,DEFM14A,2026-08-06,"Bleichroeder Acquisition Corp. II  (BBCQ, BBCQU, BBCQW)  (CIK 0002088295)",PROXY STATEMENT,https://www.sec.gov/Archives/edgar/data/2088295/000121390026085816/ea0300825-01.htm
machine learning,False,S-4,S-4,2025-12-01,"BlockchAIn Digital Infrastructure, Inc.  (CIK 0002070542)",REGISTRATION STATEMENT,https://www.sec.gov/Archives/edgar/data/2070542/000121390025116271/ea0266866-s4_block.htm
machine learning,False,S-4/A,S-4/A,2025-12-23,"BlockchAIn Digital Infrastructure, Inc.  (AIB)  (CIK 0002070542)",AMENDMENT NO. 1 TO FORM S-4,https://www.sec.gov/Archives/edgar/data/2070542/000121390025125415/ea0270475-s4a1_block.htm
machine learning,True,8-K,EX-2.1,2026-04-28,"Pioneer Bancorp, Inc./MD  (PBFS)  (CIK 0001769663)",EX-2.1,https://www.sec.gov/Archives/edgar/data/1769663/000110465926049906/pbfs-20260424xex2d1.htm
machine learning,False,PRE 14A,PRE 14A,2025-02-13,"cbdMD, Inc.  (YCBD, YCBD-PA)  (CIK 0001644903)",FORM PRE 14A,https://www.sec.gov/Archives/edgar/data/1644903/000143774925003756/ycbd20250212_pre14a.htm
machine learning,False,F-4/A,F-4/A,2026-07-31,Bleichroeder Acquisition France Merger Sub 2  (PSQL)  (CIK 0002119292); Pasqal Holding SAS  (CIK 0002122325); Bleichroeder Acquisition Corp. II  (CIK 0002088295),REGISTRATION STATEMENT,https://www.sec.gov/Archives/edgar/data/2119292/000121390026084072/ea0282861-08.htm
machine learning,False,424B3,424B3,2026-08-05,Bleichroeder Acquisition France Merger Sub 2  (PSQL)  (CIK 0002119292); Pasqal Holding SAS  (CIK 0002122325); Bleichroeder Acquisition Corp. II  (CIK 0002088295),PROSPECTUS,https://www.sec.gov/Archives/edgar/data/2119292/000121390026085694/ea0282861-11.htm
machine learning,False,F-1,F-1,2025-06-09,OTSAW Ltd  (CIK 0002046462),REGISTRATION STATEMENT,https://www.sec.gov/Archives/edgar/data/2046462/000121390025052720/ea0227213-06.htm
machine learning,False,F-1/A,F-1/A,2025-07-16,OTSAW Ltd  (OTSA)  (CIK 0002046462),REGISTRATION STATEMENT,https://www.sec.gov/Archives/edgar/data/2046462/000121390025064434/ea0227213-10.htm
machine learning,False,F-1/A,F-1/A,2025-07-16,OTSAW Ltd  (OTSA)  (CIK 0002046462),REGISTRATION STATEMENT,https://www.sec.gov/Archives/edgar/data/2046462/000121390025064434/ea0227213-10.htm
machine learning,False,S-1/A,S-1/A,2025-05-20,"AIRO Group Holdings, Inc.  (CIK 0001927958)",S-1/A,https://www.sec.gov/Archives/edgar/data/1927958/000164117225011785/forms-1a.htm
machine learning,False,S-1/A,S-1/A,2025-11-20,Eva Live Inc  (GOAI)  (CIK 0001983736),S-1/A,https://www.sec.gov/Archives/edgar/data/1983736/000149315225024349/forms-1a.htm
machine learning,False,DEF 14A,DEF 14A,2025-02-25,"cbdMD, Inc.  (YCBD, YCBD-PA)  (CIK 0001644903)",FORM DEF 14A,https://www.sec.gov/Archives/edgar/data/1644903/000143774925004928/ycbd20250224_def14a.htm
machine learning,True,40-F,EX-99.1,2026-03-09,PRECISION DRILLING Corp  (PDS)  (CIK 0001013605),PDF COURTESY COPY,https://www.sec.gov/Archives/edgar/data/1013605/000101360526000014/pds-ex99_1.pdf
machine learning,False,F-4/A,F-4/A,2026-07-23,Bleichroeder Acquisition France Merger Sub 2  (PSQL)  (CIK 0002119292); Pasqal Holding SAS  (CIK 0002122325); Bleichroeder Acquisition Corp. II  (CIK 0002088295),REGISTRATION STATEMENT,https://www.sec.gov/Archives/edgar/data/2119292/000121390026080591/ea0282861-06.htm
machine learning,False,DRS/A,DRS/A,2025-04-28,"Lincoln International, Inc.  (CIK 0001925283)",,https://www.sec.gov/Archives/edgar/data/1925283/000095012325003763/filename1.htm
machine learning,True,10-Q,EX-10.1,2025-12-09,OOMA INC  (OOMA)  (CIK 0001327688),EX-10.1,https://www.sec.gov/Archives/edgar/data/1327688/000119312525312961/ooma-ex10_1.htm
machine learning,False,S-1,S-1,2025-09-08,"AIRO Group Holdings, Inc.  (AIRO)  (CIK 0001927958)",S-1,https://www.sec.gov/Archives/edgar/data/1927958/000149315225012813/forms-1.htm
machine learning,False,10-K,10-K,2025-03-12,"SMITH MICRO SOFTWARE, INC.  (SMSI)  (CIK 0000948708)",10-K,https://www.sec.gov/Archives/edgar/data/948708/000094870825000004/smsi-20241231.htm
machine learning,True,40-F,EX-99.3,2026-02-12,TELUS CORP  (TU)  (CIK 0000868675),EXHIBIT-99.3,https://www.sec.gov/Archives/edgar/data/868675/000110465926013854/tu-20251231xex99d3.htm
machine learning,False,ARS,ARS,2025-04-23,"SMITH MICRO SOFTWARE, INC.  (SMSI)  (CIK 0000948708)",ARS,https://www.sec.gov/Archives/edgar/data/948708/000094870825000007/a2024ars.pdf
machine learning,True,40-F,EX-99.3,2025-02-13,TELUS CORP  (TU)  (CIK 0000868675),EXHIBIT 99.3,https://www.sec.gov/Archives/edgar/data/868675/000110465925012533/tu-20241231xex99d3.htm
machine learning,False,DRS/A,DRS/A,2025-06-04,"Lincoln International, Inc.  (CIK 0001925283)",,https://www.sec.gov/Archives/edgar/data/1925283/000162828025029195/filename1.htm
machine learning,False,POS AM,POS AM,2026-03-31,"Churchill Capital Corp IX/Cayman  (CCIX, CCIXU, CCIXW)  (CIK 0002006291); Plus Automation, Inc.  (CIK 0002086744)",POS AM,https://www.sec.gov/Archives/edgar/data/2006291/000119312526134966/ck0002006291-20260331.htm
machine learning,False,DRS/A,DRS/A,2025-02-13,"Circle Internet Group, Inc.  (CIK 0001876042)",,https://www.sec.gov/Archives/edgar/data/1876042/000095012325001965/filename1.htm
machine learning,False,DRS,DRS,2025-08-29,"AIRO Group Holdings, Inc.  (AIRO)  (CIK 0001927958)",,https://www.sec.gov/Archives/edgar/data/1927958/000164117225026038/filename1.htm
machine learning,False,DRS,DRS,2025-12-12,AIR Holdings Ltd  (CIK 0002097725),,https://www.sec.gov/Archives/edgar/data/2097725/000119312525317314/filename1.htm
machine learning,False,N-CSR,N-CSR,2026-06-05,Voya Separate Portfolios Trust  (CIK 0001392116),N-CSR,https://www.sec.gov/Archives/edgar/data/1392116/000110465926070991/tm269275d2_ncsr.htm
machine learning,False,424B3,424B3,2026-04-03,"Churchill Capital Corp IX/Cayman  (CCIX, CCIXU, CCIXW)  (CIK 0002006291)",424B3,https://www.sec.gov/Archives/edgar/data/2006291/000119312526142368/ccixplusai_-_424b3_april.htm
machine learning,False,ARS,ARS,2026-10-07,"CISO Global, Inc.  (CISO)  (CIK 0001777319)",ARS,https://www.sec.gov/Archives/edgar/data/1777319/000149315226046155/formars.pdf
machine learning,False,S-4/A,S-4/A,2026-05-20,"Securitize Holdings, Inc.  (SECZ)  (CIK 0002094496); Securitize, Inc.  (CIK 0001762096)",REGISTRATION STATEMENT,https://www.sec.gov/Archives/edgar/data/2094496/000121390026059300/ea0264119-09.htm
machine learning,False,N-CSR,N-CSR,2026-03-06,Advisors' Inner Circle Fund III  (CIK 0001593547),,https://www.sec.gov/Archives/edgar/data/1593547/000139834426004785/fp0097186-2_ncsrixbrl.htm
machine learning,False,10-K,10-K,2026-03-30,"CISO Global, Inc.  (CISO)  (CIK 0001777319)",10-K,https://www.sec.gov/Archives/edgar/data/1777319/000149315226013324/form10-k.htm
machine learning,False,20-F,20-F,2025-05-13,VCI Global Ltd  (VCIG)  (CIK 0001930510),ANNUAL REPORT,https://www.sec.gov/Archives/edgar/data/1930510/000121390025042476/ea0239288-20f_vciglobal.htm
machine learning,False,10-K,10-K,2025-02-14,DraftKings Inc.  (DKNG)  (CIK 0001883685),10-K,https://www.sec.gov/Archives/edgar/data/1883685/000188368525000010/dkng-20241231.htm
machine learning,False,424B3,424B3,2026-06-05,"Securitize Holdings, Inc.  (SECZ)  (CIK 0002094496); Securitize, Inc.  (CIK 0001762096)",PROSPECTUS,https://www.sec.gov/Archives/edgar/data/2094496/000121390026065825/ea0264119-11.htm
machine learning,False,S-1,S-1,2026-04-15,"Merlin, Inc.  (MRLN)  (CIK 0002028707)",REGISTRATION STATEMENT,https://www.sec.gov/Archives/edgar/data/2028707/000121390026044057/ea0284531-02.htm
machine learning,False,10-K,10-K,2025-04-15,"Banzai International, Inc.  (BNZI, BNZIW)  (CIK 0001826011)",10-K,https://www.sec.gov/Archives/edgar/data/1826011/000095017025054303/bnzi-20241231.htm
machine learning,False,S-4/A,S-4/A,2026-05-08,"Securitize Holdings, Inc.  (SECZ)  (CIK 0002094496); Securitize, Inc.  (CIK 0001762096)",REGISTRATION STATEMENT,https://www.sec.gov/Archives/edgar/data/2094496/000121390026053457/ea0264119-07.htm
machine learning,False,S-4/A,S-4/A,2026-04-13,"Securitize Holdings, Inc.  (SECZ)  (CIK 0002094496); Securitize, Inc.  (CIK 0001762096)",REGISTRATION STATEMENT,https://www.sec.gov/Archives/edgar/data/2094496/000121390026042685/ea0264119-04.htm
machine learning,False,DEFM14A,DEFM14A,2026-06-05,"Cantor Equity Partners II, Inc.  (CEPT)  (CIK 0002034269)",PROXY STATEMENT,https://www.sec.gov/Archives/edgar/data/2034269/000121390026065822/ea0293597-01.htm
machine learning,False,DRS/A,DRS/A,2026-03-24,"Lincoln International, Inc.  (CIK 0001925283)",,https://www.sec.gov/Archives/edgar/data/1925283/000162827926000332/filename1.htm
machine learning,False,F-1/A,F-1/A,2025-02-12,Going International Holding Co Ltd  (CIK 0001968532),REGISTRATION STATEMENT,https://www.sec.gov/Archives/edgar/data/1968532/000121390025012962/ea0201982-05.htm
machine learning,True,8-K,EX-2.1,2026-04-15,"Leidos Holdings, Inc.  (LDOS)  (CIK 0001336920)",EX-2.1,https://www.sec.gov/Archives/edgar/data/1336920/000119312526155884/d148240dex21.htm
machine learning,False,N-CSR,N-CSR,2025-03-10,Advisors' Inner Circle Fund III  (CIK 0001593547),,https://www.sec.gov/Archives/edgar/data/1593547/000139834425005296/fp0091938-1_ncsrixbrl.htm
machine learning,True,8-K,EX-2.1,2025-01-03,"NU SKIN ENTERPRISES, INC.  (NUS)  (CIK 0001021561)",UNIT PURCHASE AGREEMENT,https://www.sec.gov/Archives/edgar/data/1021561/000114036125000113/ef20041017_ex2-1.htm
machine learning,False,424B3,424B3,2025-08-12,"MOBIX LABS, INC  (MOBX, MOBXW)  (CIK 0001855467)",424B3,https://www.sec.gov/Archives/edgar/data/1855467/000149315225011857/form424b3.htm
machine learning,True,6-K,EX-99.1,2026-02-17,ZIM Integrated Shipping Services Ltd.  (ZIM)  (CIK 0001654126),EXHIBIT 99.1,https://www.sec.gov/Archives/edgar/data/1654126/000117891326000483/exhibit_99-1.htm
machine learning,False,424B3,424B3,2026-04-21,"Merlin, Inc.  (MRLN)  (CIK 0002028707)",PROSPECTUS,https://www.sec.gov/Archives/edgar/data/2028707/000121390026045780/ea0284531-03.htm
machine learning,False,DRS,DRS,2025-03-10,"Invea Therapeutics, Inc  (CIK 0001906425)",,https://www.sec.gov/Archives/edgar/data/1906425/000121390025022187/filename1.htm
machine learning,False,DRS/A,DRS/A,2026-02-06,"Lincoln International, Inc.  (CIK 0001925283)",,https://www.sec.gov/Archives/edgar/data/1925283/000162827926000087/filename1.htm
machine learning,True,10-K,EX-10.24,2026-04-03,OOMA INC  (OOMA)  (CIK 0001327688),EX-10.24,https://www.sec.gov/Archives/edgar/data/1327688/000132768826000009/ooma-ex10_24.htm
machine learning,False,10-K,10-K,2025-03-31,"CISO Global, Inc.  (CISO)  (CIK 0001777319)",,https://www.sec.gov/Archives/edgar/data/1777319/000164117225001660/form10-k.htm
machine learning,False,10-Q,10-Q,2026-05-07,"BEYOND MEAT, INC.  (BYND)  (CIK 0001655210)",10-Q BYND Q1 2026,https://www.sec.gov/Archives/edgar/data/1655210/000165521026000037/bynd-20260328.htm
machine learning,False,DEF 14A,DEF 14A,2026-04-23,"Sinclair, Inc.  (SBGI)  (CIK 0001971213)",DEF 14A,https://www.sec.gov/Archives/edgar/data/1971213/000197121326000017/sbgi-20260422.htm
machine learning,False,F-1/A,F-1/A,2025-02-19,SAGTEC GLOBAL Ltd  (SAGT)  (CIK 0002029138),REGISTRATION STATEMENT,https://www.sec.gov/Archives/edgar/data/2029138/000121390025015247/ea0211571-09.htm
machine learning,False,DRS/A,DRS/A,2025-03-06,TechCreate Group Ltd.  (CIK 0002047190),,https://www.sec.gov/Archives/edgar/data/2047190/000149315225009278/filename1.htm
machine learning,False,424B4,424B4,2025-06-16,"AIRO Group Holdings, Inc.  (AIRO)  (CIK 0001927958)",424B4,https://www.sec.gov/Archives/edgar/data/1927958/000164117225015147/form424b4.htm
machine learning,False,424B4,424B4,2026-05-21,"Lincoln International, Inc.  (LCLN)  (CIK 0001925283)",424B4,https://www.sec.gov/Archives/edgar/data/1925283/000162828026037044/lincolninternational-424b4.htm
machine learning,True,8-K,EX-2.1,2026-09-08,FRANKLIN ELECTRIC CO INC  (FELE)  (CIK 0000038725),EX-2.1,https://www.sec.gov/Archives/edgar/data/38725/000003872526000062/a09042026ex21catpumpscorpa.htm
machine learning,False,F-1/A,F-1/A,2025-09-02,TechCreate Group Ltd.  (TCGL)  (CIK 0002047190),F-1/A,https://www.sec.gov/Archives/edgar/data/2047190/000164117225026169/formf-1a.htm
machine learning,False,DRS/A,DRS/A,2025-06-09,TechCreate Group Ltd.  (CIK 0002047190),,https://www.sec.gov/Archives/edgar/data/2047190/000164117225014192/filename1.htm
machine learning,False,F-1/A,F-1/A,2025-09-19,TechCreate Group Ltd.  (TCGL)  (CIK 0002047190),F-1/A,https://www.sec.gov/Archives/edgar/data/2047190/000149315225014170/formf-1a.htm
machine learning,False,DEFM14A,DEFM14A,2026-01-12,"Inspirato Inc  (ISPO, ISPOW)  (CIK 0001820566)",DEFM14A,https://www.sec.gov/Archives/edgar/data/1820566/000182056626000005/ispo-20260112.htm
machine learning,False,424B4,424B4,2025-03-07,SAGTEC GLOBAL Ltd  (SAGT)  (CIK 0002029138),PROSPECTUS,https://www.sec.gov/Archives/edgar/data/2029138/000121390025021563/ea0211571-11.htm
machine learning,False,DRS/A,DRS/A,2026-02-17,AIR Holdings Ltd  (CIK 0002097725); AIR Ltd  (CIK 0002109429),,https://www.sec.gov/Archives/edgar/data/2097725/000119312526051909/filename1.htm
machine learning,False,F-1,F-1,2025-07-29,TechCreate Group Ltd.  (CIK 0002047190),F-1,https://www.sec.gov/Archives/edgar/data/2047190/000164117225021315/formf1.htm
machine learning,False,S-1/A,S-1/A,2026-05-11,"Lincoln International, Inc.  (LCLN)  (CIK 0001925283)",S-1/A,https://www.sec.gov/Archives/edgar/data/1925283/000162828026033128/lincolninternational-sx1a.htm
machine learning,False,424B4,424B4,2025-10-15,TechCreate Group Ltd.  (TCGL)  (CIK 0002047190),424B4,https://www.sec.gov/Archives/edgar/data/2047190/000149315225018140/form424b4.htm
machine learning,False,DEF 14A,DEF 14A,2025-12-15,"Banzai International, Inc.  (BNZI, BNZIW)  (CIK 0001826011)",DEF 14A,https://www.sec.gov/Archives/edgar/data/1826011/000149315225027736/formdef14a.htm
machine learning,False,DRS,DRS,2026-02-09,Fast Finance Pay Corp.  (CIK 0002109616),,https://www.sec.gov/Archives/edgar/data/2109616/000149315226005765/filename1.htm
machine learning,False,S-1,S-1,2026-04-24,"Lincoln International, Inc.  (CIK 0001925283)",S-1,https://www.sec.gov/Archives/edgar/data/1925283/000162828026027260/lincolninternational-sx1xa.htm
machine learning,False,F-1/A,F-1/A,2025-08-20,TechCreate Group Ltd.  (TCGL)  (CIK 0002047190),F-1/A,https://www.sec.gov/Archives/edgar/data/2047190/000164117225024899/formf-1a.htm
machine learning,False,424B4,424B4,2025-09-12,"AIRO Group Holdings, Inc.  (AIRO)  (CIK 0001927958)",424B4,https://www.sec.gov/Archives/edgar/data/1927958/000149315225013119/form424b4.htm
machine learning,False,ARS,ARS,2026-04-16,"SMITH MICRO SOFTWARE, INC.  (SMSI)  (CIK 0000948708)",FORM ARS,https://www.sec.gov/Archives/edgar/data/948708/000143774926012560/smsi20260414_ars.pdf
machine learning,False,DEF 14A,DEF 14A,2026-04-03,"Mondelez International, Inc.  (MDLZ)  (CIK 0001103982)",DEFINITIVE PROXY STATEMENT,https://www.sec.gov/Archives/edgar/data/1103982/000162828026023640/mdlz_courtesy-pdfa.pdf
machine learning,False,S-1/A,S-1/A,2026-05-14,"Lincoln International, Inc.  (LCLN)  (CIK 0001925283)",S-1/A,https://www.sec.gov/Archives/edgar/data/1925283/000162828026035230/lincolninternational-sx1a2.htm
machine learning,False,DRS,DRS,2025-07-08,"BlockchAIn Digital Infrastructure, Inc.  (CIK 0002070542)",,https://www.sec.gov/Archives/edgar/data/2070542/000121390025062019/filename1.htm
machine learning,False,DEF 14A,DEF 14A,2026-04-03,"Mondelez International, Inc.  (MDLZ)  (CIK 0001103982)",DEFINITIVE PROXY STATEMENT,https://www.sec.gov/Archives/edgar/data/1103982/000162828026023640/mdlz-20260403.htm
machine learning,False,424B3,424B3,2026-04-22,AIR Holdings Ltd  (AIIR)  (CIK 0002097725); AIR Ltd  (CIK 0002109429),424B3,https://www.sec.gov/Archives/edgar/data/2097725/000119312526170549/project_genesis_-_final_.htm
machine learning,False,S-1,S-1,2026-05-15,"Ambitious Entertainment, Inc.  (CIK 0001900851)",S-1,https://www.sec.gov/Archives/edgar/data/1900851/000149315226023581/forms-1.htm
machine learning,False,F-1/A,F-1/A,2025-07-22,Going International Holding Co Ltd  (CIK 0001968532),REGISTRATION STATEMENT,https://www.sec.gov/Archives/edgar/data/1968532/000121390025066651/ea0201982-07.htm
machine learning,True,8-K,EX-2.1,2026-04-29,"OppFi Inc.  (OPFI, OPFI-WT)  (CIK 0001818502)",EX-2.1,https://www.sec.gov/Archives/edgar/data/1818502/000181850226000030/exhibit21_mergeragreemente.htm
machine learning,False,S-1,S-1,2025-01-17,"Kiromic Biopharma, Inc.  (KRBP)  (CIK 0001792581)",FORM S-1,https://www.sec.gov/Archives/edgar/data/1792581/000143774925001415/krbp20241224_s1.htm
machine learning,False,F-4/A,F-4/A,2026-04-17,AIR Holdings Ltd  (AIIR)  (CIK 0002097725); AIR Ltd  (CIK 0002109429),F-4/A,https://www.sec.gov/Archives/edgar/data/2097725/000119312526161808/ck0002097725-20260417.htm
machine learning,False,F-4,F-4,2026-03-27,AIR Holdings Ltd  (CIK 0002097725); AIR Ltd  (CIK 0002109429),F-4,https://www.sec.gov/Archives/edgar/data/2097725/000119312526129446/ck0002097725-20260327.htm
machine learning,False,F-4/A,F-4/A,2026-04-14,AIR Holdings Ltd  (AIIR)  (CIK 0002097725); AIR Ltd  (CIK 0002109429),F-4/A,https://www.sec.gov/Archives/edgar/data/2097725/000119312526155085/project_genesis_-_f-4a1.htm
machine learning,False,DRS,DRS,2026-04-03,"Merlin, Inc.  (MRLN)  (CIK 0002028707)",,https://www.sec.gov/Archives/edgar/data/2028707/000121390026039887/filename1.htm
machine learning,False,ARS,ARS,2025-04-16,JUNIPER NETWORKS INC  (JNPR)  (CIK 0001043604),ARS,https://www.sec.gov/Archives/edgar/data/1043604/000110465925035496/tm253471d2_ars.pdf
machine learning,False,DRS,DRS,2025-11-24,UDynamics Ltd  (CIK 0002097903),,https://www.sec.gov/Archives/edgar/data/2097903/000121390025113791/filename1.htm
machine learning,True,8-K,EX-2.1,2026-04-23,"TruBridge, Inc.  (TBRG)  (CIK 0001169445)",EX-2.1,https://www.sec.gov/Archives/edgar/data/1169445/000119312526172139/d46312dex21.htm
machine learning,False,DEF 14A,DEF 14A,2025-04-29,NOVAVAX INC  (NVAX)  (CIK 0001000694),DEF 14A,https://www.sec.gov/Archives/edgar/data/1000694/000100069425000013/nvax-20250429.htm
machine learning,False,DEF 14A,DEF 14A,2025-03-27,TERADATA CORP /DE/  (TDC)  (CIK 0000816761),DEF 14A,https://www.sec.gov/Archives/edgar/data/816761/000081676125000093/tdc-20250326.htm
machine learning,False,S-1/A,S-1/A,2025-08-13,ScanTech AI Systems Inc.  (STAI)  (CIK 0001994624),S-1/A,https://www.sec.gov/Archives/edgar/data/1994624/000141057825001705/tmb-20240930xs1a.htm
machine learning,False,424B3,424B3,2026-04-13,"Bitcoin Depot Inc.  (BTM, BTMWW)  (CIK 0001901799)",424B3,https://www.sec.gov/Archives/edgar/data/1901799/000119312526151887/d336418d424b3.htm
machine learning,False,DEF 14A,DEF 14A,2026-04-22,"Cantor Equity Partners III, Inc.  (CAEP)  (CIK 0002034268)",DEF 14A,https://www.sec.gov/Archives/edgar/data/2034268/000119312526170505/caep_def_14a.htm
machine learning,False,10-K,10-K,2026-03-18,"Bitcoin Depot Inc.  (BTM, BTMWW)  (CIK 0001901799)",10-K,https://www.sec.gov/Archives/edgar/data/1901799/000119312526113938/btm-20251231.htm
machine learning,False,DRS/A,DRS/A,2025-09-24,"BlockchAIn Digital Infrastructure, Inc.  (CIK 0002070542)",,https://www.sec.gov/Archives/edgar/data/2070542/000121390025091225/filename1.htm
machine learning,False,F-1,F-1,2025-12-30,Optimal AI Ltd  (CIK 0002083345),REGISTRATION STATEMENT,https://www.sec.gov/Archives/edgar/data/2083345/000121390025126476/ea0271093-f1_optimal.htm
machine learning,False,ARS,ARS,2025-04-15,GARTNER INC  (IT)  (CIK 0000749251),ARS,https://www.sec.gov/Archives/edgar/data/749251/000074925125000022/gartnerinc2024annualreport.pdf
machine learning,False,DRS/A,DRS/A,2025-08-28,"BlockchAIn Digital Infrastructure, Inc.  (CIK 0002070542)",,https://www.sec.gov/Archives/edgar/data/2070542/000121390025081741/filename1.htm
machine learning,False,424B5,424B5,2025-03-13,Invesco Municipal Income Opportunities Trust  (OIA)  (CIK 0000835333),424B5,https://www.sec.gov/Archives/edgar/data/835333/000110465925023508/tm258531d1_424b5.htm
machine learning,True,8-K,EX-2.1,2025-03-12,"Clearwater Analytics Holdings, Inc.  (CWAN)  (CIK 0001866368)",EX-2.1,https://www.sec.gov/Archives/edgar/data/1866368/000119312525052444/d853519dex21.htm
machine learning,False,S-4,S-4,2026-01-28,"Securitize Holdings, Inc.  (CIK 0002094496); Securitize, Inc.  (CIK 0001762096)",REGISTRATION STATEMENT,https://www.sec.gov/Archives/edgar/data/2094496/000121390026008915/ea0264119-02.htm
machine learning,False,POS AM,POS AM,2025-04-15,"Innventure, Inc.  (INV, INVLW)  (CIK 0002001557)",POS AM,https://www.sec.gov/Archives/edgar/data/2001557/000162828025017889/innv-20250415.htm
machine learning,True,8-K,EX-2.1,2025-05-07,AppLovin Corp  (APP)  (CIK 0001751008),EX-2.1,https://www.sec.gov/Archives/edgar/data/1751008/000175100825000051/exhibit21purchaseagreement.htm
machine learning,False,S-4/A,S-4/A,2026-02-09,"Blockfusion Data Centers, Inc.  (BLDC)  (CIK 0002097508); Blockfusion USA, Inc.  (CIK 0001910992)",FORM S-4/A1,https://www.sec.gov/Archives/edgar/data/2097508/000118518526000445/bldcs4a1020426.htm
machine learning,False,DRS/A,DRS/A,2025-01-17,Xdata Group  (CIK 0002038688); OU XDATA GROUP  (CIK 0002045727),,https://www.sec.gov/Archives/edgar/data/2038688/000149315225002707/filename1.htm
machine learning,True,SC 13E3/A,EX-99.(A)-(1),2026-08-26,"Perfect Corp.  (PERF, PERFF)  (CIK 0001899830)",EXHIBIT (A)-(1),https://www.sec.gov/Archives/edgar/data/1899830/000110465926101025/tm2623859d1_ex99-a1.htm
machine learning,False,N-2/A,N-2/A,2025-02-07,Invesco Municipal Income Opportunities Trust  (OIA)  (CIK 0000835333),N-2/A,https://www.sec.gov/Archives/edgar/data/835333/000110465925010545/tm254314d1_n2a.htm
machine learning,False,10-K,10-K,2025-05-22,8X8 INC /DE/  (EGHT)  (CIK 0001023731),10-K,https://www.sec.gov/Archives/edgar/data/1023731/000102373125000039/eght-20250331.htm
machine learning,False,DEF 14A,DEF 14A,2025-03-20,CME GROUP INC.  (CME)  (CIK 0001156375),DEF 14A,https://www.sec.gov/Archives/edgar/data/1156375/000115637525000077/cmegroupinc2025proxystatem.htm
machine learning,True,SC 13E3,EX-99.(A)-(1),2026-07-31,"Perfect Corp.  (PERF, PERFF)  (CIK 0001899830)",EXHIBIT (A)-(1),https://www.sec.gov/Archives/edgar/data/1899830/000110465926089222/tm2621676d1_ex99-a1.htm
machine learning,False,DRS,DRS,2025-08-22,Medikra Inc.  (CIK 0002078035),,https://www.sec.gov/Archives/edgar/data/2078035/000121390025079809/filename1.htm
machine learning,False,S-1,S-1,2026-03-31,"Bitcoin Depot Inc.  (BTM, BTMWW)  (CIK 0001901799)",S-1,https://www.sec.gov/Archives/edgar/data/1901799/000119312526134687/d119639ds1.htm
machine learning,False,S-1,S-1,2025-05-22,"MOBIX LABS, INC  (MOBX, MOBXW)  (CIK 0001855467)",S-1,https://www.sec.gov/Archives/edgar/data/1855467/000164117225011956/forms-1.htm
machine learning,False,S-1/A,S-1/A,2026-04-10,"Bitcoin Depot Inc.  (BTM, BTMWW)  (CIK 0001901799)",S-1/A,https://www.sec.gov/Archives/edgar/data/1901799/000119312526150385/d119639ds1a.htm
machine learning,False,F-1,F-1,2026-01-20,Medikra Inc.  (CIK 0002078035),REGISTRATION STATEMENT,https://www.sec.gov/Archives/edgar/data/2078035/000121390026005545/ea0273013-f1_medikra.htm
machine learning,False,DRS,DRS,2026-07-14,"Churchill Capital Corp XI  (CCXI, CCXIU, CCXIW)  (CIK 0002074973); Agility Robotics, Inc.  (CIK 0001727116)",,https://www.sec.gov/Archives/edgar/data/2074973/000121390026077755/filename1.htm
machine learning,False,10-K,10-K,2026-03-05,"SMITH MICRO SOFTWARE, INC.  (SMSI)  (CIK 0000948708)",FORM 10-K,https://www.sec.gov/Archives/edgar/data/948708/000143774926007087/smsi20251231d_10k.htm
machine learning,True,8-K,EX-21.1,2026-06-02,"JOHN WILEY & SONS, INC.  (WLY, WLYB)  (CIK 0000107140)",EX-21.1,https://www.sec.gov/Archives/edgar/data/107140/000010714026000034/exhibit21-wizardepa.htm
machine learning,False,S-4,S-4,2026-09-04,"Churchill Capital Corp XI  (CCXI, CCXIU, CCXIW)  (CIK 0002074973); Agility Robotics, Inc.  (CIK 0001727116)",REGISTRATION STATEMENT,https://www.sec.gov/Archives/edgar/data/2074973/000121390026097764/ea0297114-04.htm
machine learning,False,S-1/A,S-1/A,2025-08-07,"MOBIX LABS, INC  (MOBX, MOBXW)  (CIK 0001855467)",S-1/A,https://www.sec.gov/Archives/edgar/data/1855467/000164117225022484/forms-1a.htm
machine learning,False,ARS,ARS,2026-05-15,RenX Enterprises Corp.  (RENX)  (CIK 0001959023),ANNUAL REPORT,https://www.sec.gov/Archives/edgar/data/1959023/000121390026057932/ea0288863-03.pdf
machine learning,False,S-4,S-4,2025-04-23,"ServiceNow, Inc.  (NOW)  (CIK 0001373715)",S-4,https://www.sec.gov/Archives/edgar/data/1373715/000119312525091451/d210236ds4.htm
machine learning,False,DRS/A,DRS/A,2025-11-20,Medikra Inc.  (CIK 0002078035),,https://www.sec.gov/Archives/edgar/data/2078035/000121390025112973/filename1.htm
machine learning,False,424B3,424B3,2025-05-20,"ServiceNow, Inc.  (NOW)  (CIK 0001373715)",424B3,https://www.sec.gov/Archives/edgar/data/1373715/000119312525123177/d210236d424b3.htm
machine learning,False,S-4/A,S-4/A,2026-09-30,"Churchill Capital Corp XI  (CCXI, CCXIU, CCXIW)  (CIK 0002074973); Agility Robotics, Inc.  (CIK 0001727116)",REGISTRATION STATEMENT,https://www.sec.gov/Archives/edgar/data/2074973/000121390026105334/ea0297114-05.htm
machine learning,False,F-1/A,F-1/A,2026-02-13,Medikra Inc.  (MDKR)  (CIK 0002078035),AMENDMENT NO. 1 TO FORM F-1,https://www.sec.gov/Archives/edgar/data/2078035/000121390026016362/ea0274362-f1a1_medikra.htm
machine learning,False,10-K,10-K,2026-04-01,RenX Enterprises Corp.  (RENX)  (CIK 0001959023),ANNUAL REPORT,https://www.sec.gov/Archives/edgar/data/1959023/000121390026037999/ea0283352-10k_renx.htm
machine learning,False,S-4/A,S-4/A,2025-05-13,"ServiceNow, Inc.  (NOW)  (CIK 0001373715)",S-4/A,https://www.sec.gov/Archives/edgar/data/1373715/000119312525118914/d210236ds4a.htm
machine learning,False,424B3,424B3,2025-11-26,"Banzai International, Inc.  (BNZI, BNZIW)  (CIK 0001826011)",424B3,https://www.sec.gov/Archives/edgar/data/1826011/000149315225025098/form424b3.htm
machine learning,False,S-4/A,S-4/A,2026-05-01,"Blockfusion Data Centers, Inc.  (BLDC)  (CIK 0002097508); Blockfusion USA, Inc.  (CIK 0001910992)",FORM S-4/A,https://www.sec.gov/Archives/edgar/data/2097508/000118518526001689/bldcs4a2031726.htm
machine learning,False,S-4,S-4,2026-04-28,"Perceptive Capital Solutions Corp  (PCSC)  (CIK 0002017526); Freenome Holdings, Inc.  (CIK 0001676446)",S-4,https://www.sec.gov/Archives/edgar/data/2017526/000114036126017428/ny20061080x8_s4.htm
machine learning,False,DRS/A,DRS/A,2026-08-17,"Churchill Capital Corp XI  (CCXI, CCXIU, CCXIW)  (CIK 0002074973); Agility Robotics, Inc.  (CIK 0001727116)",,https://www.sec.gov/Archives/edgar/data/2074973/000121390026090791/filename1.htm
machine learning,False,DRS,DRS,2026-03-26,Bleichroeder Acquisition 2 France  (CIK 0002119292); Pasqal Holding SAS  (CIK 0002122325); Bleichroeder Acquisition Corp. II  (CIK 0002088295),,https://www.sec.gov/Archives/edgar/data/2119292/000121390026034573/filename1.htm
machine learning,False,S-4/A,S-4/A,2026-02-05,Movano Inc.  (MOVE)  (CIK 0001734750),REGISTRATION STATEMENT,https://www.sec.gov/Archives/edgar/data/1734750/000121390026012495/ea0269607-02.htm
machine learning,False,F-4/A,F-4/A,2025-07-31,ClimateRock Holdings Ltd  (CIK 0001949712),REGISTRATION STATEMENT,https://www.sec.gov/Archives/edgar/data/1949712/000121390025069492/ea0202598-13.htm
machine learning,True,40-F,EX-99.1,2025-03-31,Wheaton Precious Metals Corp.  (WPM)  (CIK 0001323404),EX-99.1,https://www.sec.gov/Archives/edgar/data/1323404/000119312525068900/d893628dex991.htm
machine learning,False,ARS,ARS,2025-07-15,"XBP Europe Holdings, Inc.  (XBP, XBPEW)  (CIK 0001839530)",ARS,https://www.sec.gov/Archives/edgar/data/1839530/000110465925068146/tm2520400d3_ars.pdf
machine learning,False,DEF 14A,DEF 14A,2025-11-25,Jet.AI Inc.  (JTAI)  (CIK 0001861622),DEF 14A,https://www.sec.gov/Archives/edgar/data/1861622/000149315225024908/formdef14a.htm
machine learning,False,F-4/A,F-4/A,2025-07-09,ClimateRock Holdings Ltd  (CIK 0001949712),REGISTRATION STATEMENT,https://www.sec.gov/Archives/edgar/data/1949712/000121390025062160/ea0202598-11.htm
machine learning,False,S-4/A,S-4/A,2026-06-30,"Blockfusion Digital Infrastructure, Inc.  (BLDC)  (CIK 0002097508); Blockfusion USA, Inc.  (CIK 0001910992)",FORM S-4/A,https://www.sec.gov/Archives/edgar/data/2097508/000118518526002745/bldcs4a3061126.htm
machine learning,False,10-Q,10-Q,2026-08-06,"BEYOND MEAT, INC.  (BYND)  (CIK 0001655210)",10-Q BEYOND MEAT 10Q Q2 2026,https://www.sec.gov/Archives/edgar/data/1655210/000165521026000055/bynd-20260627.htm
machine learning,False,PRE 14A,PRE 14A,2025-11-14,Jet.AI Inc.  (JTAI)  (CIK 0001861622),PRE 14A,https://www.sec.gov/Archives/edgar/data/1861622/000149315225023617/formpre14a.htm
machine learning,False,F-1/A,F-1/A,2025-09-22,FG Holdings Ltd  (FGO)  (CIK 0002004385),REGISTRATION STATEMENT,https://www.sec.gov/Archives/edgar/data/2004385/000121390025089993/ea0201827-27.htm
machine learning,False,424B1,424B1,2025-09-25,"Banzai International, Inc.  (BNZI, BNZIW)  (CIK 0001826011)",424B1,https://www.sec.gov/Archives/edgar/data/1826011/000149315225014951/form424b1.htm
machine learning,True,8-K,EX-2.1,2025-11-07,"Cantor Equity Partners III, Inc.  (CAEP)  (CIK 0002034268)","BUSINESS COMBINATION AGREEMENT, DATED AS OF NOVEMBER 7, 2025, BY AND AMONG CAEP, THE COMPANY, PUBCO, CAYMAN MERGER SUB AND JERSEY MERGER SUB",https://www.sec.gov/Archives/edgar/data/2034268/000121390025107383/ea026443401ex2-1_cantor3.htm
machine learning,False,S-4,S-4,2025-12-22,Movano Inc.  (MOVE)  (CIK 0001734750),REGISTRATION STATEMENT,https://www.sec.gov/Archives/edgar/data/1734750/000121390025124014/ea0269607-01.htm
machine learning,False,F-1/A,F-1/A,2025-09-30,FG Holdings Ltd  (FGO)  (CIK 0002004385),REGISTRATION STATEMENT,https://www.sec.gov/Archives/edgar/data/2004385/000121390025093482/ea0201827-29.htm
machine learning,True,425,EX-2.1,2025-11-07,"Cantor Equity Partners III, Inc.  (CAEP)  (CIK 0002034268)","BUSINESS COMBINATION AGREEMENT, DATED AS OF NOVEMBER 7, 2025, BY AND AMONG CAEP, THE COMPANY, PUBCO, CAYMAN MERGER SUB AND JERSEY MERGER SUB",https://www.sec.gov/Archives/edgar/data/2034268/000121390025107386/ea026443401ex2-1_cantor3.htm
machine learning,False,424B1,424B1,2026-01-16,"Banzai International, Inc.  (BNZI, BNZIW)  (CIK 0001826011)",424B1,https://www.sec.gov/Archives/edgar/data/1826011/000149315226002587/form424b1.htm
machine learning,False,S-4,S-4,2025-12-08,"Blockfusion Data Centers, Inc.  (CIK 0002097508); Blockfusion USA, Inc.  (CIK 0001910992)",FORM S-4,https://www.sec.gov/Archives/edgar/data/2097508/000118518525001952/blockfusions4110825.htm
machine learning,False,DRS/A,DRS/A,2026-03-30,"Perceptive Capital Solutions Corp  (PCSC)  (CIK 0002017526); Freenome Holdings, Inc.  (CIK 0001676446)",,https://www.sec.gov/Archives/edgar/data/2017526/000114036126011956/filename1.htm
machine learning,False,F-1/A,F-1/A,2025-09-05,FG Holdings Ltd  (FGO)  (CIK 0002004385),REGISTRATION STATEMENT,https://www.sec.gov/Archives/edgar/data/2004385/000121390025084840/ea0201827-25.htm
machine learning,False,F-1/A,F-1/A,2025-10-10,KOKOBOTS GROUP  (KOKO)  (CIK 0002045907),REGISTRATION STATEMENT,https://www.sec.gov/Archives/edgar/data/2045907/000121390025098168/ea0225390-08.htm
machine learning,False,F-1/A,F-1/A,2025-06-17,FG Holdings Ltd  (FGO)  (CIK 0002004385),REGISTRATION STATEMENT,https://www.sec.gov/Archives/edgar/data/2004385/000121390025055041/ea0201827-22.htm
machine learning,False,F-1/A,F-1/A,2026-01-23,KOKOBOTS GROUP  (KOKO)  (CIK 0002045907),REGISTRATION STATEMENT,https://www.sec.gov/Archives/edgar/data/2045907/000121390026007321/ea0225390-10.htm
machine learning,False,N-2,N-2,2025-09-12,Invesco California Value Municipal Income Trust  (VCV)  (CIK 0000895531),N-2,https://www.sec.gov/Archives/edgar/data/895531/000110465925089556/tm2525809d1_n2.htm
machine learning,False,F-1/A,F-1/A,2025-03-11,FG Holdings Ltd  (FGO)  (CIK 0002004385),REGISTRATION STATEMENT,https://www.sec.gov/Archives/edgar/data/2004385/000121390025022684/ea0201827-20.htm
machine learning,False,20-F,20-F,2025-05-15,FORMULA SYSTEMS (1985) LTD  (FORTY)  (CIK 0001045986),ANNUAL REPORT,https://www.sec.gov/Archives/edgar/data/1045986/000121390025043461/ea0240850-20f_formula.htm
machine learning,False,F-1/A,F-1/A,2025-04-23,FG Holdings Ltd  (FGO)  (CIK 0002004385),AMENDMENT NO. 5 TO FORM F-1,https://www.sec.gov/Archives/edgar/data/2004385/000121390025034317/ea0201827-21.htm
machine learning,False,POS AM,POS AM,2025-11-21,"Banzai International, Inc.  (BNZI, BNZIW)  (CIK 0001826011)",POS AM,https://www.sec.gov/Archives/edgar/data/1826011/000149315225024694/formposam.htm
machine learning,False,424B4,424B4,2026-06-17,"Perceptive Capital Solutions Corp  (PCSC)  (CIK 0002017526); Freenome Holdings, Inc.  (CIK 0001676446)",424B4,https://www.sec.gov/Archives/edgar/data/2017526/000114036126025588/ny20061080x17_424b4.htm
machine learning,False,S-1,S-1,2025-02-14,"NanoVibronix, Inc.  (NAOV)  (CIK 0001326706)",,https://www.sec.gov/Archives/edgar/data/1326706/000149315225006878/forms-1.htm
machine learning,True,8-K,EX-2.1,2026-09-29,AAR CORP  (AIR)  (CIK 0000001750),EXHIBIT 2.1,https://www.sec.gov/Archives/edgar/data/1750/000110465926111482/tm2626100d3_ex2-1.htm
machine learning,False,S-4/A,S-4/A,2026-06-11,"Perceptive Capital Solutions Corp  (PCSC)  (CIK 0002017526); Freenome Holdings, Inc.  (CIK 0001676446)",S-4/A,https://www.sec.gov/Archives/edgar/data/2017526/000114036126024832/ny20061080x12_s4a.htm
machine learning,False,20-F,20-F,2026-07-15,VCI Global Ltd  (VCIG)  (CIK 0001930510),ANNUAL REPORT,https://www.sec.gov/Archives/edgar/data/1930510/000121390026078044/ea0295861-20f_vciglobal.htm
machine learning,True,40-F,EX-99.1,2025-03-10,PRECISION DRILLING Corp  (PDS)  (CIK 0001013605),PDF COURTESY COPY,https://www.sec.gov/Archives/edgar/data/1013605/000095017025036254/pds-ex99_1.pdf
machine learning,False,S-4/A,S-4/A,2026-06-11,"Perceptive Capital Solutions Corp  (PCSC)  (CIK 0002017526); Freenome Holdings, Inc.  (CIK 0001676446)",S-4/A,https://www.sec.gov/Archives/edgar/data/2017526/000114036126024950/ny20061080x14_s4a.htm
machine learning,False,S-4/A,S-4/A,2026-06-01,"Perceptive Capital Solutions Corp  (PCSC)  (CIK 0002017526); Freenome Holdings, Inc.  (CIK 0001676446)",S-4/A,https://www.sec.gov/Archives/edgar/data/2017526/000114036126023561/ny20061080x10_s4a.htm
machine learning,True,40-F,EX-99.1,2025-03-10,PRECISION DRILLING Corp  (PDS)  (CIK 0001013605),EX-99.1,https://www.sec.gov/Archives/edgar/data/1013605/000095017025036254/pds-ex99_1.htm
machine learning,True,6-K,EX-99.1,2026-03-19,ZIM Integrated Shipping Services Ltd.  (ZIM)  (CIK 0001654126),EXHIBIT 99.1,https://www.sec.gov/Archives/edgar/data/1654126/000117891326001558/exhibit_99-1.htm
machine learning,False,ARS,ARS,2025-10-10,"XTI Aerospace, Inc.  (XTIA)  (CIK 0001529113)",ARS,https://www.sec.gov/Archives/edgar/data/1529113/000121390025098161/ea0258097-01.pdf
machine learning,False,DEF 14A,DEF 14A,2026-03-26,TERADATA CORP /DE/  (TDC)  (CIK 0000816761),DEF 14A,https://www.sec.gov/Archives/edgar/data/816761/000081676126000011/tdc-20260325.htm
machine learning,False,F-1/A,F-1/A,2025-02-05,FG Holdings Ltd  (FGO)  (CIK 0002004385),REGISTRATION STATEMENT,https://www.sec.gov/Archives/edgar/data/2004385/000121390025010392/ea0201827-18.htm
machine learning,False,F-1/A,F-1/A,2025-01-14,FG Holdings Ltd  (FGO)  (CIK 0002004385),REGISTRATION STATEMENT,https://www.sec.gov/Archives/edgar/data/2004385/000121390025003280/ea0201827-16.htm
machine learning,False,DEFA14A,DEFA14A,2026-04-23,"TruBridge, Inc.  (TBRG)  (CIK 0001169445)",DEFA14A,https://www.sec.gov/Archives/edgar/data/1169445/000119312526172148/d46312ddefa14a.htm
machine learning,False,S-1/A,S-1/A,2026-08-06,"Ambitious Entertainment, Inc.  (CIK 0001900851)",S-1/A,https://www.sec.gov/Archives/edgar/data/1900851/000149315226036294/forms-1a.htm
machine learning,False,424B4,424B4,2025-02-25,Basel Medical Group Ltd  (BMGL)  (CIK 0002004489),,https://www.sec.gov/Archives/edgar/data/2004489/000149315225008234/form424b4.htm
machine learning,False,S-1/A,S-1/A,2026-06-22,"Ambitious Entertainment, Inc.  (CIK 0001900851)",S-1/A,https://www.sec.gov/Archives/edgar/data/1900851/000149315226029643/forms-1a.htm
machine learning,False,F-4/A,F-4/A,2025-01-10,ClimateRock Holdings Ltd  (CIK 0001949712),REGISTRATION STATEMENT,https://www.sec.gov/Archives/edgar/data/1949712/000121390025002306/ea0202598-05.htm
machine learning,False,425,425,2025-09-08,"Churchill Capital Corp X/Cayman  (CCCX, CCCXU, CCCXW)  (CIK 0002007825)",425,https://www.sec.gov/Archives/edgar/data/2007825/000119312525197780/d14599d425.htm
machine learning,False,ARS,ARS,2025-09-09,Safe & Green Development Corp  (SGD)  (CIK 0001959023),FORM ARS,https://www.sec.gov/Archives/edgar/data/1959023/000121390025085706/ea025647501-ars_safegreen.pdf
machine learning,False,F-1/A,F-1/A,2026-01-06,FG Holdings Ltd  (FGO)  (CIK 0002004385),REGISTRATION STATEMENT,https://www.sec.gov/Archives/edgar/data/2004385/000121390026001674/ea0201827-32.htm
machine learning,False,F-1/A,F-1/A,2025-02-13,Basel Medical Group Ltd  (BMGL)  (CIK 0002004489),,https://www.sec.gov/Archives/edgar/data/2004489/000149315225006287/formf-1a.htm
machine learning,False,S-1/A,S-1/A,2026-07-07,"Ambitious Entertainment, Inc.  (CIK 0001900851)",S-1/A,https://www.sec.gov/Archives/edgar/data/1900851/000149315226032371/forms-1a.htm
machine learning,False,10-K,10-K,2025-03-31,Safe & Green Development Corp  (SGD)  (CIK 0001959023),ANNUAL REPORT,https://www.sec.gov/Archives/edgar/data/1959023/000121390025026215/ea0236216-10k_safe.htm
machine learning,False,F-4/A,F-4/A,2026-02-18,ClimateRock Holdings Ltd  (CIK 0001949712),REGISTRATION STATEMENT,https://www.sec.gov/Archives/edgar/data/1949712/000121390026017557/ea0202598-21.htm
machine learning,False,F-4/A,F-4/A,2025-09-29,ClimateRock Holdings Ltd  (CIK 0001949712),REGISTRATION STATEMENT,https://www.sec.gov/Archives/edgar/data/1949712/000121390025093214/ea0202598-15.htm
machine learning,False,POS AM,POS AM,2025-10-23,"Banzai International, Inc.  (BNZI, BNZIW)  (CIK 0001826011)",POS AM,https://www.sec.gov/Archives/edgar/data/1826011/000149315225019091/formposam.htm
machine learning,False,F-1/A,F-1/A,2026-01-30,FG Holdings Ltd  (FGO)  (CIK 0002004385),REGISTRATION STATEMENT,https://www.sec.gov/Archives/edgar/data/2004385/000121390026010068/ea0201827-35.htm
machine learning,False,S-1,S-1,2025-12-09,"Banzai International, Inc.  (BNZI, BNZIW)  (CIK 0001826011)",S-1,https://www.sec.gov/Archives/edgar/data/1826011/000149315225026856/forms-1.htm
machine learning,True,10-Q,EX-2.2,2025-05-07,"IonQ, Inc.  (IONQ, IONQ-WT)  (CIK 0001824920)",EX-2.2,https://www.sec.gov/Archives/edgar/data/1824920/000095017025065699/ionq-ex2_2.htm
machine learning,False,F-4/A,F-4/A,2025-12-02,ClimateRock Holdings Ltd  (CIK 0001949712),REGISTRATION STATEMENT,https://www.sec.gov/Archives/edgar/data/1949712/000121390025116800/ea0202598-16.htm
machine learning,False,F-4/A,F-4/A,2026-01-09,ClimateRock Holdings Ltd  (CIK 0001949712),REGISTRATION STATEMENT,https://www.sec.gov/Archives/edgar/data/1949712/000121390026002587/ea0202598-19.htm
machine learning,False,F-4/A,F-4/A,2025-12-09,ClimateRock Holdings Ltd  (CIK 0001949712),REGISTRATION STATEMENT,https://www.sec.gov/Archives/edgar/data/1949712/000121390025119743/ea0202598-18.htm
machine learning,False,F-1/A,F-1/A,2026-04-01,FG Holdings Ltd  (FGO)  (CIK 0002004385),REGISTRATION STATEMENT,https://www.sec.gov/Archives/edgar/data/2004385/000121390026038448/ea0201827-37.htm
machine learning,False,DRS/A,DRS/A,2026-02-10,Hyperides Holdings Ltd  (CIK 0002095038),,https://www.sec.gov/Archives/edgar/data/2095038/000121390026013844/filename1.htm
machine learning,False,F-1,F-1,2026-03-05,Hyperides Holdings Ltd  (CIK 0002095038),REGISTRATION STATEMENT,https://www.sec.gov/Archives/edgar/data/2095038/000121390026023996/ea0261322-04.htm
machine learning,False,DRS/A,DRS/A,2025-02-10,Xdata Group  (CIK 0002038688); OU XDATA GROUP  (CIK 0002045727),,https://www.sec.gov/Archives/edgar/data/2038688/000149315225005626/filename1.htm
machine learning,False,DRS,DRS,2025-11-14,Hyperides Holdings Ltd  (CIK 0002095038),,https://www.sec.gov/Archives/edgar/data/2095038/000121390025110690/filename1.htm
machine learning,False,10-K,10-K,2025-03-07,SL Investment Fund II LLC  (CIK 0002028686),10-K,https://www.sec.gov/Archives/edgar/data/2028686/000202868625000012/slic-20241231.htm
machine learning,False,F-1/A,F-1/A,2026-03-17,FG Holdings Ltd  (FGO)  (CIK 0002004385),REGISTRATION STATEMENT,https://www.sec.gov/Archives/edgar/data/2004385/000121390026028995/ea0201827-36.htm
machine learning,False,DRS,DRS,2026-01-12,"Perceptive Capital Solutions Corp  (PCSC)  (CIK 0002017526); Freenome Holdings, Inc.  (CIK 0001676446)",,https://www.sec.gov/Archives/edgar/data/2017526/000114036126000986/filename1.htm
machine learning,False,DRS,DRS,2025-06-11,"TG-17, Inc.  (CIK 0001756064)",,https://www.sec.gov/Archives/edgar/data/1756064/000164117225014593/filename1.htm
machine learning,True,8-K,EX-2.1,2026-09-14,PERDOCEO EDUCATION Corp  (PRDO)  (CIK 0001046568),EX-2.1,https://www.sec.gov/Archives/edgar/data/1046568/000119312526389857/d61984dex21.htm
machine learning,False,S-4/A,S-4/A,2025-02-24,"LIONS GATE ENTERTAINMENT CORP /CN/  (LGF-A, LGF-B)  (CIK 0000929351); Lionsgate Studios Holding Corp.  (CIK 0002052959)",S-4/A,https://www.sec.gov/Archives/edgar/data/929351/000119312525032791/d860983ds4a.htm
machine learning,False,DRS/A,DRS/A,2025-02-28,Xdata Group  (CIK 0002038688); OU XDATA GROUP  (CIK 0002045727),,https://www.sec.gov/Archives/edgar/data/2038688/000149315225008701/filename1.htm
machine learning,True,8-K,EX-2.1,2025-07-07,WNS (HOLDINGS) LTD  (WNS)  (CIK 0001356570),EX-2.1,https://www.sec.gov/Archives/edgar/data/1356570/000119312525155862/d98718dex21.htm
machine learning,False,S-4/A,S-4/A,2025-01-27,"LIONS GATE ENTERTAINMENT CORP /CN/  (LGF-A, LGF-B)  (CIK 0000929351); Lionsgate Studios Holding Corp.  (CIK 0002052959)",S-4/A,https://www.sec.gov/Archives/edgar/data/929351/000119312525013443/d860983ds4a.htm
machine learning,False,F-4/A,F-4/A,2025-03-25,ClimateRock Holdings Ltd  (CIK 0001949712),REGISTRATION STATEMENT,https://www.sec.gov/Archives/edgar/data/1949712/000101376225001867/ea0202598-09.htm
machine learning,False,DRS,DRS,2025-04-10,"Dror Ortho-Design, Inc.  (DROR)  (CIK 0001282980)",,https://www.sec.gov/Archives/edgar/data/1282980/000121390025030681/filename1.htm
machine learning,True,8-K,EX-2.1,2026-09-28,"Bold Eagle Acquisition Corp.  (BEAG, BEAGR, BEAGU)  (CIK 0001852207)","BUSINESS COMBINATION AGREEMENT, DATED AS OF SEPTEMBER 25, 2026, BY AND AMONG BOLD EAGLE ACQUISITION CORP., REDL INTERMEDIATE HOLDINGS, LLC, BEAC MERGER SUB, LLC, AND, SOLELY FOR THE PURPOSES OF SECTION 6.9(E) THEREOF, REDL ULTIMATE HOLDINGS, LP",https://www.sec.gov/Archives/edgar/data/1852207/000121390026103758/ea030545301ex2-1.htm
machine learning,False,DRS/A,DRS/A,2025-09-10,Cloud Data Holdings Corp  (CIK 0002078905),,https://www.sec.gov/Archives/edgar/data/2078905/000121390025086445/filename1.htm
machine learning,False,DEFM14A,DEFM14A,2025-03-14,Lionsgate Studios Corp.  (LION)  (CIK 0002006191),DEFM14A,https://www.sec.gov/Archives/edgar/data/2006191/000119312525054902/d925050ddefm14a.htm
machine learning,False,F-4/A,F-4/A,2025-02-14,ClimateRock Holdings Ltd  (CIK 0001949712),REGISTRATION STATEMENT,https://www.sec.gov/Archives/edgar/data/1949712/000121390025014399/ea0202598-07.htm
machine learning,False,DRS,DRS,2025-08-01,Cloud Data Holdings Corp  (CIK 0002078905),,https://www.sec.gov/Archives/edgar/data/2078905/000121390025070534/filename1.htm
machine learning,False,F-1,F-1,2025-07-11,KOKOBOTS GROUP  (CIK 0002045907),REGISTRATION STATEMENT,https://www.sec.gov/Archives/edgar/data/2045907/000121390025063114/ea0225390-06.htm
machine learning,False,DRS/A,DRS/A,2025-09-30,Cloud Data Holdings Corp  (CIK 0002078905),,https://www.sec.gov/Archives/edgar/data/2078905/000121390025093722/filename1.htm
machine learning,False,424B3,424B3,2026-08-03,"Teamshares Inc  (TMS, TMSWW)  (CIK 0002048951)",424B3,https://www.sec.gov/Archives/edgar/data/2048951/000119312526330863/d58823d424b3.htm
machine learning,False,10-K,10-K,2025-04-15,"XTI Aerospace, Inc.  (XTIA)  (CIK 0001529113)",ANNUAL REPORT,https://www.sec.gov/Archives/edgar/data/1529113/000121390025032213/ea0235307-10k_xtiaerospace.htm
machine learning,False,424B3,424B3,2025-03-14,"LIONS GATE ENTERTAINMENT CORP /CN/  (LGF-A, LGF-B)  (CIK 0000929351); Lionsgate Studios Holding Corp.  (CIK 0002052959)",424B3,https://www.sec.gov/Archives/edgar/data/929351/000119312525054898/d860983d424b3.htm
machine learning,False,424B5,424B5,2025-03-21,Invesco Senior Income Trust  (VVR)  (CIK 0001059386),424B5,https://www.sec.gov/Archives/edgar/data/1059386/000110465925026711/tm258538d1_424b5.htm
machine learning,False,424B3,424B3,2026-08-12,Gentherm Inc  (THRM)  (CIK 0000903129),424B3,https://www.sec.gov/Archives/edgar/data/903129/000119312526346909/d52416d424b3.htm
machine learning,False,DRS/A,DRS/A,2026-01-20,Pacipic Nexus IntelliTech Group  (CIK 0002089778),,https://www.sec.gov/Archives/edgar/data/2089778/000121390026005377/filename1.htm
machine learning,False,S-4,S-4,2026-07-02,Gentherm Inc  (THRM)  (CIK 0000903129),S-4,https://www.sec.gov/Archives/edgar/data/903129/000119312526293486/d52416ds4.htm
machine learning,False,S-1/A,S-1/A,2026-04-01,"Dror Ortho-Design, Inc.  (DROR)  (CIK 0001282980)",AMENDMENT NO. 3 TO FORM S-1,https://www.sec.gov/Archives/edgar/data/1282980/000121390026037951/ea0283974-s1a3_drorortho.htm
machine learning,False,424B3,424B3,2026-04-20,Avalon GloboCare Corp.  (ALBT)  (CIK 0001630212),PROSPECTUS,https://www.sec.gov/Archives/edgar/data/1630212/000121390026045689/ea0286899-424b3_avalon.htm
machine learning,False,N-2/A,N-2/A,2025-02-07,Invesco Senior Income Trust  (VVR)  (CIK 0001059386),N-2/A,https://www.sec.gov/Archives/edgar/data/1059386/000110465925010548/tm254332d1_n2a.htm
machine learning,False,S-4,S-4,2026-04-14,"SRx Health Solutions, Inc.  (SRXH)  (CIK 0001471727)",S-4,https://www.sec.gov/Archives/edgar/data/1471727/000149315226016588/forms-4.htm
machine learning,False,S-4/A,S-4/A,2026-08-05,Gentherm Inc  (THRM)  (CIK 0000903129),S-4/A,https://www.sec.gov/Archives/edgar/data/903129/000119312526335329/d52416ds4a.htm
machine learning,True,8-K,EX-99.1,2026-08-13,"Platinum SpinCo, Inc.  (CIK 0002134183)",EX-99.1,https://www.sec.gov/Archives/edgar/data/2134183/000119312526349114/d101885dex991.htm
machine learning,True,8-K,EX-2.1,2025-02-18,"Light & Wonder, Inc.  (LNW, LAWIL)  (CIK 0000750004)",EXHIBIT 2.1,https://www.sec.gov/Archives/edgar/data/750004/000110465925014535/tm256405d1_ex2-1.htm
machine learning,True,8-K,EX-2.1,2026-06-12,UNITED COMMUNITY BANKS INC  (UCB)  (CIK 0000857855),EXHIBIT 2.1,https://www.sec.gov/Archives/edgar/data/857855/000110465926073197/tm2617702d1_ex2-1.htm
machine learning,False,DRS,DRS,2025-11-04,Pacipic Nexus IntelliTech Group  (CIK 0002089778),,https://www.sec.gov/Archives/edgar/data/2089778/000121390025105905/filename1.htm
machine learning,True,10-12G,EX-99.1,2026-07-02,"Platinum SpinCo, Inc.  (CIK 0002134183)",EX-99.1,https://www.sec.gov/Archives/edgar/data/2134183/000119312526293551/d64087dex991.htm
machine learning,False,S-1/A,S-1/A,2026-09-16,"Dror Ortho-Design, Inc.  (DROR)  (CIK 0001282980)",AMENDMENT NO. 4 TO FORM S-1,https://www.sec.gov/Archives/edgar/data/1282980/000121390026100567/ea0305492-s1a4_drorortho.htm
machine learning,False,425,425,2026-08-13,"Gentherm Inc  (THRM)  (CIK 0000903129); Platinum SpinCo, Inc.  (CIK 0002134183)",425,https://www.sec.gov/Archives/edgar/data/903129/000119312526349132/d101885d425.htm
machine learning,False,425,425,2026-02-02,DEVON ENERGY CORP/DE  (DVN)  (CIK 0001090012),425,https://www.sec.gov/Archives/edgar/data/1090012/000119312526032769/d75203d425.htm
machine learning,False,424B3,424B3,2025-04-30,"Getty Images Holdings, Inc.  (GETY)  (CIK 0001898496)",PROSPECTUS,https://www.sec.gov/Archives/edgar/data/1898496/000121390025037626/ea0235881-03.htm
machine learning,False,S-4/A,S-4/A,2025-03-13,"LIONS GATE ENTERTAINMENT CORP /CN/  (LGF-A, LGF-B)  (CIK 0000929351); Lionsgate Studios Holding Corp.  (CIK 0002052959)",S-4/A,https://www.sec.gov/Archives/edgar/data/929351/000119312525053519/d860983ds4a.htm
machine learning,False,DRS,DRS,2025-10-17,Feline Culture Holdings Ltd  (CIK 0002088343),,https://www.sec.gov/Archives/edgar/data/2088343/000121390025099841/filename1.htm
machine learning,False,DRS,DRS,2026-07-17,"Teamshares Inc  (TMS, TMSWW)  (CIK 0002048951)",,https://www.sec.gov/Archives/edgar/data/2048951/000119312526307962/filename1.htm
machine learning,True,425,EX-2.1,2026-09-28,"Bold Eagle Acquisition Corp.  (BEAG, BEAGR, BEAGU)  (CIK 0001852207)","BUSINESS COMBINATION AGREEMENT, DATED AS OF SEPTEMBER 25, 2026, BY AND AMONG BOLD EAGLE ACQUISITION CORP., REDL INTERMEDIATE HOLDINGS, LLC, BEAC MERGER SUB, LLC, AND, SOLELY FOR THE PURPOSES OF SECTION 6.9(E) THEREOF, REDL ULTIMATE HOLDINGS, LP",https://www.sec.gov/Archives/edgar/data/1852207/000121390026103760/ea030545301ex2-1.htm
machine learning,False,DEFM14A,DEFM14A,2025-04-30,"Shutterstock, Inc.  (SSTK)  (CIK 0001549346)",PROXY STATEMENT,https://www.sec.gov/Archives/edgar/data/1549346/000121390025037645/ea0239849-01.htm
machine learning,True,10-12G/A,EX-99.1,2026-08-05,"Platinum SpinCo, Inc.  (CIK 0002134183)",EX-99.1,https://www.sec.gov/Archives/edgar/data/2134183/000119312526335481/d64087dex991.htm
machine learning,False,DRS/A,DRS/A,2025-12-02,Feline Culture Holdings Ltd  (CIK 0002088343),,https://www.sec.gov/Archives/edgar/data/2088343/000121390025117364/filename1.htm
machine learning,False,10-K,10-K,2025-04-15,"KonaTel, Inc.  (KTEL)  (CIK 0000845819)",10-K,https://www.sec.gov/Archives/edgar/data/845819/000151597125000041/ktel10k123124.htm
machine learning,False,10-K,10-K,2026-04-16,"KonaTel, Inc.  (KTEL)  (CIK 0000845819)",10-K,https://www.sec.gov/Archives/edgar/data/845819/000149315226017104/form10-k.htm
machine learning,False,S-4,S-4,2025-03-31,"Getty Images Holdings, Inc.  (GETY)  (CIK 0001898496)",REGISTRATION STATEMENT,https://www.sec.gov/Archives/edgar/data/1898496/000101376225004383/ea0235881-01.htm
machine learning,True,8-K,EX-2.1,2025-01-23,"Concentra Group Holdings Parent, Inc.  (CON)  (CIK 0002014596)",EXHIBIT 2.1,https://www.sec.gov/Archives/edgar/data/2014596/000110465925005359/tm254146d1_ex2-1.htm
machine learning,False,POS AM,POS AM,2026-01-09,"Banzai International, Inc.  (BNZI, BNZIW)  (CIK 0001826011)",POS AM,https://www.sec.gov/Archives/edgar/data/1826011/000149315226001105/formposam.htm
machine learning,False,S-4/A,S-4/A,2025-04-28,"Getty Images Holdings, Inc.  (GETY)  (CIK 0001898496)",REGISTRATION STATEMENT,https://www.sec.gov/Archives/edgar/data/1898496/000121390025036138/ea0235881-02.htm
machine learning,False,F-1,F-1,2025-12-29,Riverstone Ltd  (CIK 0002062397),F-1,https://www.sec.gov/Archives/edgar/data/2062397/000149315225029305/formf-1.htm
machine learning,False,PREM14C,PREM14C,2025-07-03,Informatica Inc.  (INFA)  (CIK 0001868778),PREM14C,https://www.sec.gov/Archives/edgar/data/1868778/000119312525155517/d74603dprem14c.htm
machine learning,False,DRS,DRS,2025-09-09,CALM Chain International Ltd  (CIK 0002083945),,https://www.sec.gov/Archives/edgar/data/2083945/000121390025085772/filename1.htm
machine learning,True,6-K,EX-99.1,2025-03-26,"PRUDENTIAL PLC  (PUK, PUKPF)  (CIK 0001116578)",ANNUAL REPORT,https://www.sec.gov/Archives/edgar/data/1116578/000110465925028061/tm2429688d5_ex99-1.pdf
machine learning,False,424B3,424B3,2025-04-23,"Innventure, Inc.  (INV, INVLW)  (CIK 0002001557)",424B3,https://www.sec.gov/Archives/edgar/data/2001557/000162828025019356/innventureinc424b3posam-20.htm
machine learning,False,S-1,S-1,2025-09-12,"Banzai International, Inc.  (BNZI, BNZIW)  (CIK 0001826011)",S-1,https://www.sec.gov/Archives/edgar/data/1826011/000164117225027249/forms-1.htm
machine learning,True,8-K,EX-2.1,2026-03-06,"Day One Biopharmaceuticals, Inc.  (DAWN)  (CIK 0001845337)",EX-2.1,https://www.sec.gov/Archives/edgar/data/1845337/000119312526095174/d108979dex21.htm
machine learning,True,40-F,EX-99.1,2026-02-27,"Curaleaf Holdings, Inc.  (CURLF)  (CIK 0001756770)",EX-99.1,https://www.sec.gov/Archives/edgar/data/1756770/000175677026000019/q425-exx991xaif.htm
machine learning,False,DRS/A,DRS/A,2025-12-01,CALM Chain International Ltd  (CIK 0002083945),,https://www.sec.gov/Archives/edgar/data/2083945/000121390025116469/filename1.htm
machine learning,False,DEFA14A,DEFA14A,2026-04-22,"Amneal Pharmaceuticals, Inc.  (AMRX)  (CIK 0001723128)",DEFA14A,https://www.sec.gov/Archives/edgar/data/1723128/000119312526168237/d126526ddefa14a.htm
machine learning,True,CB,EX-99.1,2025-11-04,MAGIC SOFTWARE ENTERPRISES LTD  (MGIC)  (CIK 0000876779); Matrix I.T. Ltd.  (CIK 0002093979),EXHIBIT 99.1,https://www.sec.gov/Archives/edgar/data/876779/000095010325014243/dp236802_ex9901.htm
machine learning,False,S-1/A,S-1/A,2026-09-17,NON INVASIVE MONITORING SYSTEMS INC /FL/  (NIMU)  (CIK 0000720762),S-1/A,https://www.sec.gov/Archives/edgar/data/720762/000149315226043137/forms-1a.htm
machine learning,True,F-80,EX-3.3,2026-08-18,"Curaleaf Holdings, Inc.  (CURLF)  (CIK 0001756770)",EXHIBIT 3.3,https://www.sec.gov/Archives/edgar/data/1756770/000110465926098176/tm2623363d4_ex3-3.htm
machine learning,False,DRS/A,DRS/A,2025-09-26,Riverstone Ltd  (CIK 0002062397),,https://www.sec.gov/Archives/edgar/data/2062397/000149315225015051/filename1.htm
machine learning,False,PRE 14A,PRE 14A,2026-09-08,"KUSTOM ENTERTAINMENT, INC.  (KUST)  (CIK 0001342958)",PRE 14A,https://www.sec.gov/Archives/edgar/data/1342958/000149315226041809/formpre14a.htm
machine learning,False,DEFM14C,DEFM14C,2025-07-14,Informatica Inc.  (INFA)  (CIK 0001868778),DEFM14C,https://www.sec.gov/Archives/edgar/data/1868778/000119312525158774/d74603ddefm14c.htm
machine learning,False,DEFM14A,DEFM14A,2026-06-04,"TruBridge, Inc.  (TBRG)  (CIK 0001169445)",DEFM14A,https://www.sec.gov/Archives/edgar/data/1169445/000119312526256370/d12788ddefm14a.htm
machine learning,False,PREM14A,PREM14A,2026-05-21,"TruBridge, Inc.  (TBRG)  (CIK 0001169445)",PREM14A,https://www.sec.gov/Archives/edgar/data/1169445/000119312526234588/d12788dprem14a.htm
machine learning,False,DRS,DRS,2026-03-20,Bogd FT Ltd  (CIK 0002113733),,https://www.sec.gov/Archives/edgar/data/2113733/000121390026032171/filename1.htm
machine learning,False,S-1/A,S-1/A,2026-10-06,NON INVASIVE MONITORING SYSTEMS INC /FL/  (NIMU)  (CIK 0000720762),S-1/A,https://www.sec.gov/Archives/edgar/data/720762/000149315226045892/forms-1a.htm
machine learning,False,497,497,2026-08-11,RBB Fund Trust  (CIK 0001618627),,https://www.sec.gov/Archives/edgar/data/1618627/000139834426013998/fp0100374-1_497.htm
machine learning,False,PREM14A,PREM14A,2026-05-28,ELECTRO SENSORS INC  (ELSE)  (CIK 0000351789),PREM14A,https://www.sec.gov/Archives/edgar/data/351789/000114036126023178/ny20072844x1_prem14a.htm
machine learning,False,DEF 14A,DEF 14A,2025-08-18,FEDEX CORP  (FDX)  (CIK 0001048911),FORM DEF 14A,https://www.sec.gov/Archives/edgar/data/1048911/000110465925079800/tm2512613-2_def14a.htm
machine learning,True,8-K,EX-2.1,2025-06-09,"IonQ, Inc.  (IONQ, IONQ-WT)  (CIK 0001824920)",EX-2.1,https://www.sec.gov/Archives/edgar/data/1824920/000119312525137398/d17095dex21.htm
machine learning,False,F-4,F-4,2025-03-17,Xdata Group  (CIK 0002038688); OU XDATA GROUP  (CIK 0002045727),,https://www.sec.gov/Archives/edgar/data/2038688/000149315225010574/formf-4.htm
machine learning,False,POS AM,POS AM,2026-05-21,Xdata Group  (CIK 0002038688); OU XDATA GROUP  (CIK 0002045727),POS AM,https://www.sec.gov/Archives/edgar/data/2038688/000149315226024783/formposam.htm
machine learning,False,10-K,10-K,2025-03-31,"NanoVibronix, Inc.  (NAOV)  (CIK 0001326706)",,https://www.sec.gov/Archives/edgar/data/1326706/000164117225001613/form10-k.htm
machine learning,False,DEFM14A,DEFM14A,2026-06-26,ELECTRO SENSORS INC  (ELSE)  (CIK 0000351789),DEFM14A,https://www.sec.gov/Archives/edgar/data/351789/000114036126026456/ny20072844x2_defm14a.htm
machine learning,False,S-4,S-4,2026-09-30,"Trump Media & Technology Group Corp.  (DJT, DJTWW)  (CIK 0001849635)",FORM S-4,https://www.sec.gov/Archives/edgar/data/1849635/000143774926031534/djt20260922_s4.htm
machine learning,False,F-4/A,F-4/A,2025-01-17,Webull Corp  (CIK 0001866364),REGISTRATION STATEMENT,https://www.sec.gov/Archives/edgar/data/1866364/000121390025004334/ea0201669-17.htm
machine learning,True,DRS,EX-99.1,2026-05-15,"Platinum SpinCo, Inc.  (CIK 0002134183)",,https://www.sec.gov/Archives/edgar/data/2134183/000119312526227248/filename4.htm
machine learning,False,F-4/A,F-4/A,2025-01-31,Webull Corp  (CIK 0001866364),REGISTRATION STATEMENT,https://www.sec.gov/Archives/edgar/data/1866364/000121390025008515/ea0201669-20.htm
machine learning,False,POS AM,POS AM,2026-02-17,Xdata Group  (CIK 0002038688),POS AM,https://www.sec.gov/Archives/edgar/data/2038688/000149315226007053/formposam.htm
machine learning,False,POS AM,POS AM,2026-03-26,OU XDATA GROUP  (CIK 0002045727),POS AM,https://www.sec.gov/Archives/edgar/data/2045727/000149315226012874/formposam.htm
machine learning,False,F-1,F-1,2026-09-01,Bogd FT Ltd  (CIK 0002113733),REGISTRATION STATEMENT,https://www.sec.gov/Archives/edgar/data/2113733/000121390026096115/ea0303823-f1_bogdft.htm
machine learning,False,DEF 14A,DEF 14A,2025-04-07,"Alpha Star Acquisition Corp  (ALSAF, ALSTF, ALSUF, ALSWF)  (CIK 0001865111)",,https://www.sec.gov/Archives/edgar/data/1865111/000164117225002937/formdef14a.htm
machine learning,False,PRE 14A,PRE 14A,2025-03-28,"Alpha Star Acquisition Corp  (ALSAF, ALSTF, ALSUF, ALSWF)  (CIK 0001865111)",,https://www.sec.gov/Archives/edgar/data/1865111/000164117225001110/formpre14a.htm
machine learning,False,POS AM,POS AM,2026-03-26,Xdata Group  (CIK 0002038688),POS AM,https://www.sec.gov/Archives/edgar/data/2038688/000149315226012861/formposam.htm
machine learning,False,485APOS,485APOS,2026-07-09,SHORT-TERM INVESTMENTS TRUST  (CIK 0000205007),POST-EFFECTIVE AMENDMENT FILED PURSUANT TO SECURITIES ACT RULE 485(A),https://www.sec.gov/Archives/edgar/data/205007/000207184426000768/final485.htm
machine learning,False,DRS/A,DRS/A,2026-08-07,Bogd FT Ltd  (CIK 0002113733),,https://www.sec.gov/Archives/edgar/data/2113733/000121390026086513/filename1.htm
machine learning,False,DRS,DRS,2025-01-10,KOKOBOTS GROUP  (CIK 0002045907),,https://www.sec.gov/Archives/edgar/data/2045907/000121390025002616/filename1.htm
machine learning,False,424B3,424B3,2026-07-06,Terra Innovatum Global N.V.  (NKLR)  (CIK 0002067627),PROSPECTUS SUPPLEMENT,https://www.sec.gov/Archives/edgar/data/2067627/000121390026075498/ea029709101-424b3_terra.htm
machine learning,False,F-1/A,F-1/A,2026-04-14,Pacipic Nexus IntelliTech Group  (PNIG)  (CIK 0002089778),REGISTRATION STATEMENT,https://www.sec.gov/Archives/edgar/data/2089778/000121390026043187/ea0263856-06.htm
machine learning,False,485APOS,485APOS,2026-06-24,SHORT-TERM INVESTMENTS TRUST  (CIK 0000205007),POST-EFFECTIVE AMENDMENT FILED PURSUANT TO SECURITIES ACT RULE 485(A),https://www.sec.gov/Archives/edgar/data/205007/000207184426000727/final485.htm
machine learning,False,F-4/A,F-4/A,2025-03-04,Webull Corp  (CIK 0001866364),REGISTRATION STATEMENT,https://www.sec.gov/Archives/edgar/data/1866364/000121390025020294/ea0201669-22.htm
machine learning,True,10-Q,EX-2.1,2026-05-01,"Arcosa, Inc.  (ACA)  (CIK 0001739445)",EX-2.1,https://www.sec.gov/Archives/edgar/data/1739445/000173944526000067/exh21arcosamarineandacmpbu.htm
machine learning,False,424B3,424B3,2025-04-04,Xdata Group  (XDT)  (CIK 0002038688),,https://www.sec.gov/Archives/edgar/data/2038688/000164117225002688/form424b3.htm
machine learning,True,40-F,EX-1.1,2025-02-19,"PAN AMERICAN SILVER CORP  (PAAS, PAASF)  (CIK 0000771992)",EX-1.1,https://www.sec.gov/Archives/edgar/data/771992/000077199225000015/aif-ye2024xv9.htm
machine learning,False,DEF 14A,DEF 14A,2026-05-29,"Alpha Star Acquisition Corp  (ALSAF, ALSTF, ALSUF, ALSWF)  (CIK 0001865111)",DEF 14A,https://www.sec.gov/Archives/edgar/data/1865111/000149315226026329/formdef14a.htm
machine learning,False,424B3,424B3,2026-05-29,Xdata Group  (CIK 0002038688),424B3,https://www.sec.gov/Archives/edgar/data/2038688/000149315226026300/form424b3.htm
machine learning,False,F-1/A,F-1/A,2026-04-30,Pacipic Nexus IntelliTech Group  (PNIG)  (CIK 0002089778),REGISTRATION STATEMENT,https://www.sec.gov/Archives/edgar/data/2089778/000121390026050006/ea0263856-08.htm
machine learning,False,10-K,10-K,2026-06-16,Terra Innovatum Global N.V.  (NKLR)  (CIK 0002067627),ANNUAL REPORT,https://www.sec.gov/Archives/edgar/data/2067627/000121390026068933/ea0285850-10k_terra.htm
machine learning,False,DRS,DRS,2026-03-24,"Securetech Innovations, Inc.  (SCTH)  (CIK 0001703157)",,https://www.sec.gov/Archives/edgar/data/1703157/000101738626000009/filename1.htm
machine learning,False,F-1,F-1,2026-03-20,Pacipic Nexus IntelliTech Group  (CIK 0002089778),REGISTRATION STATEMENT,https://www.sec.gov/Archives/edgar/data/2089778/000121390026032055/ea0263856-05.htm
machine learning,False,20-F,20-F,2026-08-19,KNOREX LTD.  (KNRX)  (CIK 0001982960),20-F,https://www.sec.gov/Archives/edgar/data/1982960/000149315226039058/form20-f.htm
machine learning,False,DRS/A,DRS/A,2026-07-02,Bogd FT Ltd  (CIK 0002113733),,https://www.sec.gov/Archives/edgar/data/2113733/000121390026074778/filename1.htm
machine learning,False,S-1,S-1,2025-05-28,"Dror Ortho-Design, Inc.  (DROR)  (CIK 0001282980)",REGISTRATION STATEMENT,https://www.sec.gov/Archives/edgar/data/1282980/000121390025048332/ea0243616-s1_drorortho.htm
machine learning,False,DRS,DRS,2026-05-15,Gentherm Inc  (THRM)  (CIK 0000903129),,https://www.sec.gov/Archives/edgar/data/903129/000119312526227223/filename1.htm
machine learning,False,DEF 14A,DEF 14A,2026-03-18,Ally Financial Inc.  (ALLY)  (CIK 0000040729),DEF 14A,https://www.sec.gov/Archives/edgar/data/40729/000119312526113819/ally-20260318.htm
machine learning,False,DRS/A,DRS/A,2025-03-07,KOKOBOTS GROUP  (CIK 0002045907),,https://www.sec.gov/Archives/edgar/data/2045907/000121390025021671/filename1.htm
machine learning,False,425,425,2026-10-05,"RXO, Inc.  (RXO)  (CIK 0001929561); C. H. ROBINSON WORLDWIDE, INC.  (CIK 0001043277)",425,https://www.sec.gov/Archives/edgar/data/1929561/000119312526413211/d115124d425.htm
machine learning,False,DRS/A,DRS/A,2025-12-31,Feline Culture Holdings Ltd  (CIK 0002088343),,https://www.sec.gov/Archives/edgar/data/2088343/000121390025126961/filename1.htm
machine learning,False,S-1/A,S-1/A,2025-07-14,"Dror Ortho-Design, Inc.  (DROR)  (CIK 0001282980)",AMENDMENT NO. 1 TO FORM S-1,https://www.sec.gov/Archives/edgar/data/1282980/000121390025063798/ea0248743-s1a1_drorortho.htm
machine learning,False,424B4,424B4,2025-08-14,"rYojbaba Co., Ltd.  (RYOJ)  (CIK 0002012600)",424B4,https://www.sec.gov/Archives/edgar/data/2012600/000164117225024105/form424b4.htm
machine learning,True,6-K,EX-99.1,2025-11-12,"TECK RESOURCES LTD  (TECK, TCKRF)  (CIK 0000886986)",EXHIBIT 99.1,https://www.sec.gov/Archives/edgar/data/886986/000110465925109323/tm2527845d4_ex99-1.htm
machine learning,False,DRS,DRS,2025-08-12,Red Wisdom Creation Ltd  (CIK 0002078532),,https://www.sec.gov/Archives/edgar/data/2078532/000121390025074736/filename1.htm
machine learning,True,8-K,EX-2.1,2025-09-25,MID PENN BANCORP INC  (MPB)  (CIK 0000879635),EX-2.1,https://www.sec.gov/Archives/edgar/data/879635/000119312525217444/d59054dex21.htm
machine learning,False,424B3,424B3,2025-03-10,Webull Corp  (CIK 0001866364),PROSPECTUS,https://www.sec.gov/Archives/edgar/data/1866364/000121390025022229/ea0201669-24.htm
machine learning,True,40-F,EX-1.1,2026-02-18,"PAN AMERICAN SILVER CORP  (PAAS, PAASF)  (CIK 0000771992)",EX-1.1,https://www.sec.gov/Archives/edgar/data/771992/000077199226000019/aif-2025ye.htm
machine learning,False,10-K,10-K,2026-03-31,"Alaunos Therapeutics, Inc.  (TCRT)  (CIK 0001107421)",10-K,https://www.sec.gov/Archives/edgar/data/1107421/000119312526134720/tcrt-20251231.htm
machine learning,False,DEFM14A,DEFM14A,2025-03-10,"SK Growth Opportunities Corp  (SKGR, SKGRU, SKGRW)  (CIK 0001912461)",PROXY STATEMENT,https://www.sec.gov/Archives/edgar/data/1912461/000121390025022264/ea0233691-01.htm
machine learning,False,PRER14A,PRER14A,2026-09-16,"KUSTOM ENTERTAINMENT, INC.  (KUST)  (CIK 0001342958)",PRER14A,https://www.sec.gov/Archives/edgar/data/1342958/000149315226042812/formprer14a.htm
machine learning,False,S-1,S-1,2026-07-29,"Teamshares Inc  (TMS, TMSWW)  (CIK 0002048951)",S-1,https://www.sec.gov/Archives/edgar/data/2048951/000119312526324170/d58823ds1.htm
machine learning,False,PRER14A,PRER14A,2026-09-18,"KUSTOM ENTERTAINMENT, INC.  (KUST)  (CIK 0001342958)",PRER14A,https://www.sec.gov/Archives/edgar/data/1342958/000149315226043302/formprer14a.htm
machine learning,False,S-1/A,S-1/A,2026-02-03,"Dror Ortho-Design, Inc.  (DROR)  (CIK 0001282980)",AMENDMENT NO. 2 TO FORM S-1,https://www.sec.gov/Archives/edgar/data/1282980/000121390026010996/ea0274999-s1a2_drorortho.htm
machine learning,True,8-K,EX-2.1,2026-05-28,"Caesars Entertainment, Inc.  (CZR)  (CIK 0001590895)",EX-2.1,https://www.sec.gov/Archives/edgar/data/1590895/000119312526242995/d143382dex21.htm
machine learning,True,8-K,EX-2.1,2026-01-07,D-Wave Quantum Inc.  (QBTS)  (CIK 0001907982),EX-2.1,https://www.sec.gov/Archives/edgar/data/1907982/000190798226000010/projectquest-filingversi.htm
machine learning,False,DEF 14A,DEF 14A,2026-09-22,"KUSTOM ENTERTAINMENT, INC.  (KUST)  (CIK 0001342958)",DEF 14A,https://www.sec.gov/Archives/edgar/data/1342958/000149315226043692/formdef14a.htm
machine learning,False,10-K,10-K,2025-03-05,LGAM Private Credit LLC  (CIK 0001983514),10-K,https://www.sec.gov/Archives/edgar/data/1983514/000198351425000022/lgam-20241231.htm
machine learning,True,8-K,EX-10.1,2025-10-31,TIPTREE INC.  (TIPT)  (CIK 0001393726),EX-10.1,https://www.sec.gov/Archives/edgar/data/1393726/000119312525259778/tipt-ex10_1.htm
machine learning,False,10-K,10-K,2026-02-25,"Apollo Global Management, Inc.  (APO, APOS, APO-PA)  (CIK 0001858681)",10-K,https://www.sec.gov/Archives/edgar/data/1858681/000185868126000013/apo-20251231.htm
machine learning,False,DEFR14A,DEFR14A,2026-09-23,"KUSTOM ENTERTAINMENT, INC.  (KUST)  (CIK 0001342958)",DEFR14A,https://www.sec.gov/Archives/edgar/data/1342958/000149315226043769/formdefr14a.htm
machine learning,False,DEF 14A,DEF 14A,2026-04-27,NOVAVAX INC  (NVAX)  (CIK 0001000694),DEF 14A,https://www.sec.gov/Archives/edgar/data/1000694/000162828026027328/nvax-20260427.htm
machine learning,False,N-14/A,N-14/A,2026-07-22,RBB Fund Trust  (CIK 0001618627),,https://www.sec.gov/Archives/edgar/data/1618627/000139834426012485/fp0099930-1_n14a.htm
machine learning,False,N-14,N-14,2026-08-25,RBB Fund Trust  (CIK 0001618627),,https://www.sec.gov/Archives/edgar/data/1618627/000139834426015548/fp0100600-1_n14.htm
machine learning,False,10-K,10-K,2025-03-04,"OLAPLEX HOLDINGS, INC.  (OLPX)  (CIK 0001868726)",10-K,https://www.sec.gov/Archives/edgar/data/1868726/000186872625000013/olpx-20241231.htm
machine learning,False,S-1,S-1,2026-05-11,Virtuix Holdings Inc.  (VTIX)  (CIK 0001606242),REGISTRATION STATEMENT,https://www.sec.gov/Archives/edgar/data/1606242/000121390026054471/ea0282570-s1_virtuix.htm
machine learning,False,F-4,F-4,2026-05-26,Bleichroeder Acquisition France Merger Sub 2  (CIK 0002119292); Pasqal Holding SAS  (CIK 0002122325); Bleichroeder Acquisition Corp. II  (CIK 0002088295),REGISTRATION STATEMENT,https://www.sec.gov/Archives/edgar/data/2119292/000121390026061033/ea0282861-02.htm
machine learning,False,424B3,424B3,2026-05-14,Virtuix Holdings Inc.  (VTIX)  (CIK 0001606242),PROSPECTUS,https://www.sec.gov/Archives/edgar/data/1606242/000121390026056262/ea0290695-424b3_virtuix.htm
machine learning,False,PREM14A,PREM14A,2025-12-23,CRAWFORD UNITED Corp  (CRAWA)  (CIK 0000047307),FORM PREM14A,https://www.sec.gov/Archives/edgar/data/47307/000143774925038690/crawa20251222_prem14a.htm
machine learning,False,N-14/A,N-14/A,2026-08-05,RBB Fund Trust  (CIK 0001618627),,https://www.sec.gov/Archives/edgar/data/1618627/000139834426013606/fp0100305-1_n14a.htm
machine learning,False,S-4/A,S-4/A,2026-09-11,NON INVASIVE MONITORING SYSTEMS INC /FL/  (NIMU)  (CIK 0000720762),S-4/A,https://www.sec.gov/Archives/edgar/data/720762/000149315226042269/forms-4a.htm
machine learning,True,8-K,EX-2.1,2026-01-15,Penumbra Inc  (PEN)  (CIK 0001321732),EXHIBIT 2.1,https://www.sec.gov/Archives/edgar/data/1321732/000095010326000523/dp240008_ex0201.htm
machine learning,True,8-K,EX-2.1,2026-01-15,BOSTON SCIENTIFIC CORP  (BSX)  (CIK 0000885725),AGREEMENT AND PLAN OF MERGER,https://www.sec.gov/Archives/edgar/data/885725/000094787126000037/ss5822815_ex0201.htm
machine learning,True,8-K,EX-2.1,2026-09-04,FLEX LTD.  (FLEX)  (CIK 0000866374),EX-2.1,https://www.sec.gov/Archives/edgar/data/866374/000119312526382492/d108491dex21.htm
machine learning,False,S-4,S-4,2026-07-02,InMed Pharmaceuticals Inc.  (INM)  (CIK 0001728328),S-4,https://www.sec.gov/Archives/edgar/data/1728328/000119312526294455/d131177ds4.htm
machine learning,False,N-14/A,N-14/A,2026-06-18,RBB Fund Trust  (CIK 0001618627),,https://www.sec.gov/Archives/edgar/data/1618627/000139834426011051/fp0099153-1_n14a.htm
machine learning,False,S-1,S-1,2025-10-23,"Innventure, Inc.  (INV, INVLW)  (CIK 0002001557)",S-1,https://www.sec.gov/Archives/edgar/data/2001557/000114036125039085/ny20057508x1_s1.htm
machine learning,False,DEF 14A,DEF 14A,2026-04-16,"Salesforce, Inc.  (CRM)  (CIK 0001108524)",DEF 14A,https://www.sec.gov/Archives/edgar/data/1108524/000110852426000085/crm-20260416.htm
machine learning,True,425,EX-2.1,2026-01-15,Penumbra Inc  (PEN)  (CIK 0001321732),EXHIBIT 2.1,https://www.sec.gov/Archives/edgar/data/1321732/000095010326000524/dp240009_ex0201.htm
machine learning,False,DRS,DRS,2025-01-03,DT House Ltd  (CIK 0002047713),,https://www.sec.gov/Archives/edgar/data/2047713/000121390025000794/filename1.htm
machine learning,False,485APOS,485APOS,2025-12-11,SHORT-TERM INVESTMENTS TRUST  (CIK 0000205007),485APOS,https://www.sec.gov/Archives/edgar/data/205007/000119312525315498/d31263d485apos.htm
machine learning,False,S-4/A,S-4/A,2026-09-25,NON INVASIVE MONITORING SYSTEMS INC /FL/  (NIMU)  (CIK 0000720762),S-4/A,https://www.sec.gov/Archives/edgar/data/720762/000149315226044216/forms-4a.htm
machine learning,False,DRS,DRS,2025-04-11,Riverstone Ltd  (CIK 0002062397),,https://www.sec.gov/Archives/edgar/data/2062397/000164117225003767/filename1.htm
machine learning,True,425,EX-2.1,2026-01-15,Penumbra Inc  (PEN)  (CIK 0001321732); BOSTON SCIENTIFIC CORP  (CIK 0000885725),AGREEMENT AND PLAN OF MERGER,https://www.sec.gov/Archives/edgar/data/1321732/000094787126000038/ss5822815_ex0201.htm
machine learning,True,425,EX-2.1,2025-04-15,ICAD INC  (ICAD)  (CIK 0000749660),,https://www.sec.gov/Archives/edgar/data/749660/000119380525000484/e664385_ex2-1.htm
machine learning,False,DEFM14A,DEFM14A,2026-01-05,CRAWFORD UNITED Corp  (CRAWA)  (CIK 0000047307),FORM DEFM14A,https://www.sec.gov/Archives/edgar/data/47307/000143774926000391/crawa20260103_defm14a.htm
machine learning,False,ARS,ARS,2025-11-10,"NanoVibronix, Inc.  (NAOV)  (CIK 0001326706)",ARS,https://www.sec.gov/Archives/edgar/data/1326706/000149315225021357/formars.pdf
machine learning,False,S-4/A,S-4/A,2026-10-06,NON INVASIVE MONITORING SYSTEMS INC /FL/  (NIMU)  (CIK 0000720762),S-4/A,https://www.sec.gov/Archives/edgar/data/720762/000149315226045812/forms-4a.htm
machine learning,False,PREM14A,PREM14A,2026-07-17,"DESTINATION XL GROUP, INC.  (DXLG)  (CIK 0000813298)",PREM14A,https://www.sec.gov/Archives/edgar/data/813298/000119312526307826/d76201dprem14a.htm
machine learning,True,8-K,EX-2.1,2025-04-15,ICAD INC  (ICAD)  (CIK 0000749660),,https://www.sec.gov/Archives/edgar/data/749660/000119380525000483/e664385_ex2-1.htm
machine learning,False,20-F,20-F,2026-02-26,"HSBC HOLDINGS PLC  (HSBC, HBCYF)  (CIK 0001089113)",20-F,https://www.sec.gov/Archives/edgar/data/1089113/000108911326000010/hsbc-20251231.htm
machine learning,False,S-4/A,S-4/A,2026-10-08,"Fulcrum Therapeutics, Inc.  (FULC)  (CIK 0001680581)",S-4/A,https://www.sec.gov/Archives/edgar/data/1680581/000119312526418056/d127837ds4a.htm
machine learning,False,S-4,S-4,2026-08-12,"SPACSphere Acquisition Corp.  (SSAC, SSACR, SSACU, SSACW)  (CIK 0002081300); Mobilewalla Holdco, Inc.  (CIK 0002149218)",S-4,https://www.sec.gov/Archives/edgar/data/2081300/000119312526347101/d144744ds4.htm
machine learning,False,PRER14A,PRER14A,2026-09-23,"DESTINATION XL GROUP, INC.  (DXLG)  (CIK 0000813298)",PRER14A,https://www.sec.gov/Archives/edgar/data/813298/000119312526398319/d76201dprer14a.htm
machine learning,False,20-F,20-F,2025-02-20,"HSBC HOLDINGS PLC  (HSBC, HBCYF)  (CIK 0001089113)",20-F,https://www.sec.gov/Archives/edgar/data/1089113/000108911325000040/hsbc-20241231.htm
machine learning,False,S-4,S-4,2026-09-02,"Fulcrum Therapeutics, Inc.  (FULC)  (CIK 0001680581)",S-4,https://www.sec.gov/Archives/edgar/data/1680581/000119312526379106/d127837ds4.htm
machine learning,False,DEFA14A,DEFA14A,2026-05-28,"Caesars Entertainment, Inc.  (CZR)  (CIK 0001590895)",DEFA14A,https://www.sec.gov/Archives/edgar/data/1590895/000119312526242998/d143382ddefa14a.htm
machine learning,False,PREM14A,PREM14A,2026-09-15,"Weave Communications, Inc.  (WEAV)  (CIK 0001609151)",PREM14A,https://www.sec.gov/Archives/edgar/data/1609151/000114036126036669/ny20081403x1_prem14a.htm
machine learning,False,F-1,F-1,2026-01-21,Cloud Data Holdings Corp  (CIK 0002078905),REGISTRATION STATEMENT,https://www.sec.gov/Archives/edgar/data/2078905/000121390026006155/ea0248977-06.htm
machine learning,False,DEFM14A,DEFM14A,2026-09-25,"Weave Communications, Inc.  (WEAV)  (CIK 0001609151)",DEFM14A,https://www.sec.gov/Archives/edgar/data/1609151/000114036126037628/ny20081403x2_defm14a.htm
machine learning,True,8-K,EX-2.1,2026-02-11,Great Lakes Dredge & Dock CORP  (GLDD)  (CIK 0001372020),EX-2.1,https://www.sec.gov/Archives/edgar/data/1372020/000119312526045567/d68610dex21.htm
machine learning,False,DRS,DRS,2025-07-15,Aptorum Group Ltd  (APM)  (CIK 0001734005),,https://www.sec.gov/Archives/edgar/data/1734005/000121390025063899/filename1.htm
machine learning,False,DRS/A,DRS/A,2025-11-13,"Invea Therapeutics, Inc  (CIK 0001906425)",,https://www.sec.gov/Archives/edgar/data/1906425/000121390025109468/filename1.htm
machine learning,False,10-K,10-K,2026-03-31,Kennedy Lewis Capital Co  (CIK 0001911321),10-K,https://www.sec.gov/Archives/edgar/data/1911321/000191132126000009/ck0001911321-20251231.htm
machine learning,False,S-1/A,S-1/A,2026-03-02,Long Table Growth Corp.  (LTGR)  (CIK 0002104177),REGISTRATION STATEMENT,https://www.sec.gov/Archives/edgar/data/2104177/000121390026022176/ea0272676-02.htm
machine learning,False,F-1/A,F-1/A,2026-02-04,Cloud Data Holdings Corp  (CDN)  (CIK 0002078905),REGISTRATION STATEMENT,https://www.sec.gov/Archives/edgar/data/2078905/000121390026012094/ea0248977-07.htm
machine learning,False,F-1,F-1,2026-02-06,Feline Culture Holdings Ltd  (CIK 0002088343),REGISTRATION STATEMENT,https://www.sec.gov/Archives/edgar/data/2088343/000121390026013186/ea0259097-05.htm
machine learning,True,8-K,EX-2.1,2025-04-16,"GeneDx Holdings Corp.  (WGS, WGSWW)  (CIK 0001818331)",EX-2.1,https://www.sec.gov/Archives/edgar/data/1818331/000181833125000057/projectflare-mergeragreeme.htm
machine learning,True,8-K,EX-2.1,2026-01-05,OCEANFIRST FINANCIAL CORP  (OCFC)  (CIK 0001004702),EX-2.1,https://www.sec.gov/Archives/edgar/data/1004702/000119312526002442/d89014dex21.htm
machine learning,False,S-1,S-1,2026-04-08,Avalon GloboCare Corp.  (ALBT)  (CIK 0001630212),REGISTRATION STATEMENT,https://www.sec.gov/Archives/edgar/data/1630212/000121390026041585/ea0285118-s1_avalon.htm
machine learning,False,S-1,S-1,2026-01-20,Long Table Growth Corp.  (CIK 0002104177),REGISTRATION STATEMENT,https://www.sec.gov/Archives/edgar/data/2104177/000121390026005733/ea0272676-01.htm
machine learning,False,DRS/A,DRS/A,2025-09-19,Red Wisdom Creation Ltd  (CIK 0002078532),,https://www.sec.gov/Archives/edgar/data/2078532/000121390025089329/filename1.htm
machine learning,True,8-K,EX-2.1,2025-10-16,"Hillenbrand, Inc.  (HI)  (CIK 0001417398)",EX-2.1,https://www.sec.gov/Archives/edgar/data/1417398/000119312525241524/d937700dex21.htm
machine learning,True,8-K,EX-10.1,2025-11-05,PTC INC.  (PTC)  (CIK 0000857005),"EX-10.1 ASSET PURCHASE AGREEMENT DATED NOVEMBER 5, 2025 BY AND BETWEEN PTC INC. AND PARROT US BUYER, L.P.",https://www.sec.gov/Archives/edgar/data/857005/000119312525267120/ptc-ex10_1.htm
machine learning,False,DEFM14A,DEFM14A,2026-04-13,"Clear Channel Outdoor Holdings, Inc.  (CCO)  (CIK 0001334978)",PROXY STATEMENT,https://www.sec.gov/Archives/edgar/data/1334978/000121390026042721/ea0283916-02.htm
machine learning,False,PREM14A,PREM14A,2025-12-31,"Inspirato Inc  (ISPO, ISPOW)  (CIK 0001820566)",PREM14A,https://www.sec.gov/Archives/edgar/data/1820566/000182056625000226/ispo-12312025xprem14a.htm
machine learning,False,DRS/A,DRS/A,2025-12-11,Red Wisdom Creation Ltd  (CIK 0002078532),,https://www.sec.gov/Archives/edgar/data/2078532/000121390025120487/filename1.htm
machine learning,False,ARS,ARS,2026-04-17,"J.P. Morgan Real Estate Income Trust, Inc.  (CIK 0001893262)",ARS,https://www.sec.gov/Archives/edgar/data/1893262/000119312526160757/annual_report_2025.pdf
machine learning,False,424B3,424B3,2026-03-17,"J.P. Morgan Real Estate Income Trust, Inc.  (CIK 0001893262)",424B3,https://www.sec.gov/Archives/edgar/data/1893262/000119312526110071/no.2_february26_nav_pro-.htm
machine learning,True,8-K,EX-2.1,2026-01-05,FLUSHING FINANCIAL CORP  (FFIC)  (CIK 0000923139),EX-2.1,https://www.sec.gov/Archives/edgar/data/923139/000119312526002449/d80950dex21.htm
machine learning,False,F-1/A,F-1/A,2026-02-26,Red Wisdom Creation Ltd  (CIK 0002078532),REGISTRATION STATEMENT,https://www.sec.gov/Archives/edgar/data/2078532/000121390026020805/ea0250270-07.htm
machine learning,False,DRS/A,DRS/A,2025-04-25,KOKOBOTS GROUP  (CIK 0002045907),,https://www.sec.gov/Archives/edgar/data/2045907/000121390025035483/filename1.htm
machine learning,False,DEFM14A,DEFM14A,2026-05-27,"Live Oak Acquisition Corp. V  (LOKV, LOKVU, LOKVW)  (CIK 0002048951)",DEFM14A,https://www.sec.gov/Archives/edgar/data/2048951/000119312526240707/d82890ddefm14a.htm
machine learning,False,F-1,F-1,2026-01-16,Red Wisdom Creation Ltd  (CIK 0002078532),REGISTRATION STATEMENT,https://www.sec.gov/Archives/edgar/data/2078532/000121390026004999/ea0250270-06.htm
machine learning,False,424B3,424B3,2026-05-27,BRINKS CO  (BCO)  (CIK 0000078890),424B3,https://www.sec.gov/Archives/edgar/data/78890/000114036126022935/ny20069704x6_424b3.htm
machine learning,False,10-K,10-K,2025-03-06,T Series Middle Market Loan Fund LLC  (CIK 0001885968),10-K,https://www.sec.gov/Archives/edgar/data/1885968/000188596825000005/tsf-20241231.htm
machine learning,False,DRS/A,DRS/A,2025-07-03,MEDIAON GROUP INC.  (CIK 0002059702),,https://www.sec.gov/Archives/edgar/data/2059702/000164117225017771/filename1.htm
machine learning,False,10-K,10-K,2026-03-04,SL Investment Fund II LLC  (CIK 0002028686),10-K,https://www.sec.gov/Archives/edgar/data/2028686/000119312526091861/ck0002028686-20251231.htm
machine learning,False,S-4/A,S-4/A,2026-05-19,"Live Oak Acquisition Corp. V  (LOKV, LOKVU, LOKVW)  (CIK 0002048951); Teamshares Inc.  (CIK 0001783876)",S-4/A,https://www.sec.gov/Archives/edgar/data/2048951/000119312526229758/d82890ds4a.htm
machine learning,False,S-4,S-4,2026-04-29,BRINKS CO  (BCO)  (CIK 0000078890),S-4,https://www.sec.gov/Archives/edgar/data/78890/000114036126017833/ny20069704x1_s4.htm
machine learning,False,PREM14A,PREM14A,2026-04-02,"Clear Channel Outdoor Holdings, Inc.  (CCO)  (CIK 0001334978)",PROXY STATEMENT,https://www.sec.gov/Archives/edgar/data/1334978/000121390026039329/ea0283916-01.htm
machine learning,False,10-K,10-K,2025-03-31,AB Private Lending Fund  (CIK 0001982701),10-K,https://www.sec.gov/Archives/edgar/data/1982701/000095017025047687/ck0001982701-20241231.htm
machine learning,False,DEFM14A,DEFM14A,2026-05-27,NCR Atleos Corp  (NATL)  (CIK 0001974138),DEFM14A,https://www.sec.gov/Archives/edgar/data/1974138/000114036126022937/ny20067297x1_defm14a.htm
machine learning,False,424B3,424B3,2026-05-27,"Live Oak Acquisition Corp. V  (LOKV, LOKVU, LOKVW)  (CIK 0002048951)",424B3,https://www.sec.gov/Archives/edgar/data/2048951/000119312526240661/d82890d424b3.htm
machine learning,False,424B5,424B5,2026-07-28,"Banzai International, Inc.  (BNZI, BNZIW)  (CIK 0001826011)",424B5,https://www.sec.gov/Archives/edgar/data/1826011/000149315226034959/form424b5.htm
machine learning,False,S-4/A,S-4/A,2026-05-22,"Live Oak Acquisition Corp. V  (LOKV, LOKVU, LOKVW)  (CIK 0002048951); Teamshares Inc.  (CIK 0001783876)",S-4/A,https://www.sec.gov/Archives/edgar/data/2048951/000119312526236646/d82890ds4a.htm
machine learning,True,10-Q,EX-2.2,2026-08-04,"Certara, Inc.  (CERT)  (CIK 0001827090)",EX-2.2,https://www.sec.gov/Archives/edgar/data/1827090/000182709026000028/projectsymphony-purchaseag.htm
machine learning,False,10-K,10-K,2025-03-31,"CHINA PHARMA HOLDINGS, INC.  (CPHI)  (CIK 0001106644)",ANNUAL REPORT,https://www.sec.gov/Archives/edgar/data/1106644/000121390025026280/ea0234263-10k_chinapharm.htm
machine learning,False,10-K,10-K,2025-04-15,"SS Innovations International, Inc.  (SSII)  (CIK 0001676163)",ANNUAL REPORT,https://www.sec.gov/Archives/edgar/data/1676163/000121390025031773/ea0237619-10k_ssinnova.htm
machine learning,False,424B5,424B5,2025-05-22,"Jaguar Health, Inc.  (JAGX)  (CIK 0001585608)",424B5,https://www.sec.gov/Archives/edgar/data/1585608/000119312525124302/d896197d424b5.htm
machine learning,False,DEFA14A,DEFA14A,2026-09-04,FLEX LTD.  (FLEX)  (CIK 0000866374),DEFA14A,https://www.sec.gov/Archives/edgar/data/866374/000119312526382496/d108491ddefa14a.htm
machine learning,False,S-1,S-1,2026-09-18,"Fold Holdings, Inc.  (FLD, FLDDW)  (CIK 0001889123)",REGISTRATION STATEMENT,https://www.sec.gov/Archives/edgar/data/1889123/000121390026101444/ea0301910-01.htm
machine learning,False,486BPOS,486BPOS,2026-06-25,Invesco Senior Loan Fund  (CIK 0000853180),486BPOS,https://www.sec.gov/Archives/edgar/data/853180/000110465926077699/tm2618495d1_486bpos.htm
machine learning,False,S-4/A,S-4/A,2025-02-12,"New Pluto Global, Inc.  (CIK 0002041610)",S-4/A,https://www.sec.gov/Archives/edgar/data/2041610/000119312525024774/d813356ds4a.htm
machine learning,False,PRER14A,PRER14A,2026-10-02,"DESTINATION XL GROUP, INC.  (DXLG)  (CIK 0000813298)",PRER14A,https://www.sec.gov/Archives/edgar/data/813298/000119312526411110/d76201dprer14a.htm
machine learning,False,PRER14A,PRER14A,2026-09-02,"DESTINATION XL GROUP, INC.  (DXLG)  (CIK 0000813298)",PRER14A,https://www.sec.gov/Archives/edgar/data/813298/000119312526380176/d76201dprer14a.htm
machine learning,False,PREM14A,PREM14A,2025-01-21,"Aadi Bioscience, Inc.  (AADI)  (CIK 0001422142)",PREM14A,https://www.sec.gov/Archives/edgar/data/1422142/000119312525009599/d923919dprem14a.htm
machine learning,False,DEFM14C,DEFM14C,2025-02-13,"Paramount Global  (PARA, PARAA)  (CIK 0000813828)",DEFM14C,https://www.sec.gov/Archives/edgar/data/813828/000119312525026059/d813356ddefm14c.htm
machine learning,False,DEFA14A,DEFA14A,2025-09-23,QUANTUM CORP /DE/  (QMCO)  (CIK 0000709283),DEFA14A,https://www.sec.gov/Archives/edgar/data/709283/000119312525212384/d12850ddefa14a.htm
machine learning,False,424B5,424B5,2026-08-11,"Banzai International, Inc.  (BNZI, BNZIW)  (CIK 0001826011)",424B5,https://www.sec.gov/Archives/edgar/data/1826011/000149315226037107/form424b5.htm
machine learning,False,DEF 14A,DEF 14A,2026-04-21,SEMTECH CORP  (SMTC)  (CIK 0000088941),DEF 14A,https://www.sec.gov/Archives/edgar/data/88941/000114036126015949/ny20064946x771_def14a.htm
machine learning,False,S-4/A,S-4/A,2026-08-26,"NON INVASIVE MONITORING SYSTEMS INC /FL/  (NIMU, NIMUD)  (CIK 0000720762)",S-4/A,https://www.sec.gov/Archives/edgar/data/720762/000149315226040147/forms-4a.htm
machine learning,True,8-K,EX-2.1,2026-10-05,"RXO, Inc.  (RXO)  (CIK 0001929561)",EXHIBIT 2.1,https://www.sec.gov/Archives/edgar/data/1929561/000114036126038548/ef20083265_ex2-1.htm
machine learning,False,ARS,ARS,2026-06-24,AB Private Lending Fund  (CIK 0001982701),ARS,https://www.sec.gov/Archives/edgar/data/1982701/000119312526281301/d149699dars.pdf
machine learning,False,DEFM14A,DEFM14A,2026-03-24,"DigitalBridge Group, Inc.  (DBRG, DBRG-PH, DBRG-PI, DBRG-PJ)  (CIK 0001679688)",DEFM14A,https://www.sec.gov/Archives/edgar/data/1679688/000110465926033634/tm267669-2_defm14a.htm
machine learning,False,PREM14A,PREM14A,2026-03-06,"DigitalBridge Group, Inc.  (DBRG, DBRG-PH, DBRG-PI, DBRG-PJ)  (CIK 0001679688)",PREM14A,https://www.sec.gov/Archives/edgar/data/1679688/000110465926024792/tm267669-1_prem14a.htm
machine learning,True,8-K,EX-2.1,2025-01-13,"Enfusion, Inc.  (ENFN)  (CIK 0001868912)",EXHIBIT 2.1,https://www.sec.gov/Archives/edgar/data/1868912/000110465925002843/tm251420d1_ex2-1.htm
machine learning,True,8-K,EX-2.1,2025-01-13,"Clearwater Analytics Holdings, Inc.  (CWAN)  (CIK 0001866368)",EX-2.1,https://www.sec.gov/Archives/edgar/data/1866368/000119312525004935/d921635dex21.htm
machine learning,False,PREM14A,PREM14A,2025-06-30,STREAMLINE HEALTH SOLUTIONS INC.  (STRM)  (CIK 0001008586),FORM PREM14A,https://www.sec.gov/Archives/edgar/data/1008586/000143774925021552/strm20250616_prem14a.htm
machine learning,False,S-4/A,S-4/A,2025-02-12,"NorthView Acquisition Corp  (NVAC, NVACR, NVACW)  (CIK 0001859807)",REGISTRATION STATEMENT,https://www.sec.gov/Archives/edgar/data/1859807/000121390025012354/ea0224454-01.htm
machine learning,False,425,425,2025-09-25,MID PENN BANCORP INC  (MPB)  (CIK 0000879635),425,https://www.sec.gov/Archives/edgar/data/879635/000119312525217456/d59054d425.htm
machine learning,False,F-1/A,F-1/A,2025-02-14,"rYojbaba Co., Ltd.  (RYOJ)  (CIK 0002012600)",,https://www.sec.gov/Archives/edgar/data/2012600/000149315225006517/formf-1a.htm
machine learning,False,S-1,S-1,2025-09-12,Shreya Acquisition Group  (CIK 0002083452),S-1,https://www.sec.gov/Archives/edgar/data/2083452/000182912625007368/shreyaacq_s1.htm
machine learning,False,S-4/A,S-4/A,2025-02-06,"New Pluto Global, Inc.  (CIK 0002041610)",S-4/A,https://www.sec.gov/Archives/edgar/data/2041610/000119312525021328/d813356ds4a.htm
machine learning,False,S-4/A,S-4/A,2025-01-14,"New Pluto Global, Inc.  (CIK 0002041610)",S-4/A,https://www.sec.gov/Archives/edgar/data/2041610/000119312525006255/d813356ds4a.htm
machine learning,False,S-4/A,S-4/A,2025-02-13,"New Pluto Global, Inc.  (CIK 0002041610)",S-4/A,https://www.sec.gov/Archives/edgar/data/2041610/000119312525025303/d813356ds4a.htm
machine learning,False,DEFM14A,DEFM14A,2025-01-31,"Aadi Bioscience, Inc.  (AADI)  (CIK 0001422142)",DEFM14A,https://www.sec.gov/Archives/edgar/data/1422142/000119312525018470/d923919ddefm14a.htm
machine learning,False,424B3,424B3,2025-02-13,"New Pluto Global, Inc.  (CIK 0002041610)",424B3,https://www.sec.gov/Archives/edgar/data/2041610/000119312525026058/d813356d424b3.htm
machine learning,False,S-1/A,S-1/A,2026-05-29,Long Table Growth Corp.  (LTGR)  (CIK 0002104177),REGISTRATION STATEMENT,https://www.sec.gov/Archives/edgar/data/2104177/000121390026062817/ea0272676-04.htm
machine learning,False,424B4,424B4,2026-06-04,Long Table Growth Corp.  (LTGR)  (CIK 0002104177),PROSPECTUS,https://www.sec.gov/Archives/edgar/data/2104177/000121390026065344/ea0272676-05.htm
machine learning,False,S-4/A,S-4/A,2026-01-20,"Churchill Capital Corp X/Cayman  (CCCX, CCCXU, CCCXW)  (CIK 0002007825); ColdQuanta, Inc.  (CIK 0001746727)",S-4/A,https://www.sec.gov/Archives/edgar/data/2007825/000119312526015928/d22517ds4a.htm
machine learning,False,DEFM14A,DEFM14A,2025-07-10,STREAMLINE HEALTH SOLUTIONS INC.  (STRM)  (CIK 0001008586),FORM DEFM14A,https://www.sec.gov/Archives/edgar/data/1008586/000143774925022490/strm20250707_defm14a.htm
machine learning,False,S-4/A,S-4/A,2026-05-01,"Live Oak Acquisition Corp. V  (LOKV, LOKVU, LOKVW)  (CIK 0002048951); Teamshares Inc.  (CIK 0001783876)",S-4/A,https://www.sec.gov/Archives/edgar/data/2048951/000119312526198469/d82890ds4a.htm
machine learning,False,485BPOS,485BPOS,2026-09-28,SHORT-TERM INVESTMENTS TRUST  (CIK 0000205007),485BPOS,https://www.sec.gov/Archives/edgar/data/205007/000110465926111404/tm2626183d1_485bpos.htm
machine learning,True,8-K,EX-2.1,2026-01-06,Mobileye Global Inc.  (MBLY)  (CIK 0001910139),EXHIBIT 2.1,https://www.sec.gov/Archives/edgar/data/1910139/000110465926001340/tm261864d1_ex2-1.htm
machine learning,False,DEFM14A,DEFM14A,2026-06-29,"Amneal Pharmaceuticals, Inc.  (AMRX)  (CIK 0001723128)",DEFM14A,https://www.sec.gov/Archives/edgar/data/1723128/000114036126026611/ny20075452x2_defm14a.htm
machine learning,False,10-K,10-K,2025-03-26,Kennedy Lewis Capital Co  (CIK 0001911321),10-K,https://www.sec.gov/Archives/edgar/data/1911321/000095017025045057/ck0001911321-20241231.htm
machine learning,False,S-4/A,S-4/A,2026-01-22,"Churchill Capital Corp X/Cayman  (CCCX, CCCXU, CCCXW)  (CIK 0002007825); ColdQuanta, Inc.  (CIK 0001746727)",S-4/A,https://www.sec.gov/Archives/edgar/data/2007825/000119312526018589/d22517ds4a.htm
machine learning,False,S-1,S-1,2025-02-10,ScanTech AI Systems Inc.  (STAI)  (CIK 0001994624),S-1,https://www.sec.gov/Archives/edgar/data/1994624/000141057825000109/tmb-20240930xs1.htm
machine learning,False,486BPOS,486BPOS,2025-06-26,Invesco Senior Loan Fund  (CIK 0000853180),486BPOS,https://www.sec.gov/Archives/edgar/data/853180/000110465925062977/tm2518864d1_486bpos.htm
machine learning,False,PREM14C,PREM14C,2025-10-27,INTEGRAL AD SCIENCE HOLDING CORP.  (IAS)  (CIK 0001842718),PREM14C,https://www.sec.gov/Archives/edgar/data/1842718/000114036125039498/ny20056670x1_prem14c.htm
machine learning,False,424B3,424B3,2026-01-23,"Churchill Capital Corp X/Cayman  (CCCX, CCCXU, CCCXW)  (CIK 0002007825); ColdQuanta, Inc.  (CIK 0001746727)",424B3,https://www.sec.gov/Archives/edgar/data/2007825/000119312526021087/d22517d424b3.htm
machine learning,False,20-F,20-F,2025-10-24,Galaxy Payroll Group Ltd  (GLXG)  (CIK 0001905920),ANNUAL REPORT,https://www.sec.gov/Archives/edgar/data/1905920/000121390025102144/ea0251167-20f_galaxy.htm
machine learning,True,8-K,EX-2.1,2026-10-05,"C. H. ROBINSON WORLDWIDE, INC.  (CHRW)  (CIK 0001043277)",EX-2.1,https://www.sec.gov/Archives/edgar/data/1043277/000119312526413203/d115124dex21.htm
machine learning,True,425,EX-2.1,2025-01-13,"Clearwater Analytics Holdings, Inc.  (CWAN)  (CIK 0001866368); Enfusion, Inc.  (CIK 0001868912)",EXHIBIT 2.1,https://www.sec.gov/Archives/edgar/data/1866368/000110465925003010/tm251420d4_ex2-1.htm
machine learning,True,425,EX-2.1,2026-10-05,"RXO, Inc.  (RXO)  (CIK 0001929561)",EXHIBIT 2.1,https://www.sec.gov/Archives/edgar/data/1929561/000114036126038549/ef20083265_ex2-1.htm
machine learning,False,PREM14A,PREM14A,2026-06-18,"Amneal Pharmaceuticals, Inc.  (AMRX)  (CIK 0001723128)",PREM14A,https://www.sec.gov/Archives/edgar/data/1723128/000114036126025784/ny20075452x1_prem14a.htm
machine learning,False,10-K,10-K,2026-03-16,"J.P. Morgan Real Estate Income Trust, Inc.  (CIK 0001893262)",10-K,https://www.sec.gov/Archives/edgar/data/1893262/000119312526107971/ck0001893262-20251231.htm
machine learning,False,DEFA14A,DEFA14A,2025-10-16,"Hillenbrand, Inc.  (HI)  (CIK 0001417398)",DEFA14A,https://www.sec.gov/Archives/edgar/data/1417398/000119312525241530/d937700ddefa14a.htm
machine learning,False,PREM14A,PREM14A,2026-04-15,SELECT MEDICAL HOLDINGS CORP  (SEM)  (CIK 0001320414),PREM14A,https://www.sec.gov/Archives/edgar/data/1320414/000110465926043505/tm268269-1_prem14a.htm
machine learning,False,ARS,ARS,2025-06-04,"CIRRUS LOGIC, INC.  (CRUS)  (CIK 0000772406)",ARS,https://www.sec.gov/Archives/edgar/data/772406/000077240625000020/crusformarsfy25final6425.pdf
machine learning,False,DRS,DRS,2026-02-11,Virtuix Holdings Inc.  (VTIX)  (CIK 0001606242),,https://www.sec.gov/Archives/edgar/data/1606242/000121390026014604/filename1.htm
machine learning,False,S-4/A,S-4/A,2026-05-22,BRINKS CO  (BCO)  (CIK 0000078890),S-4/A,https://www.sec.gov/Archives/edgar/data/78890/000114036126022538/ny20069704x4_s4a.htm
machine learning,False,DRS/A,DRS/A,2025-08-28,Hacker Interstellar Inc.  (CIK 0002070237),,https://www.sec.gov/Archives/edgar/data/2070237/000121390025081371/filename1.htm
machine learning,False,DRS/A,DRS/A,2025-09-23,Virtuix Holdings Inc.  (CIK 0001606242),,https://www.sec.gov/Archives/edgar/data/1606242/000121390025090240/filename1.htm
machine learning,False,424B4,424B4,2026-01-26,Virtuix Holdings Inc.  (VTIX)  (CIK 0001606242),PROSPECTUS,https://www.sec.gov/Archives/edgar/data/1606242/000121390026007731/ea0251002-08.htm
machine learning,False,DEFM14C,DEFM14C,2025-11-07,INTEGRAL AD SCIENCE HOLDING CORP.  (IAS)  (CIK 0001842718),DEFM14C,https://www.sec.gov/Archives/edgar/data/1842718/000114036125040934/ny20056670x2_defm14c.htm
machine learning,False,S-4/A,S-4/A,2026-03-27,"IonQ, Inc.  (IONQ, IONQ-WT)  (CIK 0001824920)",S-4/A,https://www.sec.gov/Archives/edgar/data/1824920/000119312526129336/d88629ds4a.htm
machine learning,False,ARS,ARS,2026-06-24,AB Private Credit Investors Corp  (CIK 0001634452),ARS,https://www.sec.gov/Archives/edgar/data/1634452/000119312526281296/d159211dars.pdf
machine learning,False,424B3,424B3,2026-03-31,"IonQ, Inc.  (IONQ, IONQ-WT)  (CIK 0001824920)",424B3,https://www.sec.gov/Archives/edgar/data/1824920/000119312526134933/d88629d424b3.htm
machine learning,False,S-4,S-4,2026-03-20,"IonQ, Inc.  (IONQ, IONQ-WT)  (CIK 0001824920)",S-4,https://www.sec.gov/Archives/edgar/data/1824920/000119312526117933/d88629ds4.htm
machine learning,False,10-K,10-K,2026-03-31,OS Therapies Inc  (OSTX)  (CIK 0001795091),ANNUAL REPORT,https://www.sec.gov/Archives/edgar/data/1795091/000121390026036629/ea0283146-10k_ostherap.htm
machine learning,False,ARS,ARS,2026-07-24,OS Therapies Inc  (OSTX)  (CIK 0001795091),ARS,https://www.sec.gov/Archives/edgar/data/1795091/000121390026081423/ea0298814-02.pdf
machine learning,True,8-K,EX-2.1,2026-04-22,"Amneal Pharmaceuticals, Inc.  (AMRX)  (CIK 0001723128)",EX-2.1,https://www.sec.gov/Archives/edgar/data/1723128/000119312526168231/d126526dex21.htm
machine learning,True,6-K,EX-99.1,2026-03-26,"PRUDENTIAL PLC  (PUK, PUKPF)  (CIK 0001116578)",EX-99.1,https://www.sec.gov/Archives/edgar/data/1116578/000162828026021182/prudentialannualreport2025.pdf
machine learning,False,F-1/A,F-1/A,2026-05-13,MEDIAON GROUP INC.  (CIK 0002059702),F-1/A,https://www.sec.gov/Archives/edgar/data/2059702/000149315226022550/formf-1a.htm
machine learning,True,8-K,EX-2.1,2025-05-27,"E2open Parent Holdings, Inc.  (ETWO, ETWOW)  (CIK 0001800347)",EX-2.1,https://www.sec.gov/Archives/edgar/data/1800347/000119312525126316/d924933dex21.htm
machine learning,False,F-1,F-1,2025-09-16,Lytus Technologies Holdings PTV. Ltd.  (LYTHF)  (CIK 0001816319),REGISTRATION STATEMENT,https://www.sec.gov/Archives/edgar/data/1816319/000121390025088188/ea0256941-f1_lytus.htm
machine learning,False,10-K,10-K,2026-04-01,"CHINA PHARMA HOLDINGS, INC.  (CPHI)  (CIK 0001106644)",ANNUAL REPORT,https://www.sec.gov/Archives/edgar/data/1106644/000121390026038521/ea0283939-10k_china.htm
machine learning,False,DRS,DRS,2025-07-18,Hacker Interstellar Inc.  (CIK 0002070237),,https://www.sec.gov/Archives/edgar/data/2070237/000121390025065347/filename1.htm
machine learning,False,10-K,10-K,2025-02-18,"ENTERGY CORP /DE/  (ETR)  (CIK 0000065984); ENTERGY MISSISSIPPI, LLC  (CIK 0000066901); ENTERGY TEXAS, INC.  (CIK 0001427437); SYSTEM ENERGY RESOURCES, INC  (CIK 0000202584); ENTERGY LOUISIANA, LLC  (CIK 0001348952); ENTERGY ARKANSAS, LLC  (CIK 0000007323); ENTERGY NEW ORLEANS, LLC  (CIK 0000071508)",10-K,https://www.sec.gov/Archives/edgar/data/65984/000006598425000012/etr-20241231.htm
machine learning,False,PREM14A,PREM14A,2025-02-21,"LOGILITY SUPPLY CHAIN SOLUTIONS, INC  (LGTY)  (CIK 0000713425)",PREM 14A,https://www.sec.gov/Archives/edgar/data/713425/000114036125005488/ny20042527x1_prem14a.htm
machine learning,False,S-1/A,S-1/A,2026-07-17,"Banzai International, Inc.  (BNZI, BNZIW)  (CIK 0001826011)",S-1/A,https://www.sec.gov/Archives/edgar/data/1826011/000149315226033806/forms-1a.htm
machine learning,False,F-1/A,F-1/A,2025-12-30,Lytus Technologies Holdings PTV. Ltd.  (LYTHF)  (CIK 0001816319),AMENDMENT NO. 2 TO FORM F-1,https://www.sec.gov/Archives/edgar/data/1816319/000121390025126690/ea0271219-f1a2_lytus.htm
machine learning,False,S-4/A,S-4/A,2026-09-09,InMed Pharmaceuticals Inc.  (INM)  (CIK 0001728328),S-4/A,https://www.sec.gov/Archives/edgar/data/1728328/000119312526386611/d131177ds4a.htm
machine learning,True,8-K,EX-2.1,2026-07-22,BIOLIFE SOLUTIONS INC  (BLFS)  (CIK 0000834365),EX-2.1,https://www.sec.gov/Archives/edgar/data/834365/000162828026049232/exhibit21-projectbeacona.htm
machine learning,False,DEFM14A,DEFM14A,2026-03-31,"SkyWater Technology, Inc  (SKYT)  (CIK 0001819974)",DEFM14A,https://www.sec.gov/Archives/edgar/data/1819974/000119312526134924/d134181ddefm14a.htm
machine learning,False,S-1,S-1,2026-07-16,"Banzai International, Inc.  (BNZI, BNZIW)  (CIK 0001826011)",S-1,https://www.sec.gov/Archives/edgar/data/1826011/000149315226033423/forms-1.htm
machine learning,False,F-1/A,F-1/A,2025-05-08,"rYojbaba Co., Ltd.  (RYOJ)  (CIK 0002012600)",,https://www.sec.gov/Archives/edgar/data/2012600/000164117225009218/formf-1a.htm
machine learning,False,DEFM14A,DEFM14A,2025-03-04,"LOGILITY SUPPLY CHAIN SOLUTIONS, INC  (LGTY)  (CIK 0000713425)",DEFM14A,https://www.sec.gov/Archives/edgar/data/713425/000114036125006872/ny20042527x2_defm14a.htm
machine learning,True,8-K,EX-2.1,2026-07-22,REPLIGEN CORP  (RGEN)  (CIK 0000730272),EX-2.1,https://www.sec.gov/Archives/edgar/data/730272/000119312526311402/d141685dex21.htm
machine learning,True,8-K,EX-2.1,2026-08-18,Datavault AI Inc.  (DVLT)  (CIK 0001682149),EXHIBIT 2.1,https://www.sec.gov/Archives/edgar/data/1682149/000110465926098006/tm2623406d1_ex2-1.htm
machine learning,False,DEF 14A,DEF 14A,2025-03-17,"ASSOCIATED BANC-CORP  (ASB, ASBA, ASB-PE, ASB-PF)  (CIK 0000007789)",DEF 14A,https://www.sec.gov/Archives/edgar/data/7789/000000778925000025/asb-20250315.htm
machine learning,True,8-K,EX-2.1,2025-08-20,LOWES COMPANIES INC  (LOW)  (CIK 0000060667),STOCK PURCHASE AGREEMENT,https://www.sec.gov/Archives/edgar/data/60667/000006066725000162/exhibit2108202025.htm
machine learning,False,F-1,F-1,2025-10-31,Regenique Group Ltd  (CIK 0002063022),REGISTRATION STATEMENT,https://www.sec.gov/Archives/edgar/data/2063022/000121390025104769/ea0235572-08.htm
machine learning,False,10-K,10-K,2025-03-17,"Altus Power, Inc.  (AMPS)  (CIK 0001828723)",10-K,https://www.sec.gov/Archives/edgar/data/1828723/000182872325000010/amps-20241231.htm
machine learning,False,F-1/A,F-1/A,2025-12-10,Lytus Technologies Holdings PTV. Ltd.  (LYTHF)  (CIK 0001816319),AMENDMENT NO. 1 TO FORM F-1,https://www.sec.gov/Archives/edgar/data/1816319/000121390025119900/ea0268870-f1a1_lytus.htm
machine learning,False,424B3,424B3,2026-03-31,Allegiant Travel CO  (ALGT)  (CIK 0001362468),424B3,https://www.sec.gov/Archives/edgar/data/1362468/000114036126012380/ny20065073x5_424b3.htm
machine learning,False,DRS,DRS,2025-04-30,Lytus Technologies Holdings PTV. Ltd.  (LYTHF)  (CIK 0001816319),,https://www.sec.gov/Archives/edgar/data/1816319/000121390025037015/filename1.htm
machine learning,False,F-1/A,F-1/A,2025-04-22,"rYojbaba Co., Ltd.  (RYOJ)  (CIK 0002012600)",,https://www.sec.gov/Archives/edgar/data/2012600/000164117225005742/formf-1a.htm
machine learning,False,20-F,20-F,2026-03-09,Genius Group Ltd  (GNS)  (CIK 0001847806),20-F,https://www.sec.gov/Archives/edgar/data/1847806/000149315226009371/form20-f.htm
machine learning,False,DEFM14A,DEFM14A,2026-04-01,Penumbra Inc  (PEN)  (CIK 0001321732),DEFM14A,https://www.sec.gov/Archives/edgar/data/1321732/000114036126012785/ny20065749x1_defm14a.htm
machine learning,False,S-4,S-4,2026-01-05,"Churchill Capital Corp X/Cayman  (CCCX, CCCXU, CCCXW)  (CIK 0002007825); ColdQuanta, Inc.  (CIK 0001746727)",S-4,https://www.sec.gov/Archives/edgar/data/2007825/000119312526002732/d22517ds4.htm
machine learning,False,POS462C,POS462C,2025-12-11,Regenique Group Ltd  (RGGG)  (CIK 0002063022),REGISTRATION STATEMENT,https://www.sec.gov/Archives/edgar/data/2063022/000121390025120597/ea0235572-09.htm
machine learning,False,S-4,S-4,2026-03-27,Allegiant Travel CO  (ALGT)  (CIK 0001362468),S-4,https://www.sec.gov/Archives/edgar/data/1362468/000114036126011799/ny20065073x3_s4.htm
machine learning,False,424B3,424B3,2026-04-01,BOSTON SCIENTIFIC CORP  (BSX)  (CIK 0000885725),424B3,https://www.sec.gov/Archives/edgar/data/885725/000110465926038549/tm266847-7_424b3.htm
machine learning,False,S-4/A,S-4/A,2026-05-05,"SRx Health Solutions, Inc.  (SRXH)  (CIK 0001471727)",S-4/A,https://www.sec.gov/Archives/edgar/data/1471727/000149315226021307/forms-4a.htm
machine learning,False,DEFM14A,DEFM14A,2026-03-31,"Sun Country Airlines Holdings, Inc.  (SNCY)  (CIK 0001743907)",DEFM14A,https://www.sec.gov/Archives/edgar/data/1743907/000114036126012383/ny20068391x1_defm14a.htm
machine learning,False,S-4/A,S-4/A,2025-05-13,"NorthView Acquisition Corp  (NVAC, NVACR, NVACW)  (CIK 0001859807); PROFUSA, Inc.  (CIK 0001479362)",REGISTRATION STATEMENT,https://www.sec.gov/Archives/edgar/data/1859807/000121390025042224/ea0224454-09.htm
machine learning,False,S-4/A,S-4/A,2025-05-09,"NorthView Acquisition Corp  (NVAC, NVACR, NVACW)  (CIK 0001859807); PROFUSA, Inc.  (CIK 0001479362)",REGISTRATION STATEMENT,https://www.sec.gov/Archives/edgar/data/1859807/000121390025041151/ea0224454-07.htm
machine learning,False,PREM14A,PREM14A,2026-07-24,"Arcosa, Inc.  (ACA)  (CIK 0001739445)",PREM14A,https://www.sec.gov/Archives/edgar/data/1739445/000114036126029608/ny20076790x1_prem14a.htm
machine learning,False,424B3,424B3,2025-05-15,"NorthView Acquisition Corp  (NVAC, NVACR, NVACW)  (CIK 0001859807); PROFUSA, Inc.  (CIK 0001479362)",PROSPECTUS,https://www.sec.gov/Archives/edgar/data/1859807/000121390025044417/ea0224454-11.htm
machine learning,True,6-K,EX-99.1,2025-04-04,"TENARIS SA  (TS, TNRSF)  (CIK 0001190723)",EXHIBIT 99.1,https://www.sec.gov/Archives/edgar/data/1190723/000117184325002035/exh_991.pdf
machine learning,False,DRS/A,DRS/A,2026-08-03,SMART KREATE GROUP Ltd  (CIK 0002124478); Quetta Acquisition Corp  (CIK 0001978528),,https://www.sec.gov/Archives/edgar/data/2124478/000149315226035696/filename1.htm
machine learning,False,DRS,DRS,2026-02-25,Allegiant Travel CO  (ALGT)  (CIK 0001362468),,https://www.sec.gov/Archives/edgar/data/1362468/000114036126006816/filename1.htm
machine learning,False,424B3,424B3,2026-05-07,"SRx Health Solutions, Inc.  (SRXH)  (CIK 0001471727)",424B3,https://www.sec.gov/Archives/edgar/data/1471727/000149315226021743/form424b3.htm
machine learning,False,10-K,10-K,2026-02-25,"FIRST BUSINESS FINANCIAL SERVICES, INC.  (FBIZ)  (CIK 0001521951)",10-K,https://www.sec.gov/Archives/edgar/data/1521951/000119312526071523/fbiz-20251231.htm
machine learning,True,6-K,EX-99.1,2026-03-31,"TENARIS SA  (TS, TNRSF)  (CIK 0001190723)",EXHIBIT 99.1,https://www.sec.gov/Archives/edgar/data/1190723/000117184326002101/exh_991.pdf
machine learning,False,DRS,DRS,2025-10-21,Rose Holdco Pte. Ltd.  (CIK 0002088256); Horizon Quantum Computing Pte. Ltd.  (CIK 0002088257),,https://www.sec.gov/Archives/edgar/data/2088256/000121390025100898/filename1.htm
machine learning,False,425,425,2025-01-13,"Enfusion, Inc.  (ENFN)  (CIK 0001868912); Clearwater Analytics Holdings, Inc.  (CIK 0001866368)",425,https://www.sec.gov/Archives/edgar/data/1868912/000119312525004988/d921635d425.htm
machine learning,False,ARS,ARS,2025-08-08,AB Private Lending Fund  (CIK 0001982701),ARS,https://www.sec.gov/Archives/edgar/data/1982701/000119312525176019/d917621dars.pdf
machine learning,False,F-4/A,F-4/A,2026-01-30,Horizon Quantum Holdings Pte. Ltd.  (HQ)  (CIK 0002088256); Horizon Quantum Computing Pte. Ltd.  (CIK 0002088257),REGISTRATION STATEMENT,https://www.sec.gov/Archives/edgar/data/2088256/000121390026009801/ea0261018-05.htm
machine learning,False,F-4,F-4,2026-01-14,Horizon Quantum Holdings Pte. Ltd.  (CIK 0002088256); Horizon Quantum Computing Pte. Ltd.  (CIK 0002088257),REGISTRATION STATEMENT,https://www.sec.gov/Archives/edgar/data/2088256/000121390026004420/ea0261018-03.htm
machine learning,False,PREM14A,PREM14A,2026-01-21,"AMICUS THERAPEUTICS, INC.  (FOLD)  (CIK 0001178879)",PREM14A,https://www.sec.gov/Archives/edgar/data/1178879/000114036126001852/ny20062454x1_prem14a.htm
machine learning,False,10-K,10-K,2026-02-19,"ENTERGY CORP /DE/  (ETR)  (CIK 0000065984); ENTERGY MISSISSIPPI, LLC  (CIK 0000066901); ENTERGY TEXAS, INC.  (CIK 0001427437); SYSTEM ENERGY RESOURCES, INC  (CIK 0000202584); ENTERGY LOUISIANA, LLC  (CIK 0001348952); ENTERGY ARKANSAS, LLC  (CIK 0000007323); ENTERGY NEW ORLEANS, LLC  (CIK 0000071508)",10-K,https://www.sec.gov/Archives/edgar/data/65984/000006598426000174/etr-20251231.htm
machine learning,False,S-4/A,S-4/A,2025-04-03,"NorthView Acquisition Corp  (NVAC, NVACR, NVACW)  (CIK 0001859807); PROFUSA, Inc.  (CIK 0001479362)",REGISTRATION STATEMENT,https://www.sec.gov/Archives/edgar/data/1859807/000121390025028544/ea0224454-03.htm
machine learning,False,DEFM14A,DEFM14A,2026-08-03,"Arcosa, Inc.  (ACA)  (CIK 0001739445)",DEFM14A,https://www.sec.gov/Archives/edgar/data/1739445/000114036126030551/ny20076790x2_defm14a.htm
machine learning,False,S-4/A,S-4/A,2025-04-28,"NorthView Acquisition Corp  (NVAC, NVACR, NVACW)  (CIK 0001859807); PROFUSA, Inc.  (CIK 0001479362)",REGISTRATION STATEMENT,https://www.sec.gov/Archives/edgar/data/1859807/000121390025035718/ea0224454-05.htm
machine learning,False,S-1,S-1,2025-12-30,Virtuix Holdings Inc.  (CIK 0001606242),REGISTRATION STATEMENT,https://www.sec.gov/Archives/edgar/data/1606242/000121390025126587/ea0251002-06.htm
machine learning,False,S-4/A,S-4/A,2025-01-17,"Windstream Parent, Inc.  (CIK 0002020795)",S-4/A,https://www.sec.gov/Archives/edgar/data/2020795/000110465925004194/tm2412846-23_s4a.htm
machine learning,False,DRS/A,DRS/A,2025-12-09,Virtuix Holdings Inc.  (CIK 0001606242),,https://www.sec.gov/Archives/edgar/data/1606242/000121390025119395/filename1.htm
machine learning,False,424B3,424B3,2026-02-17,Horizon Quantum Holdings Pte. Ltd.  (HQ)  (CIK 0002088256); Horizon Quantum Computing Pte. Ltd.  (CIK 0002088257),PROSPECTUS,https://www.sec.gov/Archives/edgar/data/2088256/000121390026017455/ea0261018-07.htm
machine learning,False,DEFM14A,DEFM14A,2025-02-12,Uniti Group Inc.  (UNIT)  (CIK 0001620280),DEFM14A,https://www.sec.gov/Archives/edgar/data/1620280/000110465925012218/tm2412846-31_defm14a.htm
machine learning,False,DEFM14A,DEFM14A,2026-02-17,"dMY Squared Technology Group, Inc.  (DMYY, DMYYU, DMYYW)  (CIK 0001915380)",PROXY STATEMENT,https://www.sec.gov/Archives/edgar/data/1915380/000121390026017460/ea0277075-01.htm
machine learning,False,S-1,S-1,2025-12-15,"Invea Therapeutics, Inc  (CIK 0001906425)",REGISTRATION STATEMENT,https://www.sec.gov/Archives/edgar/data/1906425/000121390025121387/ea0231890-05.htm
machine learning,False,10-K,10-K,2025-02-24,"Apollo Global Management, Inc.  (APO, APOS, APO-PA)  (CIK 0001858681)",10-K,https://www.sec.gov/Archives/edgar/data/1858681/000185868125000034/apo-20241231.htm
machine learning,False,F-1,F-1,2025-02-24,Skubbs Holdings Ltd  (CIK 0001977251),,https://www.sec.gov/Archives/edgar/data/1977251/000149315225008057/formf-1.htm
machine learning,False,F-1/A,F-1/A,2025-12-04,MEDIAON GROUP INC.  (CIK 0002059702),F-1/A,https://www.sec.gov/Archives/edgar/data/2059702/000149315225026027/formf-1a.htm
machine learning,False,S-4/A,S-4/A,2025-02-07,"Windstream Parent, Inc.  (CIK 0002020795)",S-4/A,https://www.sec.gov/Archives/edgar/data/2020795/000110465925010607/tm2412846-26_s4a.htm
machine learning,False,424B3,424B3,2025-02-12,"Windstream Parent, Inc.  (CIK 0002020795)",424B3,https://www.sec.gov/Archives/edgar/data/2020795/000110465925012213/tm2412846-29_424b3.htm
machine learning,False,DEFM14A,DEFM14A,2026-02-02,"AMICUS THERAPEUTICS, INC.  (FOLD)  (CIK 0001178879)",DEFM14A,https://www.sec.gov/Archives/edgar/data/1178879/000114036126003092/ny20062454x3_defm14a.htm
machine learning,True,SC 13E3/A,EX-99,2026-08-21,Cloopen Group Holding Ltd  (RAASY)  (CIK 0001804583),EX-99,https://www.sec.gov/Archives/edgar/data/1804583/000149315226039546/exa-1.htm
machine learning,False,F-1,F-1,2025-12-03,MEDIAON GROUP INC.  (CIK 0002059702),F-1,https://www.sec.gov/Archives/edgar/data/2059702/000149315225025925/formf-1.htm
machine learning,False,S-4,S-4,2026-08-18,"NEIGHBORHOOD INTELLIGENCE, INC.  (BBBY, BBBY-WT)  (CIK 0001130713)",S-4,https://www.sec.gov/Archives/edgar/data/1130713/000114036126033448/ny20076477x1_s4.htm
machine learning,False,DRS/A,DRS/A,2025-09-11,MEDIAON GROUP INC.  (CIK 0002059702),,https://www.sec.gov/Archives/edgar/data/2059702/000164117225027118/filename1.htm
machine learning,False,DRS/A,DRS/A,2025-05-12,MEDIAON GROUP INC.  (CIK 0002059702),,https://www.sec.gov/Archives/edgar/data/2059702/000164117225009735/filename1.htm
machine learning,False,F-1/A,F-1/A,2026-05-12,Hacker Interstellar Inc.  (CIK 0002070237),REGISTRATION STATEMENT,https://www.sec.gov/Archives/edgar/data/2070237/000121390026054761/ea0243202-10.htm
machine learning,False,S-4/A,S-4/A,2026-07-22,DRC Medicine Inc.  (CIK 0002086412); DRC Medicine Ltd.  (CIK 0002086411),REGISTRATION STATEMENT,https://www.sec.gov/Archives/edgar/data/2086412/000121390026080459/ea0254217-21.htm
machine learning,False,424B4,424B4,2025-04-01,Siddhi Acquisition Corp (Cayman Islands)  (SDHI)  (CIK 0002034037),PROSPECTUS,https://www.sec.gov/Archives/edgar/data/2034037/000121390025027276/ea0211616-11.htm
machine learning,False,DRS,DRS,2025-05-12,MEDIAON GROUP INC.  (CIK 0002059702),,https://www.sec.gov/Archives/edgar/data/2059702/000164117225009555/filename1.htm
machine learning,True,SC 13E3,EX-99,2026-06-02,Cloopen Group Holding Ltd  (RAASY)  (CIK 0001804583),EX-99,https://www.sec.gov/Archives/edgar/data/1804583/000149315226026782/exa-1.htm
machine learning,True,DRS/A,EX-2.1,2026-02-06,"Lincoln International, Inc.  (CIK 0001925283)",,https://www.sec.gov/Archives/edgar/data/1925283/000162827926000087/filename2.htm
machine learning,False,S-4/A,S-4/A,2026-08-03,DRC Medicine Inc.  (CIK 0002086412); DRC Medicine Ltd.  (CIK 0002086411),REGISTRATION STATEMENT,https://www.sec.gov/Archives/edgar/data/2086412/000121390026084576/ea0254217-23.htm
machine learning,False,S-1,S-1,2026-10-01,POP GLOBAL ACQUISITION Ltd  (CIK 0002150455),FORM S-1,https://www.sec.gov/Archives/edgar/data/2150455/000118518526004481/popglobals1080826.htm
machine learning,True,SC 13E3/A,EX-99,2026-08-11,Cloopen Group Holding Ltd  (RAASY)  (CIK 0001804583),EX-99,https://www.sec.gov/Archives/edgar/data/1804583/000149315226036959/exa-1.htm
machine learning,False,S-4,S-4,2026-04-03,"Live Oak Acquisition Corp. V  (LOKV, LOKVU, LOKVW)  (CIK 0002048951); Teamshares Inc.  (CIK 0001783876)",S-4,https://www.sec.gov/Archives/edgar/data/2048951/000119312526141314/d82890ds4.htm
machine learning,True,8-K,EX-2.1,2026-09-18,"Mistras Group, Inc.  (MG)  (CIK 0001436126)",EXHIBIT 2.1,https://www.sec.gov/Archives/edgar/data/1436126/000114036126037107/ef20082419_ex2-1.htm
machine learning,False,S-4/A,S-4/A,2026-07-20,DRC Medicine Inc.  (CIK 0002086412); DRC Medicine Ltd.  (CIK 0002086411),REGISTRATION STATEMENT,https://www.sec.gov/Archives/edgar/data/2086412/000121390026079365/ea0254217-19.htm
machine learning,False,424B3,424B3,2026-08-24,DRC Medicine Inc.  (CIK 0002086412); DRC Medicine Ltd.  (CIK 0002086411),PROSPECTUS,https://www.sec.gov/Archives/edgar/data/2086412/000121390026092781/ea0254217-25.htm
machine learning,False,424B3,424B3,2026-10-01,InMed Pharmaceuticals Inc.  (INM)  (CIK 0001728328),424B3,https://www.sec.gov/Archives/edgar/data/1728328/000119312526410691/d131177d424b3.htm
machine learning,False,DRS,DRS,2026-04-21,NON INVASIVE MONITORING SYSTEMS INC /FL/  (NIMU)  (CIK 0000720762),,https://www.sec.gov/Archives/edgar/data/720762/000149315226018169/filename1.htm
machine learning,False,S-4,S-4,2026-04-28,"Xtend AI Robotics, Inc.  (CIK 0002111860)",S-4,https://www.sec.gov/Archives/edgar/data/2111860/000119312526187219/d121457ds4.htm
machine learning,False,S-4/A,S-4/A,2026-07-24,DRC Medicine Inc.  (CIK 0002086412); DRC Medicine Ltd.  (CIK 0002086411),REGISTRATION STATEMENT,https://www.sec.gov/Archives/edgar/data/2086412/000121390026081440/ea0254217-22.htm
machine learning,False,F-4,F-4,2026-09-03,SMART KREATE GROUP Ltd  (CIK 0002124478); Quetta Acquisition Corp  (CIK 0001978528),F-4,https://www.sec.gov/Archives/edgar/data/2124478/000149315226041291/formf-4.htm
machine learning,True,S-1,EX-2.1,2026-04-24,"Lincoln International, Inc.  (CIK 0001925283)",EX-2.1,https://www.sec.gov/Archives/edgar/data/1925283/000162828026027260/exhibit21-sx1.htm
machine learning,True,8-K,EX-2.1,2025-05-28,Informatica Inc.  (INFA)  (CIK 0001868778),EX-2.1,https://www.sec.gov/Archives/edgar/data/1868778/000119312525128808/d930092dex21.htm
machine learning,False,S-1,S-1,2025-03-07,Siddhi Acquisition Corp (Cayman Islands)  (CIK 0002034037),REGISTRATION STATEMENT,https://www.sec.gov/Archives/edgar/data/2034037/000121390025021782/ea0211616-07.htm
machine learning,False,F-4/A,F-4/A,2026-09-21,SMART KREATE GROUP Ltd  (SKG)  (CIK 0002124478); Quetta Acquisition Corp  (CIK 0001978528),F-4/A,https://www.sec.gov/Archives/edgar/data/2124478/000149315226043597/formf-4a.htm
machine learning,False,ARS,ARS,2026-06-03,"CIRRUS LOGIC, INC.  (CRUS)  (CIK 0000772406)",ARS,https://www.sec.gov/Archives/edgar/data/772406/000077240626000026/fy26formars.pdf
machine learning,False,S-4/A,S-4/A,2026-03-30,BOSTON SCIENTIFIC CORP  (BSX)  (CIK 0000885725),S-4/A,https://www.sec.gov/Archives/edgar/data/885725/000110465926036456/tm266847-3_s4a.htm
machine learning,True,8-K,EX-2.1,2025-09-24,INTEGRAL AD SCIENCE HOLDING CORP.  (IAS)  (CIK 0001842718),EX-2.1,https://www.sec.gov/Archives/edgar/data/1842718/000119312525215824/d26134dex21.htm
machine learning,False,20-F,20-F,2025-08-14,Lytus Technologies Holdings PTV. Ltd.  (LYTHF)  (CIK 0001816319),ANNUAL REPORT,https://www.sec.gov/Archives/edgar/data/1816319/000121390025076810/ea0246081-20f_lytustech.htm
machine learning,True,DEFA14A,EX-2.1,2025-12-30,"DigitalBridge Group, Inc.  (DBRG, DBRG-PH, DBRG-PI, DBRG-PJ)  (CIK 0001679688)",EXHIBIT 2.1,https://www.sec.gov/Archives/edgar/data/1679688/000110465925125222/tm2534410d3_ex2-1.htm
machine learning,True,8-K,EX-2.1,2025-12-30,"DigitalBridge Group, Inc.  (DBRG, DBRG-PH, DBRG-PI, DBRG-PJ)  (CIK 0001679688)",EXHIBIT 2.1,https://www.sec.gov/Archives/edgar/data/1679688/000110465925125221/tm2534410d3_ex2-1.htm
machine learning,False,S-4,S-4,2026-07-21,"Passage BIO, Inc.  (PASG)  (CIK 0001787297)",S-4,https://www.sec.gov/Archives/edgar/data/1787297/000114036126029162/ny20077915x1_s4.htm
machine learning,False,F-1/A,F-1/A,2025-01-28,SAGTEC GLOBAL Ltd  (SAGT)  (CIK 0002029138),REGISTRATION STATEMENT,https://www.sec.gov/Archives/edgar/data/2029138/000121390025007199/ea0211571-06.htm
machine learning,True,6-K,EX-1,2026-02-13,"British American Tobacco p.l.c.  (BTI, BTAFF)  (CIK 0001303523)",EX-1,https://www.sec.gov/Archives/edgar/data/1303523/000130352326000019/ara_uk2025fy.htm
machine learning,False,DRS/A,DRS/A,2025-09-30,Hacker Interstellar Inc.  (CIK 0002070237),,https://www.sec.gov/Archives/edgar/data/2070237/000121390025093682/filename1.htm
machine learning,False,486BPOS,486BPOS,2026-06-25,Invesco Dynamic Credit Opportunity Fund  (CIK 0001860151),486BPOS,https://www.sec.gov/Archives/edgar/data/1860151/000110465926077696/tm2618489d1_486bpos.htm
machine learning,False,425,425,2026-01-05,FLUSHING FINANCIAL CORP  (FFIC)  (CIK 0000923139),425,https://www.sec.gov/Archives/edgar/data/923139/000119312526002461/d80950d425.htm
machine learning,True,6-K,EX-99.1,2026-08-14,Bank of N.T. Butterfield & Son Ltd  (NTB)  (CIK 0001653242),EX-99.1 2026 PROXY STATEMENT,https://www.sec.gov/Archives/edgar/data/1653242/000165324226000083/regal-agmproxycompiled.htm
machine learning,False,DEFM14A,DEFM14A,2026-07-13,"Apogee Therapeutics, Inc.  (APGE)  (CIK 0001974640)",DEFM14A,https://www.sec.gov/Archives/edgar/data/1974640/000114036126028341/ny20076262x2_defm14a.htm
machine learning,False,DRS/A,DRS/A,2025-12-15,Hacker Interstellar Inc.  (CIK 0002070237),,https://www.sec.gov/Archives/edgar/data/2070237/000121390025121402/filename1.htm
machine learning,True,425,EX-2.1,2026-02-26,NCR Atleos Corp  (NATL)  (CIK 0001974138); BRINKS CO  (CIK 0000078890),EXHIBIT 2.1,https://www.sec.gov/Archives/edgar/data/1974138/000110465926020513/tm267399d1_ex2-1.htm
machine learning,False,DEFM14A,DEFM14A,2026-08-20,BIO-TECHNE Corp  (TECH)  (CIK 0000842023),DEFM14A,https://www.sec.gov/Archives/edgar/data/842023/000114036126033911/ny20078105x2_defm14a.htm
machine learning,False,ARS,ARS,2026-03-31,WABASH NATIONAL Corp  (WNC)  (CIK 0000879526),ARS,https://www.sec.gov/Archives/edgar/data/879526/000119312526134608/d22491dars.pdf
machine learning,False,424B3,424B3,2026-03-13,"New ERA Energy & Digital, Inc.  (NUAI, NUAIW)  (CIK 0002028336)",PROSPECTUS SUPPLEMENT,https://www.sec.gov/Archives/edgar/data/2028336/000121390026027683/ea028151502-424b3_newera.htm
machine learning,False,PREM14A,PREM14A,2026-07-02,"Apogee Therapeutics, Inc.  (APGE)  (CIK 0001974640)",PREM14A,https://www.sec.gov/Archives/edgar/data/1974640/000114036126027469/ny20076262x1_prem14a.htm
machine learning,False,F-1,F-1,2026-02-13,Hacker Interstellar Inc.  (CIK 0002070237),REGISTRATION STATEMENT,https://www.sec.gov/Archives/edgar/data/2070237/000121390026015852/ea0243202-08.htm
machine learning,False,DEFM14A,DEFM14A,2026-05-20,SELECT MEDICAL HOLDINGS CORP  (SEM)  (CIK 0001320414),DEFM14A,https://www.sec.gov/Archives/edgar/data/1320414/000110465926064024/tm268269-4_defm14a.htm
machine learning,False,S-4,S-4,2026-02-27,BOSTON SCIENTIFIC CORP  (BSX)  (CIK 0000885725),S-4,https://www.sec.gov/Archives/edgar/data/885725/000110465926021633/tm266847-1_s4.htm
machine learning,False,20-F,20-F,2025-04-15,Cheetah Mobile Inc.  (CMCM)  (CIK 0001597835),20-F,https://www.sec.gov/Archives/edgar/data/1597835/000095017025053935/cmcm-20241231.htm
machine learning,False,PREM14A,PREM14A,2026-08-10,BIO-TECHNE Corp  (TECH)  (CIK 0000842023),PREM14A,https://www.sec.gov/Archives/edgar/data/842023/000114036126032037/ny20078105x1_prem14a.htm
machine learning,False,PREM14A,PREM14A,2025-04-07,"Redwire Corp  (RDW, RDW-WT)  (CIK 0001819810)",PREM14A,https://www.sec.gov/Archives/edgar/data/1819810/000162828025016955/redwire-prem14a.htm
machine learning,False,20-F,20-F,2025-04-30,"Prenetics Global Ltd  (PRE, PRENW)  (CIK 0001876431)",20-F,https://www.sec.gov/Archives/edgar/data/1876431/000162828025021127/pre-20241231.htm
machine learning,False,PRER14A,PRER14A,2026-05-15,SELECT MEDICAL HOLDINGS CORP  (SEM)  (CIK 0001320414),PRER14A,https://www.sec.gov/Archives/edgar/data/1320414/000110465926062205/tm268269-2_prer14a.htm
machine learning,False,20-F,20-F,2025-04-30,Genius Group Ltd  (GNS)  (CIK 0001847806),,https://www.sec.gov/Archives/edgar/data/1847806/000164117225006794/form20-f.htm
machine learning,False,S-4/A,S-4/A,2026-09-03,"Passage BIO, Inc.  (PASG)  (CIK 0001787297)",S-4A,https://www.sec.gov/Archives/edgar/data/1787297/000114036126035517/ny20077915x3_s4a.htm
machine learning,True,8-K,EX-2.1,2026-02-26,NCR Atleos Corp  (NATL)  (CIK 0001974138),EXHIBIT 2.1,https://www.sec.gov/Archives/edgar/data/1974138/000110465926020528/tm267403d1_ex2-1.htm
machine learning,False,424B3,424B3,2026-03-13,"New ERA Energy & Digital, Inc.  (NUAI, NUAIW)  (CIK 0002028336)",PROSPECTUS SUPPLEMENT,https://www.sec.gov/Archives/edgar/data/2028336/000121390026027682/ea028151501-424b3_newera.htm
machine learning,False,425,425,2026-07-22,REPLIGEN CORP  (RGEN)  (CIK 0000730272),425,https://www.sec.gov/Archives/edgar/data/730272/000119312526311411/d141685d425.htm
machine learning,False,10-K,10-K,2026-03-12,"New ERA Energy & Digital, Inc.  (NUAI, NUAIW)  (CIK 0002028336)",ANNUAL REPORT,https://www.sec.gov/Archives/edgar/data/2028336/000121390026026501/ea0276741-10k_newera.htm
machine learning,True,425,EX-2.1,2026-02-26,NCR Atleos Corp  (NATL)  (CIK 0001974138),EXHIBIT 2.1,https://www.sec.gov/Archives/edgar/data/1974138/000110465926020534/tm267403d1_ex2-1.htm
machine learning,False,F-1/A,F-1/A,2026-06-15,Hacker Interstellar Inc.  (SOUD)  (CIK 0002070237),REGISTRATION STATEMENT,https://www.sec.gov/Archives/edgar/data/2070237/000121390026068442/ea0243202-12.htm
machine learning,False,S-4,S-4,2026-07-02,NON INVASIVE MONITORING SYSTEMS INC /FL/  (NIMU)  (CIK 0000720762),S-4,https://www.sec.gov/Archives/edgar/data/720762/000149315226031864/forms-4.htm
machine learning,False,S-4/A,S-4/A,2026-09-21,"Passage BIO, Inc.  (PASG)  (CIK 0001787297)",S-4/A,https://www.sec.gov/Archives/edgar/data/1787297/000114036126037256/ny20077915x5_s4a.htm
machine learning,False,S-4/A,S-4/A,2026-10-05,"Passage BIO, Inc.  (PASG)  (CIK 0001787297)",S-4/A,https://www.sec.gov/Archives/edgar/data/1787297/000114036126038646/ny20077915x8_s4a.htm
machine learning,False,DRS,DRS,2025-02-14,ALUMIS INC.  (ALMS)  (CIK 0001847367),,https://www.sec.gov/Archives/edgar/data/1847367/000110465925013980/filename1.htm
machine learning,False,S-1/A,S-1/A,2026-01-07,"Invea Therapeutics, Inc  (INAI)  (CIK 0001906425)",REGISTRATION STATEMENT,https://www.sec.gov/Archives/edgar/data/1906425/000121390026001947/ea0231890-07.htm
machine learning,False,S-4/A,S-4/A,2026-10-08,"Passage BIO, Inc.  (PASG)  (CIK 0001787297)",S-4/A,https://www.sec.gov/Archives/edgar/data/1787297/000114036126039151/ny20077915x12_s4a.htm
machine learning,False,ARS,ARS,2026-04-22,DocGo Inc.  (DCGO)  (CIK 0001822359),ARS,https://www.sec.gov/Archives/edgar/data/1822359/000121390026046607/ea0285528-04.pdf
machine learning,False,ARS,ARS,2025-08-08,AB Private Credit Investors Corp  (CIK 0001634452),ARS,https://www.sec.gov/Archives/edgar/data/1634452/000119312525176018/d929694dars.pdf
machine learning,False,N-CSR,N-CSR,2026-06-05,Voya FUNDS TRUST  (CIK 0001066602),N-CSR,https://www.sec.gov/Archives/edgar/data/1066602/000110465926070989/tm269275d1_ncsr.htm
machine learning,False,S-1/A,S-1/A,2026-01-23,"Invea Therapeutics, Inc  (INAI)  (CIK 0001906425)",REGISTRATION STATEMENT,https://www.sec.gov/Archives/edgar/data/1906425/000121390026007338/ea0231890-08.htm
machine learning,False,DEFM14A,DEFM14A,2025-05-05,Redfin Corp  (RDFN)  (CIK 0001382821),DEFM14A,https://www.sec.gov/Archives/edgar/data/1382821/000110465925044603/tm2513850-1_defm14a.htm
machine learning,False,424B3,424B3,2025-05-05,"Rocket Companies, Inc.  (RKT)  (CIK 0001805284)",424B3,https://www.sec.gov/Archives/edgar/data/1805284/000110465925044599/tm2511408-7_424b3.htm
machine learning,False,S-4/A,S-4/A,2025-05-01,"Rocket Companies, Inc.  (RKT)  (CIK 0001805284)",S-4/A,https://www.sec.gov/Archives/edgar/data/1805284/000110465925043581/tm2511408-4_s4a.htm
machine learning,False,S-4,S-4,2025-04-07,"Rocket Companies, Inc.  (RKT)  (CIK 0001805284)",S-4,https://www.sec.gov/Archives/edgar/data/1805284/000110465925032694/tm2511408-1_s4.htm
machine learning,False,S-1/A,S-1/A,2026-01-27,"Invea Therapeutics, Inc  (INAI)  (CIK 0001906425)",REGISTRATION STATEMENT,https://www.sec.gov/Archives/edgar/data/1906425/000121390026008321/ea0231890-10.htm
machine learning,False,DEF 14A,DEF 14A,2025-04-04,"Mondelez International, Inc.  (MDLZ)  (CIK 0001103982)",DEF 14A,https://www.sec.gov/Archives/edgar/data/1103982/000110398225000113/mdlz-20250404.htm
machine learning,False,F-1/A,F-1/A,2026-07-02,Hacker Interstellar Inc.  (SOUD)  (CIK 0002070237),REGISTRATION STATEMENT,https://www.sec.gov/Archives/edgar/data/2070237/000121390026074553/ea0243202-15.htm
machine learning,True,8-K,EX-2.1,2026-02-26,BRINKS CO  (BCO)  (CIK 0000078890),EXHIBIT 2.1,https://www.sec.gov/Archives/edgar/data/78890/000110465926020500/tm267399d1_ex2-1.htm
machine learning,False,ARS,ARS,2025-04-24,DocGo Inc.  (DCGO)  (CIK 0001822359),FORM ARS,https://www.sec.gov/Archives/edgar/data/1822359/000121390025035072/ea0237246-02.pdf
machine learning,True,8-K,EX-2.1,2025-12-19,"AMICUS THERAPEUTICS, INC.  (FOLD)  (CIK 0001178879)",EXHIBIT 2.1,https://www.sec.gov/Archives/edgar/data/1178879/000114036125046134/ef20061157_ex2-1.htm
machine learning,False,10-K,10-K,2025-03-04,North Haven Private Income Fund LLC  (PIF)  (CIK 0001851322),10-K,https://www.sec.gov/Archives/edgar/data/1851322/000185132225000023/pif-20241231.htm
machine learning,True,8-K,EX-2.1,2025-12-19,BIOMARIN PHARMACEUTICAL INC  (BMRN)  (CIK 0001048477),EX-2.1,https://www.sec.gov/Archives/edgar/data/1048477/000119312525325856/d49247dex21.htm
machine learning,False,10-K,10-K,2026-04-13,"Datacentrex, Inc.  (DTCX)  (CIK 0001853825)",10-K,https://www.sec.gov/Archives/edgar/data/1853825/000149315226016375/form10-k.htm
machine learning,False,S-4/A,S-4/A,2025-04-02,ALUMIS INC.  (ALMS)  (CIK 0001847367),S-4/A,https://www.sec.gov/Archives/edgar/data/1847367/000110465925031262/tm255940-7_s4a.htm
machine learning,True,8-K,EX-2.1,2025-11-04,DENNY'S Corp  (DENN)  (CIK 0000852772),EX-2.1,https://www.sec.gov/Archives/edgar/data/852772/000119312525263393/d17512dex21.htm
machine learning,False,S-4,S-4,2025-04-21,ALUMIS INC.  (ALMS)  (CIK 0001847367),FORM S-4,https://www.sec.gov/Archives/edgar/data/1847367/000110465925036921/alms-20241231xs4.htm
machine learning,False,PREM14A,PREM14A,2025-07-25,"Inspirato Inc  (ISPO, ISPOW)  (CIK 0001820566)",PREM14A,https://www.sec.gov/Archives/edgar/data/1820566/000182056625000089/ispo-20250725.htm
machine learning,False,424B3,424B3,2026-03-02,Xanadu Quantum Technologies Ltd  (XNDU)  (CIK 0002097163); Xanadu Quantum Technologies Inc.  (CIK 0002097162),PROSPECTUS,https://www.sec.gov/Archives/edgar/data/2097163/000121390026021941/ea0266307-x2.htm
machine learning,False,S-4/A,S-4/A,2026-09-29,InMed Pharmaceuticals Inc.  (INM)  (CIK 0001728328),S-4/A,https://www.sec.gov/Archives/edgar/data/1728328/000119312526407792/d131177ds4a.htm
machine learning,False,S-4,S-4,2026-07-29,Aureus Greenway Holdings Inc  (PUSA)  (CIK 0002009312),S-4,https://www.sec.gov/Archives/edgar/data/2009312/000149315226035181/forms-4.htm
machine learning,False,DRS/A,DRS/A,2026-02-17,"Live Oak Acquisition Corp. V  (LOKV, LOKVU, LOKVW)  (CIK 0002048951); Teamshares Inc.  (CIK 0001783876)",,https://www.sec.gov/Archives/edgar/data/2048951/000119312526054951/filename1.htm
machine learning,False,424B3,424B3,2025-04-04,ALUMIS INC.  (ALMS)  (CIK 0001847367),424B3,https://www.sec.gov/Archives/edgar/data/1847367/000110465925032222/tm255940-10_defm14a.htm
machine learning,False,424B3,424B3,2025-04-23,ALUMIS INC.  (ALMS)  (CIK 0001847367),424B3,https://www.sec.gov/Archives/edgar/data/1847367/000110465925038005/tm2512707-9_424b3.htm
machine learning,False,DEFM14A,DEFM14A,2026-08-26,"Caesars Entertainment, Inc.  (CZR)  (CIK 0001590895)",DEFM14A,https://www.sec.gov/Archives/edgar/data/1590895/000119312526365696/d143368ddefm14a.htm
machine learning,False,DEFR14A,DEFR14A,2025-04-23,"ACELYRIN, Inc.  (SLRN)  (CIK 0001962918)",DEFR14A,https://www.sec.gov/Archives/edgar/data/1962918/000110465925038083/tm2512707-11_defr14a.htm
machine learning,False,DEFM14A,DEFM14A,2025-04-04,"ACELYRIN, Inc.  (SLRN)  (CIK 0001962918)",DEFM14A,https://www.sec.gov/Archives/edgar/data/1962918/000110465925032228/tm255940-11_defm14a.htm
machine learning,False,PREM14A,PREM14A,2025-11-24,SONIM TECHNOLOGIES INC  (SONM)  (CIK 0001178697),PREM14A,https://www.sec.gov/Archives/edgar/data/1178697/000149315225024848/formprem14a.htm
machine learning,False,DEFM14A,DEFM14A,2026-03-02,"Crane Harbor Acquisition Corp.  (CHAC, CHACR, CHACU)  (CIK 0002054174)",PROXY STATEMENT,https://www.sec.gov/Archives/edgar/data/2054174/000121390026021952/ea0266307-x3.htm
machine learning,False,F-4/A,F-4/A,2026-02-23,Xanadu Quantum Technologies Ltd  (XNDU)  (CIK 0002097163); Xanadu Quantum Technologies Inc.  (CIK 0002097162),REGISTRATION STATEMENT,https://www.sec.gov/Archives/edgar/data/2097163/000121390026019023/ea0266307-05.htm
machine learning,False,PRER14A,PRER14A,2025-07-31,"Inspirato Inc  (ISPO, ISPOW)  (CIK 0001820566)",PRER14A,https://www.sec.gov/Archives/edgar/data/1820566/000182056625000097/ispoproxyspecialmeetinga.htm
machine learning,False,S-4/A,S-4/A,2026-08-10,Aureus Greenway Holdings Inc  (PUSA)  (CIK 0002009312),S-4/A,https://www.sec.gov/Archives/edgar/data/2009312/000149315226036713/forms-4a.htm
machine learning,False,DEFM14A,DEFM14A,2025-08-29,"Inspirato Inc  (ISPO, ISPOW)  (CIK 0001820566)",DEFM14A,https://www.sec.gov/Archives/edgar/data/1820566/000182056625000145/ispo-20250829.htm
machine learning,False,PREM14A,PREM14A,2026-08-12,"Caesars Entertainment, Inc.  (CZR)  (CIK 0001590895)",PREM14A,https://www.sec.gov/Archives/edgar/data/1590895/000119312526345336/d143368dprem14a.htm
machine learning,True,6-K,EX-99.1,2025-11-12,"TECK RESOURCES LTD  (TECK, TCKRF)  (CIK 0000886986)",EXHIBIT 99.1,https://www.sec.gov/Archives/edgar/data/886986/000110465925109326/tm2527845d5_ex99-1.pdf
machine learning,False,S-4/A,S-4/A,2026-07-27,NON INVASIVE MONITORING SYSTEMS INC /FL/  (NIMU)  (CIK 0000720762),S-4/A,https://www.sec.gov/Archives/edgar/data/720762/000149315226034666/forms-4a.htm
machine learning,False,DRS/A,DRS/A,2025-02-18,Acco Group Holdings Ltd  (CIK 0002038378),,https://www.sec.gov/Archives/edgar/data/2038378/000121390025014670/filename1.htm
machine learning,False,DEFM14A,DEFM14A,2026-03-27,SILICON LABORATORIES INC.  (SLAB)  (CIK 0001038074),DEFM14A,https://www.sec.gov/Archives/edgar/data/1038074/000119312526128959/d34834ddefm14a.htm
machine learning,False,DRS/A,DRS/A,2025-01-23,Acco Group Holdings Ltd  (CIK 0002038378),,https://www.sec.gov/Archives/edgar/data/2038378/000121390025005869/filename1.htm
machine learning,False,S-4,S-4,2025-03-27,ALUMIS INC.  (ALMS)  (CIK 0001847367),FORM S-4,https://www.sec.gov/Archives/edgar/data/1847367/000110465925028809/tmb-20241231xs4.htm
machine learning,False,F-1/A,F-1/A,2026-09-24,Hacker Interstellar Inc.  (SOUD)  (CIK 0002070237),REGISTRATION STATEMENT,https://www.sec.gov/Archives/edgar/data/2070237/000121390026102806/ea0243202-19.htm
machine learning,False,DEFM14A,DEFM14A,2025-12-05,SONIM TECHNOLOGIES INC  (SONM)  (CIK 0001178697),DEFM14A,https://www.sec.gov/Archives/edgar/data/1178697/000149315225026277/formdefm14a.htm
machine learning,False,F-1,F-1,2025-11-06,Speed Group Holdings Ltd  (CIK 0002047859),REGISTRATION STATEMENT,https://www.sec.gov/Archives/edgar/data/2047859/000121390025107041/ea0227331-07.htm
machine learning,False,PREM14A,PREM14A,2026-03-13,SILICON LABORATORIES INC.  (SLAB)  (CIK 0001038074),PREM14A,https://www.sec.gov/Archives/edgar/data/1038074/000119312526106334/d34834dprem14a.htm
machine learning,False,S-1,S-1,2026-06-05,"Banzai International, Inc.  (BNZI, BNZIW)  (CIK 0001826011)",S-1,https://www.sec.gov/Archives/edgar/data/1826011/000149315226027350/forms-1.htm
machine learning,False,424B3,424B3,2026-09-08,Aureus Greenway Holdings Inc  (PUSA)  (CIK 0002009312),424B3,https://www.sec.gov/Archives/edgar/data/2009312/000149315226041764/form424b3.htm
machine learning,False,10-K,10-K,2026-03-25,AB Private Lending Fund  (CIK 0001982701),10-K,https://www.sec.gov/Archives/edgar/data/1982701/000119312526124286/ck0001982701-20251231.htm
machine learning,False,F-1/A,F-1/A,2026-02-05,Speed Group Holdings Ltd  (SPED)  (CIK 0002047859),REGISTRATION STATEMENT,https://www.sec.gov/Archives/edgar/data/2047859/000121390026012822/ea0227331-09.htm
machine learning,False,20-F,20-F,2025-05-15,SOS Ltd  (SOS)  (CIK 0001346610),ANNUAL REPORT,https://www.sec.gov/Archives/edgar/data/1346610/000121390025044183/ea0240836-20f_soslimited.htm
machine learning,False,DEFM14A,DEFM14A,2025-05-09,Redwire Corp  (RDW)  (CIK 0001819810),DEFM14A,https://www.sec.gov/Archives/edgar/data/1819810/000162828025024322/redwire-defm14a.htm
machine learning,False,F-1/A,F-1/A,2026-03-02,Speed Group Holdings Ltd  (SPED)  (CIK 0002047859),REGISTRATION STATEMENT,https://www.sec.gov/Archives/edgar/data/2047859/000121390026022361/ea0227331-11.htm
machine learning,False,DRS/A,DRS/A,2026-07-28,"Miluna Acquisition Corp  (MMTX, MMTXU, MMTXW)  (CIK 0002077033); CADV Ventures S.A.  (CIK 0002133525)",,https://www.sec.gov/Archives/edgar/data/2077033/000149315226034996/filename1.htm
machine learning,False,DEFM14A,DEFM14A,2026-08-11,Payoneer Global Inc.  (PAYO)  (CIK 0001845815),DEFM14A,https://www.sec.gov/Archives/edgar/data/1845815/000110465926094105/tm2619600-2_defm14a.htm
machine learning,True,SC 13E3,EX-99.(A)(2)(I),2025-09-18,TELUS International (Cda) Inc.  (TIXT)  (CIK 0001825155),EXHIBIT 99.(A)(2)(I),https://www.sec.gov/Archives/edgar/data/1825155/000110465925090959/tm2524150d4_ex99-a2i.htm
machine learning,True,8-K,EX-2.1,2026-10-06,"Option Care Health, Inc.  (OPCH)  (CIK 0001014739)",EXHIBIT 2.1,https://www.sec.gov/Archives/edgar/data/1014739/000110465926113904/tm2627097d1_ex2-1.htm
machine learning,False,DRS/A,DRS/A,2025-01-21,GenEmbryomics Ltd  (CIK 0002038033),,https://www.sec.gov/Archives/edgar/data/2038033/000143774925001417/filename1.htm
machine learning,False,PREM14A,PREM14A,2026-07-31,Payoneer Global Inc.  (PAYO)  (CIK 0001845815),PREM14A,https://www.sec.gov/Archives/edgar/data/1845815/000110465926089247/tm2619600-1_prem14a.htm
machine learning,True,8-K,EX-2.1,2026-06-15,"Fox Corp  (FOX, FOXA)  (CIK 0001754301)",EX-2.1,https://www.sec.gov/Archives/edgar/data/1754301/000119312526271101/d67132dex21.htm
machine learning,False,424B4,424B4,2025-02-06,EPWK Holdings Ltd.  (EPWK)  (CIK 0001900720),FORM 424B4,https://www.sec.gov/Archives/edgar/data/1900720/000157587225000131/vc059_424b4.htm
machine learning,False,DRS/A,DRS/A,2026-08-12,"Miluna Acquisition Corp  (MMTX, MMTXU, MMTXW)  (CIK 0002077033); CADV Ventures S.A.  (CIK 0002133525)",,https://www.sec.gov/Archives/edgar/data/2077033/000149315226037279/filename1.htm
machine learning,False,S-4/A,S-4/A,2026-08-05,OppFi Inc.  (OPFI)  (CIK 0001818502),S-4/A,https://www.sec.gov/Archives/edgar/data/1818502/000119312526335050/d207829ds4a.htm
machine learning,False,10-K,10-K,2025-03-24,"Bitcoin Depot Inc.  (BTM, BTMWW)  (CIK 0001901799)",10-K,https://www.sec.gov/Archives/edgar/data/1901799/000095017025043923/btm-20241231.htm
machine learning,False,20-F,20-F,2026-02-10,"BARCLAYS PLC  (BCS, BCLYF)  (CIK 0000312069)",20-F,https://www.sec.gov/Archives/edgar/data/312069/000031206926000004/bcs-20251231.htm
machine learning,False,DRS,DRS,2025-04-15,ECST Holdings Ltd  (CIK 0002058007),,https://www.sec.gov/Archives/edgar/data/2058007/000164117225004721/filename1.htm
machine learning,False,S-4,S-4,2026-07-27,"OppFi Inc.  (OPFI, OPFI-WT)  (CIK 0001818502)",S-4,https://www.sec.gov/Archives/edgar/data/1818502/000119312526318282/d207829ds4.htm
machine learning,False,424B3,424B3,2026-08-06,OppFi Inc.  (OPFI)  (CIK 0001818502),424B3,https://www.sec.gov/Archives/edgar/data/1818502/000119312526338435/d207829d424b3.htm
machine learning,True,8-K,EX-2.1,2026-06-15,"ROKU, INC  (ROKU)  (CIK 0001428439)",EXHIBIT 2.1,https://www.sec.gov/Archives/edgar/data/1428439/000114036126025115/ef20076172_ex2-1.htm
machine learning,False,20-F,20-F,2025-04-01,POET TECHNOLOGIES INC.  (POET)  (CIK 0001437424),,https://www.sec.gov/Archives/edgar/data/1437424/000164117225002143/form20-f.htm
machine learning,False,424B3,424B3,2025-05-21,"RadNet, Inc.  (RDNT)  (CIK 0000790526)",AMENDMENT NO. 1 TO FORM S-4,https://www.sec.gov/Archives/edgar/data/790526/000168316825003926/radnet_424b3.htm
machine learning,False,DRS,DRS,2026-05-15,"Miluna Acquisition Corp  (MMTX, MMTXU, MMTXW)  (CIK 0002077033); CADV Ventures S.A.  (CIK 0002133525)",,https://www.sec.gov/Archives/edgar/data/2077033/000149315226023268/filename1.htm
machine learning,False,10-K,10-K,2026-03-04,LGAM Private Credit LLC  (CIK 0001983514),10-K,https://www.sec.gov/Archives/edgar/data/1983514/000119312526091583/ck0001983514-20251231.htm
machine learning,False,S-4/A,S-4/A,2025-05-19,"RadNet, Inc.  (RDNT)  (CIK 0000790526)",AMENDMENT NO. 1 TO FORM S-4,https://www.sec.gov/Archives/edgar/data/790526/000168316825003842/radnet_s4a1.htm
machine learning,False,F-1/A,F-1/A,2026-02-13,Zi Yun Dong Fang Ltd  (YLY)  (CIK 0002053115),F-1/A,https://www.sec.gov/Archives/edgar/data/2053115/000149315226006663/formf-1a.htm
machine learning,False,DRS/A,DRS/A,2025-06-20,ECST Holdings Ltd  (CIK 0002058007),,https://www.sec.gov/Archives/edgar/data/2058007/000164117225015718/filename1.htm
machine learning,False,PREM14A,PREM14A,2025-06-17,"AvidXchange Holdings, Inc.  (AVDX)  (CIK 0001858257)",PREM14A,https://www.sec.gov/Archives/edgar/data/1858257/000114036125022843/ny20049415x1_prem14a.htm
machine learning,False,S-4,S-4,2025-05-06,"RadNet, Inc.  (RDNT)  (CIK 0000790526)",REGISTRATION STATEMENT,https://www.sec.gov/Archives/edgar/data/790526/000168316825003180/radnet_s4.htm
machine learning,False,DRS/A,DRS/A,2025-06-16,ECST Holdings Ltd  (CIK 0002058007),,https://www.sec.gov/Archives/edgar/data/2058007/000164117225015201/filename1.htm
machine learning,False,PRER14A,PRER14A,2025-08-06,"AvidXchange Holdings, Inc.  (AVDX)  (CIK 0001858257)",PRER14A,https://www.sec.gov/Archives/edgar/data/1858257/000114036125029156/ny20049415x6_prer14a.htm
machine learning,False,S-1,S-1,2026-09-09,"Securetech Innovations, Inc.  (SCTH)  (CIK 0001703157)",S-1,https://www.sec.gov/Archives/edgar/data/1703157/000101738626000136/scth_forms1.htm
machine learning,False,424B3,424B3,2026-05-06,"Cartesian Growth Corp III  (CGCT, CGCTU, CGCTW)  (CIK 0002049662); Factorial Inc.  (CIK 0001788013)",424B3,https://www.sec.gov/Archives/edgar/data/2049662/000110465926056342/tm264324-14_424b3.htm
machine learning,False,F-1/A,F-1/A,2025-12-03,Zi Yun Dong Fang Ltd  (YLY)  (CIK 0002053115),F-1/A,https://www.sec.gov/Archives/edgar/data/2053115/000149315225025933/formf-1a.htm
machine learning,False,F-1/A,F-1/A,2026-02-27,Zi Yun Dong Fang Ltd  (YLY)  (CIK 0002053115),F-1/A,https://www.sec.gov/Archives/edgar/data/2053115/000149315226008288/formf-1a.htm
machine learning,False,PRER14A,PRER14A,2025-07-16,"AvidXchange Holdings, Inc.  (AVDX)  (CIK 0001858257)",PRER14A,https://www.sec.gov/Archives/edgar/data/1858257/000114036125026034/ny20049415x4_prer14a.htm
machine learning,False,DRS,DRS,2025-12-18,"Live Oak Acquisition Corp. V  (LOKV, LOKVU, LOKVW)  (CIK 0002048951); Teamshares Inc.  (CIK 0001783876)",,https://www.sec.gov/Archives/edgar/data/2048951/000119312525324751/filename1.htm
machine learning,False,10-K,10-K,2025-02-27,DocGo Inc.  (DCGO)  (CIK 0001822359),10-K,https://www.sec.gov/Archives/edgar/data/1822359/000182235925000018/dcgo-20241231.htm
machine learning,False,10-K,10-K,2026-03-16,DocGo Inc.  (DCGO)  (CIK 0001822359),10-K,https://www.sec.gov/Archives/edgar/data/1822359/000162828026018214/dcgo-20251231.htm
machine learning,False,F-1/A,F-1/A,2026-01-30,Lytus Technologies Holdings PTV. Ltd.  (LYTHF)  (CIK 0001816319),AMENDMENT NO. 3 TO FORM F-1,https://www.sec.gov/Archives/edgar/data/1816319/000121390026010368/ea0274555-f1a3_lytus.htm
machine learning,False,F-1/A,F-1/A,2025-09-12,Zi Yun Dong Fang Ltd  (YLY)  (CIK 0002053115),F-1/A,https://www.sec.gov/Archives/edgar/data/2053115/000149315225013216/formf-1a.htm
machine learning,False,DEFM14A,DEFM14A,2025-05-21,ICAD INC  (ICAD)  (CIK 0000749660),,https://www.sec.gov/Archives/edgar/data/749660/000119380525000705/e664531_defm14a-icad.htm
machine learning,False,DRS/A,DRS/A,2025-05-30,ECST Holdings Ltd  (CIK 0002058007),,https://www.sec.gov/Archives/edgar/data/2058007/000164117225012970/filename1.htm
machine learning,False,F-1/A,F-1/A,2025-10-01,Zi Yun Dong Fang Ltd  (YLY)  (CIK 0002053115),F-1/A,https://www.sec.gov/Archives/edgar/data/2053115/000149315225016425/formf-1a.htm
ChatGPT,False,10-K,10-K,2025-03-31,Asset Entities Inc.  (ASST)  (CIK 0001920406),ANNUAL REPORT,https://www.sec.gov/Archives/edgar/data/1920406/000121390025026431/ea0235693-10k_assetenti.htm
ChatGPT,False,10-K,10-K,2026-03-06,Jet.AI Inc.  (JTAI)  (CIK 0001861622),10-K,https://www.sec.gov/Archives/edgar/data/1861622/000149315226009165/form10-k.htm
ChatGPT,False,10-K,10-K,2025-03-26,Jet.AI Inc.  (JTAI)  (CIK 0001861622),,https://www.sec.gov/Archives/edgar/data/1861622/000164117225000794/form10-k.htm
ChatGPT,False,S-1,S-1,2025-12-01,Jet.AI Inc.  (JTAI)  (CIK 0001861622),S-1,https://www.sec.gov/Archives/edgar/data/1861622/000149315225025591/forms-1.htm
ChatGPT,False,DRS,DRS,2025-07-21,Jet.AI Inc.  (JTAI)  (CIK 0001861622),,https://www.sec.gov/Archives/edgar/data/1861622/000164117225020326/filename1.htm
ChatGPT,False,S-1,S-1,2025-04-15,"Innventure, Inc.  (INV, INVLW)  (CIK 0002001557)",S-1,https://www.sec.gov/Archives/edgar/data/2001557/000162828025017890/innv-20250415.htm
ChatGPT,False,424B3,424B3,2025-04-23,"Innventure, Inc.  (INV, INVLW)  (CIK 0002001557)",424B3,https://www.sec.gov/Archives/edgar/data/2001557/000162828025019358/innventureinc-424b3xsx1.htm
ChatGPT,False,F-1/A,F-1/A,2025-02-19,SAGTEC GLOBAL Ltd  (SAGT)  (CIK 0002029138),REGISTRATION STATEMENT,https://www.sec.gov/Archives/edgar/data/2029138/000121390025015247/ea0211571-09.htm
ChatGPT,False,424B4,424B4,2025-03-07,SAGTEC GLOBAL Ltd  (SAGT)  (CIK 0002029138),PROSPECTUS,https://www.sec.gov/Archives/edgar/data/2029138/000121390025021563/ea0211571-11.htm
ChatGPT,False,DRS,DRS,2025-06-27,Asset Entities Inc.  (ASST)  (CIK 0001920406),,https://www.sec.gov/Archives/edgar/data/1920406/000121390025059108/filename1.htm
ChatGPT,False,S-4/A,S-4/A,2026-09-23,"Blockfusion Digital Infrastructure, Inc.  (BLDC)  (CIK 0002097508); Blockfusion USA, Inc.  (CIK 0001910992)",FORM S-4/A,https://www.sec.gov/Archives/edgar/data/2097508/000118518526004213/bldcs4a4091826.htm
ChatGPT,False,424B3,424B3,2025-08-22,Asset Entities Inc.  (ASST)  (CIK 0001920406),PROSPECTUS,https://www.sec.gov/Archives/edgar/data/1920406/000121390025079987/ea0247055-04.htm
ChatGPT,False,S-4,S-4,2025-08-06,Asset Entities Inc.  (ASST)  (CIK 0001920406),REGISTRATION STATEMENT,https://www.sec.gov/Archives/edgar/data/1920406/000121390025072246/ea0247055-02.htm
ChatGPT,False,DRS/A,DRS/A,2025-07-24,"TG-17, Inc.  (CIK 0001756064)",,https://www.sec.gov/Archives/edgar/data/1756064/000164117225020757/filename1.htm
ChatGPT,False,S-1,S-1,2026-02-04,"XCel Brands, Inc.  (XELB)  (CIK 0001083220)",S-1,https://www.sec.gov/Archives/edgar/data/1083220/000110465926010353/xelb-20250930xs1.htm
ChatGPT,False,ARS,ARS,2025-04-16,JUNIPER NETWORKS INC  (JNPR)  (CIK 0001043604),ARS,https://www.sec.gov/Archives/edgar/data/1043604/000110465925035496/tm253471d2_ars.pdf
ChatGPT,False,DRS/A,DRS/A,2025-09-08,"TG-17, Inc.  (CIK 0001756064)",,https://www.sec.gov/Archives/edgar/data/1756064/000164117225026799/filename1.htm
ChatGPT,False,DRS/A,DRS/A,2026-02-12,Nuclea Energy Inc.  (CIK 0002101996),,https://www.sec.gov/Archives/edgar/data/2101996/000121390026015081/filename1.htm
ChatGPT,False,DRS/A,DRS/A,2026-03-02,Nuclea Energy Inc.  (CIK 0002101996),,https://www.sec.gov/Archives/edgar/data/2101996/000121390026022369/filename1.htm
ChatGPT,False,S-4/A,S-4/A,2026-02-09,"Blockfusion Data Centers, Inc.  (BLDC)  (CIK 0002097508); Blockfusion USA, Inc.  (CIK 0001910992)",FORM S-4/A1,https://www.sec.gov/Archives/edgar/data/2097508/000118518526000445/bldcs4a1020426.htm
ChatGPT,False,POS AM,POS AM,2025-04-15,"Innventure, Inc.  (INV, INVLW)  (CIK 0002001557)",POS AM,https://www.sec.gov/Archives/edgar/data/2001557/000162828025017889/innv-20250415.htm
ChatGPT,False,S-4/A,S-4/A,2026-06-30,"Blockfusion Digital Infrastructure, Inc.  (BLDC)  (CIK 0002097508); Blockfusion USA, Inc.  (CIK 0001910992)",FORM S-4/A,https://www.sec.gov/Archives/edgar/data/2097508/000118518526002745/bldcs4a3061126.htm
ChatGPT,False,10-K,10-K,2025-03-14,"Hancock Park Corporate Income, Inc.  (CIK 0001661306)",10-K,https://www.sec.gov/Archives/edgar/data/1661306/000166130625000013/hpci-20241231.htm
ChatGPT,True,8-K,EX-2.1,2026-01-06,Mobileye Global Inc.  (MBLY)  (CIK 0001910139),EXHIBIT 2.1,https://www.sec.gov/Archives/edgar/data/1910139/000110465926001340/tm261864d1_ex2-1.htm
ChatGPT,True,CB,EX-99.1,2025-11-04,MAGIC SOFTWARE ENTERPRISES LTD  (MGIC)  (CIK 0000876779); Matrix I.T. Ltd.  (CIK 0002093979),EXHIBIT 99.1,https://www.sec.gov/Archives/edgar/data/876779/000095010325014243/dp236802_ex9901.htm
ChatGPT,False,S-4/A,S-4/A,2026-05-01,"Blockfusion Data Centers, Inc.  (BLDC)  (CIK 0002097508); Blockfusion USA, Inc.  (CIK 0001910992)",FORM S-4/A,https://www.sec.gov/Archives/edgar/data/2097508/000118518526001689/bldcs4a2031726.htm
ChatGPT,False,F-1,F-1,2025-10-31,Regenique Group Ltd  (CIK 0002063022),REGISTRATION STATEMENT,https://www.sec.gov/Archives/edgar/data/2063022/000121390025104769/ea0235572-08.htm
ChatGPT,False,POS462C,POS462C,2025-12-11,Regenique Group Ltd  (RGGG)  (CIK 0002063022),REGISTRATION STATEMENT,https://www.sec.gov/Archives/edgar/data/2063022/000121390025120597/ea0235572-09.htm
ChatGPT,False,DRS/A,DRS/A,2026-03-18,Nuclea Energy Inc.  (CIK 0002101996),,https://www.sec.gov/Archives/edgar/data/2101996/000121390026029274/filename1.htm
ChatGPT,False,S-4,S-4,2025-12-08,"Blockfusion Data Centers, Inc.  (CIK 0002097508); Blockfusion USA, Inc.  (CIK 0001910992)",FORM S-4,https://www.sec.gov/Archives/edgar/data/2097508/000118518525001952/blockfusions4110825.htm
ChatGPT,False,S-1,S-1,2025-10-07,"TG-17, Inc.  (CIK 0001756064)",S-1,https://www.sec.gov/Archives/edgar/data/1756064/000149315225017274/forms-1.htm
ChatGPT,False,424B4,424B4,2026-02-03,"TG-17, Inc.  (CIK 0001756064)",424B4,https://www.sec.gov/Archives/edgar/data/1756064/000149315226004930/form424b4.htm
ChatGPT,False,S-1/A,S-1/A,2026-01-29,"TG-17, Inc.  (CIK 0001756064)",S-1/A,https://www.sec.gov/Archives/edgar/data/1756064/000149315226004108/forms-1a.htm
ChatGPT,False,F-1/A,F-1/A,2025-01-28,SAGTEC GLOBAL Ltd  (SAGT)  (CIK 0002029138),REGISTRATION STATEMENT,https://www.sec.gov/Archives/edgar/data/2029138/000121390025007199/ea0211571-06.htm
ChatGPT,False,S-1/A,S-1/A,2026-01-27,"TG-17, Inc.  (CIK 0001756064)",S-1/A,https://www.sec.gov/Archives/edgar/data/1756064/000149315226003834/forms-1a.htm
ChatGPT,False,S-1/A,S-1/A,2025-11-12,"TG-17, Inc.  (CIK 0001756064)",S-1/A,https://www.sec.gov/Archives/edgar/data/1756064/000149315225021730/forms-1a.htm
ChatGPT,False,S-4,S-4,2026-05-14,"McCarthy Finney, Inc.  (CIK 0002131882)",FORM S-4,https://www.sec.gov/Archives/edgar/data/2131882/000168316826003921/mccarthyfinney_s4.htm
ChatGPT,False,S-1/A,S-1/A,2025-11-26,"TG-17, Inc.  (CIK 0001756064)",S-1/A,https://www.sec.gov/Archives/edgar/data/1756064/000149315225025181/forms-1a.htm
ChatGPT,False,ARS,ARS,2025-10-10,"XTI Aerospace, Inc.  (XTIA)  (CIK 0001529113)",ARS,https://www.sec.gov/Archives/edgar/data/1529113/000121390025098161/ea0258097-01.pdf
ChatGPT,False,F-1,F-1,2026-04-13,Nuclea Energy Inc.  (CIK 0002101996),REGISTRATION STATEMENT,https://www.sec.gov/Archives/edgar/data/2101996/000121390026042714/ea0270043-09.htm
ChatGPT,False,DEFM14A,DEFM14A,2026-08-11,AUDDIA INC.  (AUUD)  (CIK 0001554818),DEFINITIVE PROXY RELATING TO MERGER,https://www.sec.gov/Archives/edgar/data/1554818/000168316826006211/auddia_defm14a.htm
ChatGPT,False,S-1/A,S-1/A,2025-12-22,"TG-17, Inc.  (CIK 0001756064)",S-1/A,https://www.sec.gov/Archives/edgar/data/1756064/000149315225028852/forms-1a.htm
ChatGPT,False,F-1/A,F-1/A,2026-04-29,Nuclea Energy Inc.  (NCLA)  (CIK 0002101996),REGISTRATION STATEMENT,https://www.sec.gov/Archives/edgar/data/2101996/000121390026049394/ea0270043-12.htm
ChatGPT,False,F-1/A,F-1/A,2026-05-14,Nuclea Energy Inc.  (NCLA)  (CIK 0002101996),REGISTRATION STATEMENT,https://www.sec.gov/Archives/edgar/data/2101996/000121390026056075/ea0270043-14.htm
ChatGPT,False,DRS/A,DRS/A,2025-07-03,MEDIAON GROUP INC.  (CIK 0002059702),,https://www.sec.gov/Archives/edgar/data/2059702/000164117225017771/filename1.htm
ChatGPT,False,S-1/A,S-1/A,2026-01-23,"TG-17, Inc.  (CIK 0001756064)",S-1/A,https://www.sec.gov/Archives/edgar/data/1756064/000149315226003351/forms-1a.htm
ChatGPT,False,S-4/A,S-4/A,2026-07-10,"McCarthy Finney, Inc.  (MCFN)  (CIK 0002131882)",FORM S-4 AMENDMENT 2,https://www.sec.gov/Archives/edgar/data/2131882/000168316826005430/mccarthy_s4a2.htm
ChatGPT,False,F-4/A,F-4/A,2025-03-04,GIBO HOLDINGS Ltd  (GIBO)  (CIK 0002034520); Global IBO Group Ltd.  (CIK 0002034047),,https://www.sec.gov/Archives/edgar/data/2034520/000149315225008960/formf-4a.htm
ChatGPT,False,S-1/A,S-1/A,2025-02-03,"Soluna Holdings, Inc  (SLNH, SLNHP)  (CIK 0000064463)",,https://www.sec.gov/Archives/edgar/data/64463/000149315225004555/forms-1a.htm
ChatGPT,False,DEFM14A,DEFM14A,2025-03-12,"Bukit Jalil Global Acquisition 1 Ltd.  (BUJA, BUJAR, BUJAU, BUJAW)  (CIK 0001956055)",DEFM14A,https://www.sec.gov/Archives/edgar/data/1956055/000192998025000118/buja_defm14a.htm
ChatGPT,False,424B3,424B3,2026-08-11,"McCarthy Finney, Inc.  (MCFN)  (CIK 0002131882)",FORM 424B3,https://www.sec.gov/Archives/edgar/data/2131882/000168316826006208/mccarthy_424b3.htm
ChatGPT,False,S-1/A,S-1/A,2026-01-12,"TG-17, Inc.  (CIK 0001756064)",S-1/A,https://www.sec.gov/Archives/edgar/data/1756064/000149315226001260/forms-1a.htm
ChatGPT,False,DEFM14A,DEFM14A,2026-08-11,"McCarthy Finney, Inc.  (MCFN)  (CIK 0002131882)",DEFINITIVE PROXY RELATING TO MERGER,https://www.sec.gov/Archives/edgar/data/2131882/000168316826006207/mccarthy_defm14a.htm
ChatGPT,False,S-4/A,S-4/A,2026-06-18,"McCarthy Finney, Inc.  (MCFN)  (CIK 0002131882)",AMENDMENT NO. 1 TO FORM S-4,https://www.sec.gov/Archives/edgar/data/2131882/000168316826004950/mccarthy_s4a1.htm
ChatGPT,False,S-4/A,S-4/A,2026-07-29,"McCarthy Finney, Inc.  (MCFN)  (CIK 0002131882)",FORM S-4 AMENDMENT NO. 3,https://www.sec.gov/Archives/edgar/data/2131882/000168316826005815/mccarthy_s4a3.htm
ChatGPT,False,DRS/A,DRS/A,2025-01-31,GIBO HOLDINGS Ltd  (CIK 0002034520); Global IBO Group Ltd.  (CIK 0002034047),,https://www.sec.gov/Archives/edgar/data/2034520/000149315225004484/filename1.htm
ChatGPT,False,F-4,F-4,2025-02-25,GIBO HOLDINGS Ltd  (CIK 0002034520); Global IBO Group Ltd.  (CIK 0002034047),,https://www.sec.gov/Archives/edgar/data/2034520/000149315225008143/formf-4.htm
ChatGPT,False,424B3,424B3,2025-02-05,"Soluna Holdings, Inc  (SLNH, SLNHP)  (CIK 0000064463)",,https://www.sec.gov/Archives/edgar/data/64463/000149315225005030/form424b3.htm
ChatGPT,False,424B3,424B3,2025-03-12,GIBO HOLDINGS Ltd  (GIBO)  (CIK 0002034520); Global IBO Group Ltd.  (CIK 0002034047),,https://www.sec.gov/Archives/edgar/data/2034520/000149315225009992/form424b3.htm
ChatGPT,False,F-1/A,F-1/A,2026-07-01,Nuclea Energy Inc.  (NCLA)  (CIK 0002101996),REGISTRATION STATEMENT,https://www.sec.gov/Archives/edgar/data/2101996/000121390026074008/ea0270043-20.htm
ChatGPT,False,F-1/A,F-1/A,2026-06-09,Nuclea Energy Inc.  (NCLA)  (CIK 0002101996),REGISTRATION STATEMENT,https://www.sec.gov/Archives/edgar/data/2101996/000121390026066889/ea0270043-16.htm
ChatGPT,False,F-1/A,F-1/A,2026-06-16,Nuclea Energy Inc.  (NCLA)  (CIK 0002101996),REGISTRATION STATEMENT,https://www.sec.gov/Archives/edgar/data/2101996/000121390026069326/ea0270043-17.htm
ChatGPT,False,10-K,10-K,2025-04-15,"XTI Aerospace, Inc.  (XTIA)  (CIK 0001529113)",ANNUAL REPORT,https://www.sec.gov/Archives/edgar/data/1529113/000121390025032213/ea0235307-10k_xtiaerospace.htm
ChatGPT,False,F-1/A,F-1/A,2026-05-13,MEDIAON GROUP INC.  (CIK 0002059702),F-1/A,https://www.sec.gov/Archives/edgar/data/2059702/000149315226022550/formf-1a.htm
ChatGPT,False,424B3,424B3,2025-05-20,"ServiceNow, Inc.  (NOW)  (CIK 0001373715)",424B3,https://www.sec.gov/Archives/edgar/data/1373715/000119312525123177/d210236d424b3.htm
ChatGPT,False,S-4/A,S-4/A,2025-05-13,"ServiceNow, Inc.  (NOW)  (CIK 0001373715)",S-4/A,https://www.sec.gov/Archives/edgar/data/1373715/000119312525118914/d210236ds4a.htm
ChatGPT,False,S-4,S-4,2025-04-23,"ServiceNow, Inc.  (NOW)  (CIK 0001373715)",S-4,https://www.sec.gov/Archives/edgar/data/1373715/000119312525091451/d210236ds4.htm
ChatGPT,False,20-F,20-F,2026-03-17,"Baidu, Inc.  (BIDU, BAIDF)  (CIK 0001329099)",FORM 20-F,https://www.sec.gov/Archives/edgar/data/1329099/000119312526109289/d38065d20f.htm
ChatGPT,False,20-F,20-F,2025-03-28,"Baidu, Inc.  (BIDU, BAIDF)  (CIK 0001329099)",FORM 20-F,https://www.sec.gov/Archives/edgar/data/1329099/000119312525066199/d853848d20f.htm
ChatGPT,False,F-1/A,F-1/A,2025-12-04,MEDIAON GROUP INC.  (CIK 0002059702),F-1/A,https://www.sec.gov/Archives/edgar/data/2059702/000149315225026027/formf-1a.htm
ChatGPT,False,PREM14C,PREM14C,2026-08-12,"DOMO, INC.  (DOMO)  (CIK 0001505952)",PREM14C,https://www.sec.gov/Archives/edgar/data/1505952/000110465926094949/tm2621515-1_prem14c.htm
ChatGPT,False,F-1,F-1,2025-12-03,MEDIAON GROUP INC.  (CIK 0002059702),F-1,https://www.sec.gov/Archives/edgar/data/2059702/000149315225025925/formf-1.htm
ChatGPT,False,DRS/A,DRS/A,2025-09-11,MEDIAON GROUP INC.  (CIK 0002059702),,https://www.sec.gov/Archives/edgar/data/2059702/000164117225027118/filename1.htm
ChatGPT,False,424B3,424B3,2025-04-23,"Innventure, Inc.  (INV, INVLW)  (CIK 0002001557)",424B3,https://www.sec.gov/Archives/edgar/data/2001557/000162828025019356/innventureinc424b3posam-20.htm
ChatGPT,False,DEFM14C,DEFM14C,2026-08-24,"DOMO, INC.  (DOMO)  (CIK 0001505952)",DEFM14C,https://www.sec.gov/Archives/edgar/data/1505952/000110465926099866/tm2621515-3_defm14c.htm
ChatGPT,False,S-1,S-1,2025-10-23,"Innventure, Inc.  (INV, INVLW)  (CIK 0002001557)",S-1,https://www.sec.gov/Archives/edgar/data/2001557/000114036125039085/ny20057508x1_s1.htm
ChatGPT,True,6-K,EX-99.1,2026-03-17,"Baidu, Inc.  (BIDU, BAIDF)  (CIK 0001329099)",EX-99.1,https://www.sec.gov/Archives/edgar/data/1329099/000119312526110843/d34060dex991.pdf
ChatGPT,False,DRS/A,DRS/A,2025-01-17,Xdata Group  (CIK 0002038688); OU XDATA GROUP  (CIK 0002045727),,https://www.sec.gov/Archives/edgar/data/2038688/000149315225002707/filename1.htm
ChatGPT,False,DRS/A,DRS/A,2025-02-10,Xdata Group  (CIK 0002038688); OU XDATA GROUP  (CIK 0002045727),,https://www.sec.gov/Archives/edgar/data/2038688/000149315225005626/filename1.htm
ChatGPT,False,DRS/A,DRS/A,2025-02-28,Xdata Group  (CIK 0002038688); OU XDATA GROUP  (CIK 0002045727),,https://www.sec.gov/Archives/edgar/data/2038688/000149315225008701/filename1.htm
ChatGPT,False,S-4,S-4,2025-04-24,Avalon GloboCare Corp.  (ALBT)  (CIK 0001630212),REGISTRATION STATEMENT,https://www.sec.gov/Archives/edgar/data/1630212/000121390025035157/ea0238798-s4_avalon.htm
ChatGPT,False,F-4,F-4,2025-03-17,Xdata Group  (CIK 0002038688); OU XDATA GROUP  (CIK 0002045727),,https://www.sec.gov/Archives/edgar/data/2038688/000149315225010574/formf-4.htm
ChatGPT,False,POS AM,POS AM,2026-05-21,Xdata Group  (CIK 0002038688); OU XDATA GROUP  (CIK 0002045727),POS AM,https://www.sec.gov/Archives/edgar/data/2038688/000149315226024783/formposam.htm
ChatGPT,False,POS AM,POS AM,2026-03-26,OU XDATA GROUP  (CIK 0002045727),POS AM,https://www.sec.gov/Archives/edgar/data/2045727/000149315226012874/formposam.htm
ChatGPT,False,PRE 14A,PRE 14A,2025-03-28,"Alpha Star Acquisition Corp  (ALSAF, ALSTF, ALSUF, ALSWF)  (CIK 0001865111)",,https://www.sec.gov/Archives/edgar/data/1865111/000164117225001110/formpre14a.htm
ChatGPT,False,POS AM,POS AM,2026-03-26,Xdata Group  (CIK 0002038688),POS AM,https://www.sec.gov/Archives/edgar/data/2038688/000149315226012861/formposam.htm
ChatGPT,False,DEF 14A,DEF 14A,2025-04-07,"Alpha Star Acquisition Corp  (ALSAF, ALSTF, ALSUF, ALSWF)  (CIK 0001865111)",,https://www.sec.gov/Archives/edgar/data/1865111/000164117225002937/formdef14a.htm
ChatGPT,False,POS AM,POS AM,2026-02-17,Xdata Group  (CIK 0002038688),POS AM,https://www.sec.gov/Archives/edgar/data/2038688/000149315226007053/formposam.htm
ChatGPT,False,424B3,424B3,2025-04-04,Xdata Group  (XDT)  (CIK 0002038688),,https://www.sec.gov/Archives/edgar/data/2038688/000164117225002688/form424b3.htm
ChatGPT,False,424B3,424B3,2026-05-29,Xdata Group  (CIK 0002038688),424B3,https://www.sec.gov/Archives/edgar/data/2038688/000149315226026300/form424b3.htm
ChatGPT,False,DEF 14A,DEF 14A,2026-05-29,"Alpha Star Acquisition Corp  (ALSAF, ALSTF, ALSUF, ALSWF)  (CIK 0001865111)",DEF 14A,https://www.sec.gov/Archives/edgar/data/1865111/000149315226026329/formdef14a.htm
ChatGPT,False,S-4/A,S-4/A,2025-06-10,Avalon GloboCare Corp.  (ALBT)  (CIK 0001630212),AMENDMENT NO. 1 TO FORM S-4,https://www.sec.gov/Archives/edgar/data/1630212/000121390025052779/ea0245032-s4a1_avalon.htm
ChatGPT,False,S-4/A,S-4/A,2025-02-11,"AlphaVest Acquisition Corp.  (ATMV, ATMVR, ATMVU)  (CIK 0001937891); AMC Corp  (CIK 0002044018)",,https://www.sec.gov/Archives/edgar/data/1937891/000149315225005711/forms-4a.htm
ChatGPT,False,424B3,424B3,2025-08-18,AMC Corp  (CIK 0002044018),424B3,https://www.sec.gov/Archives/edgar/data/2044018/000164117225024570/form-424b3.htm
ChatGPT,False,S-4/A,S-4/A,2025-04-30,"AlphaVest Acquisition Corp.  (ATMV, ATMVR, ATMVU)  (CIK 0001937891); AMC Corp  (CIK 0002044018)",,https://www.sec.gov/Archives/edgar/data/1937891/000164117225006740/forms-4a.htm
ChatGPT,False,S-4/A,S-4/A,2025-04-16,IGTA Merger Sub Ltd  (PRGY)  (CIK 0001997698),REGISTRATION STATEMENT,https://www.sec.gov/Archives/edgar/data/1997698/000121390025032515/ea0201720-23.htm
ChatGPT,False,S-4/A,S-4/A,2025-08-11,"AlphaVest Acquisition Corp.  (ATMV, ATMVR, ATMVU)  (CIK 0001937891); AMC Corp  (CIK 0002044018)",S-4/A,https://www.sec.gov/Archives/edgar/data/1937891/000164117225022894/forms-4a.htm
ChatGPT,False,S-4/A,S-4/A,2025-06-27,"AlphaVest Acquisition Corp.  (ATMV, ATMVR, ATMVU)  (CIK 0001937891); AMC Corp  (CIK 0002044018)",S-4/A,https://www.sec.gov/Archives/edgar/data/1937891/000164117225016803/forms-4a.htm
ChatGPT,False,424B3,424B3,2025-08-12,"AlphaVest Acquisition Corp.  (ATMV, ATMVR, ATMVU)  (CIK 0001937891)",424B3,https://www.sec.gov/Archives/edgar/data/1937891/000164117225023104/form-424b3.htm
ChatGPT,False,S-4/A,S-4/A,2025-07-17,"AlphaVest Acquisition Corp.  (ATMV, ATMVR, ATMVU)  (CIK 0001937891); AMC Corp  (CIK 0002044018)",S-4/A,https://www.sec.gov/Archives/edgar/data/1937891/000164117225019939/forms-4a.htm
ChatGPT,False,S-4/A,S-4/A,2025-08-04,"AlphaVest Acquisition Corp.  (ATMV, ATMVR, ATMVU)  (CIK 0001937891); AMC Corp  (CIK 0002044018)",S-4/A,https://www.sec.gov/Archives/edgar/data/1937891/000164117225022054/forms-4a.htm
ChatGPT,False,S-4/A,S-4/A,2025-04-25,"AlphaVest Acquisition Corp.  (ATMV, ATMVR, ATMVU)  (CIK 0001937891); AMC Corp  (CIK 0002044018)",,https://www.sec.gov/Archives/edgar/data/1937891/000164117225006051/forms-4a.htm
ChatGPT,False,S-4/A,S-4/A,2025-01-15,IGTA Merger Sub Ltd  (PRGY)  (CIK 0001997698),REGISTRATION STATEMENT,https://www.sec.gov/Archives/edgar/data/1997698/000121390025003864/ea0201720-17.htm
ChatGPT,False,S-4/A,S-4/A,2025-05-07,IGTA Merger Sub Ltd  (PRGY)  (CIK 0001997698),REGISTRATION STATEMENT,https://www.sec.gov/Archives/edgar/data/1997698/000121390025040649/ea0201720-25.htm
ChatGPT,False,S-4/A,S-4/A,2025-03-28,IGTA Merger Sub Ltd  (PRGY)  (CIK 0001997698),REGISTRATION STATEMENT,https://www.sec.gov/Archives/edgar/data/1997698/000101376225004113/ea0201720-21.htm
ChatGPT,False,424B3,424B3,2025-05-27,IGTA Merger Sub Ltd  (PRGY)  (CIK 0001997698),PROSPECTUS,https://www.sec.gov/Archives/edgar/data/1997698/000121390025047841/ea0201720-27.htm
ChatGPT,False,S-4/A,S-4/A,2025-02-06,IGTA Merger Sub Ltd  (PRGY)  (CIK 0001997698),REGISTRATION STATEMENT,https://www.sec.gov/Archives/edgar/data/1997698/000121390025010968/ea0201720-19.htm
ChatGPT,False,DEFM14A,DEFM14A,2025-05-27,"Inception Growth Acquisition Ltd  (IGTA, IGTAR, IGTAU, IGTAW)  (CIK 0001866838)",PROXY STATEMENT,https://www.sec.gov/Archives/edgar/data/1866838/000121390025047847/ea0243490-01.htm
ChatGPT,False,S-4/A,S-4/A,2025-05-12,"AlphaVest Acquisition Corp.  (ATMV, ATMVR, ATMVU)  (CIK 0001937891); AMC Corp  (CIK 0002044018)",S-4/A,https://www.sec.gov/Archives/edgar/data/1937891/000164117225009530/forms-4a.htm
ChatGPT,False,S-4,S-4,2026-05-05,"ATII Holdings Inc.  (CIK 0002101833); FORGE NANO, INC.  (CIK 0001719324)",S-4,https://www.sec.gov/Archives/edgar/data/2101833/000110465926055717/none-20260505xs4.htm
ChatGPT,False,S-4/A,S-4/A,2026-06-22,"ATII Holdings Inc.  (NANO)  (CIK 0002101833); FORGE NANO, INC.  (CIK 0001719324)",S-4/A,https://www.sec.gov/Archives/edgar/data/2101833/000110465926076467/none-20260618xs4a.htm
ChatGPT,False,S-4/A,S-4/A,2026-09-02,"ATII Holdings Inc.  (NANO)  (CIK 0002101833); FORGE NANO, INC.  (CIK 0001719324)",S-4/A,https://www.sec.gov/Archives/edgar/data/2101833/000110465926104734/none-20260902xs4a.htm
ChatGPT,False,DEFM14A,DEFM14A,2026-09-24,"Archimedes Tech SPAC Partners II Co.  (ATII, ATIIU, ATIIW)  (CIK 0002028516)",DEFM14A,https://www.sec.gov/Archives/edgar/data/2028516/000110465926110234/tm2624841-1_defm14a.htm
ChatGPT,False,S-4/A,S-4/A,2026-07-24,"ATII Holdings Inc.  (NANO)  (CIK 0002101833); FORGE NANO, INC.  (CIK 0001719324)",S-4/A,https://www.sec.gov/Archives/edgar/data/2101833/000110465926086700/none-20260724xs4a.htm
ChatGPT,False,424B3,424B3,2026-09-24,"ATII Holdings Inc.  (NANO)  (CIK 0002101833); FORGE NANO, INC.  (CIK 0001719324)",424B3,https://www.sec.gov/Archives/edgar/data/2101833/000110465926110231/tm264900-25_424b3.htm
ChatGPT,False,S-4/A,S-4/A,2026-09-15,"ATII Holdings Inc.  (NANO)  (CIK 0002101833); FORGE NANO, INC.  (CIK 0001719324)",S-4/A,https://www.sec.gov/Archives/edgar/data/2101833/000110465926107980/none-20260915xs4a.htm
Copilot,False,DEF 14A,DEF 14A,2026-08-28,PROCTER & GAMBLE Co  (PG)  (CIK 0000080424),DEF 14A,https://www.sec.gov/Archives/edgar/data/80424/000119312526372211/pg-20260826.htm
Copilot,False,N-CSR,N-CSR,2026-01-05,AIM EQUITY FUNDS (INVESCO EQUITY FUNDS)  (CIK 0000105377),10312025 AEF NCSR,https://www.sec.gov/Archives/edgar/data/105377/000119312526001672/8de4c393f8822e4.htm
Copilot,True,SC 13E3/A,EX-99.(A)-(1),2026-08-26,"Perfect Corp.  (PERF, PERFF)  (CIK 0001899830)",EXHIBIT (A)-(1),https://www.sec.gov/Archives/edgar/data/1899830/000110465926101025/tm2623859d1_ex99-a1.htm
Copilot,True,SC 13E3,EX-99.(A)-(1),2026-07-31,"Perfect Corp.  (PERF, PERFF)  (CIK 0001899830)",EXHIBIT (A)-(1),https://www.sec.gov/Archives/edgar/data/1899830/000110465926089222/tm2621676d1_ex99-a1.htm
Copilot,False,424B3,424B3,2026-07-09,"Rome Wildlife, Inc.  (CIK 0002136387)",424B3,https://www.sec.gov/Archives/edgar/data/2136387/000110465926082273/tm2615804-7_424b3.htm
Copilot,False,S-4/A,S-4/A,2026-07-07,"Rome Wildlife, Inc.  (CIK 0002136387)",S-4/A,https://www.sec.gov/Archives/edgar/data/2136387/000110465926081350/none-20260424xs4a.htm
Copilot,False,S-4,S-4,2026-06-12,"Rome Wildlife, Inc.  (CIK 0002136387)",S-4,https://www.sec.gov/Archives/edgar/data/2136387/000110465926073581/tm2615804-1_s4.htm
Copilot,False,425,425,2026-07-09,"RE/MAX Holdings, Inc.  (RMAX)  (CIK 0001581091); Real Brokerage Inc  (CIK 0001862461)",425,https://www.sec.gov/Archives/edgar/data/1581091/000110465926082298/tm2615804-10_425.htm
Copilot,False,DEFM14A,DEFM14A,2026-07-09,"RE/MAX Holdings, Inc.  (RMAX)  (CIK 0001581091)",DEFM14A,https://www.sec.gov/Archives/edgar/data/1581091/000110465926082291/tm2620002-1_defm14a.htm
Copilot,True,6-K,EX-99.1,2026-07-10,Real Brokerage Inc  (REAX)  (CIK 0001862461),EXHIBIT 99.1,https://www.sec.gov/Archives/edgar/data/1862461/000110465926082445/tm2615804d9_ex99-1.htm
Copilot,True,CB,EX-99.1,2025-11-04,MAGIC SOFTWARE ENTERPRISES LTD  (MGIC)  (CIK 0000876779); Matrix I.T. Ltd.  (CIK 0002093979),EXHIBIT 99.1,https://www.sec.gov/Archives/edgar/data/876779/000095010325014243/dp236802_ex9901.htm
Copilot,True,8-K,EX-2.1,2026-01-06,Mobileye Global Inc.  (MBLY)  (CIK 0001910139),EXHIBIT 2.1,https://www.sec.gov/Archives/edgar/data/1910139/000110465926001340/tm261864d1_ex2-1.htm
Copilot,False,20-F,20-F,2026-03-13,"PEARSON PLC  (PSO, PSORF)  (CIK 0000938323)",20-F,https://www.sec.gov/Archives/edgar/data/938323/000119312526104945/d33885d20f.htm
Copilot,False,PREM14C,PREM14C,2026-08-12,"DOMO, INC.  (DOMO)  (CIK 0001505952)",PREM14C,https://www.sec.gov/Archives/edgar/data/1505952/000110465926094949/tm2621515-1_prem14c.htm
Copilot,False,DEFM14C,DEFM14C,2026-08-24,"DOMO, INC.  (DOMO)  (CIK 0001505952)",DEFM14C,https://www.sec.gov/Archives/edgar/data/1505952/000110465926099866/tm2621515-3_defm14c.htm
Copilot,False,20-F,20-F,2026-02-10,"BARCLAYS PLC  (BCS, BCLYF)  (CIK 0000312069)",20-F,https://www.sec.gov/Archives/edgar/data/312069/000031206926000004/bcs-20251231.htm
Copilot,False,S-4/A,S-4/A,2025-02-11,"AlphaVest Acquisition Corp.  (ATMV, ATMVR, ATMVU)  (CIK 0001937891); AMC Corp  (CIK 0002044018)",,https://www.sec.gov/Archives/edgar/data/1937891/000149315225005711/forms-4a.htm
Copilot,False,S-4/A,S-4/A,2025-06-27,"AlphaVest Acquisition Corp.  (ATMV, ATMVR, ATMVU)  (CIK 0001937891); AMC Corp  (CIK 0002044018)",S-4/A,https://www.sec.gov/Archives/edgar/data/1937891/000164117225016803/forms-4a.htm
Copilot,False,S-4/A,S-4/A,2025-04-30,"AlphaVest Acquisition Corp.  (ATMV, ATMVR, ATMVU)  (CIK 0001937891); AMC Corp  (CIK 0002044018)",,https://www.sec.gov/Archives/edgar/data/1937891/000164117225006740/forms-4a.htm
Copilot,False,S-4/A,S-4/A,2025-08-11,"AlphaVest Acquisition Corp.  (ATMV, ATMVR, ATMVU)  (CIK 0001937891); AMC Corp  (CIK 0002044018)",S-4/A,https://www.sec.gov/Archives/edgar/data/1937891/000164117225022894/forms-4a.htm
Copilot,False,424B3,424B3,2025-08-18,AMC Corp  (CIK 0002044018),424B3,https://www.sec.gov/Archives/edgar/data/2044018/000164117225024570/form-424b3.htm
Copilot,False,424B3,424B3,2025-08-12,"AlphaVest Acquisition Corp.  (ATMV, ATMVR, ATMVU)  (CIK 0001937891)",424B3,https://www.sec.gov/Archives/edgar/data/1937891/000164117225023104/form-424b3.htm
Copilot,False,S-4/A,S-4/A,2025-04-25,"AlphaVest Acquisition Corp.  (ATMV, ATMVR, ATMVU)  (CIK 0001937891); AMC Corp  (CIK 0002044018)",,https://www.sec.gov/Archives/edgar/data/1937891/000164117225006051/forms-4a.htm
Copilot,False,S-4/A,S-4/A,2025-07-17,"AlphaVest Acquisition Corp.  (ATMV, ATMVR, ATMVU)  (CIK 0001937891); AMC Corp  (CIK 0002044018)",S-4/A,https://www.sec.gov/Archives/edgar/data/1937891/000164117225019939/forms-4a.htm
Copilot,False,S-4/A,S-4/A,2025-08-04,"AlphaVest Acquisition Corp.  (ATMV, ATMVR, ATMVU)  (CIK 0001937891); AMC Corp  (CIK 0002044018)",S-4/A,https://www.sec.gov/Archives/edgar/data/1937891/000164117225022054/forms-4a.htm
Copilot,False,S-4/A,S-4/A,2025-05-12,"AlphaVest Acquisition Corp.  (ATMV, ATMVR, ATMVU)  (CIK 0001937891); AMC Corp  (CIK 0002044018)",S-4/A,https://www.sec.gov/Archives/edgar/data/1937891/000164117225009530/forms-4a.htm
